episode,reward,steps,epsilon,avg_loss,elapsed_sec
1,0.0,152,0.99928275,0.0,0.1
2,0.0,288,0.99863675,0.0,0.2
3,0.0,423,0.9979955,0.0,0.3
4,0.0,552,0.99738275,0.0,0.4
5,2.0,756,0.99641375,0.0,0.6
6,1.0,937,0.995554,0.0,0.7
7,1.0,1106,0.99475125,0.0,0.8
8,0.0,1245,0.994091,0.0,0.9
9,1.0,1431,0.9932075,0.0,1.1
10,1.0,1589,0.992457,0.0,1.2
11,0.0,1721,0.99183,0.0,1.3
12,1.0,1882,0.99106525,0.0,1.5
13,2.0,2119,0.9899395,0.0,1.7
14,2.0,2344,0.98887075,0.0,1.9
15,1.0,2526,0.98800625,0.0,2.1
16,0.0,2665,0.987346,0.0,2.2
17,1.0,2833,0.986548,0.0,2.4
18,0.0,2963,0.9859305,0.0,2.5
19,1.0,3144,0.98507075,0.0,2.7
20,2.0,3350,0.98409225,0.0,2.9
21,2.0,3578,0.98300925,0.0,3.2
22,0.0,3713,0.982368,0.0,3.3
23,2.0,3922,0.98137525,0.0,3.6
24,1.0,4091,0.9805725,0.0,3.8
25,2.0,4302,0.97957025,0.0,4.0
26,2.0,4528,0.97849675,0.0,4.2
27,1.0,4697,0.977694,0.0,4.4
28,2.0,4914,0.97666325,0.0,4.6
29,2.0,5112,0.97572275,0.0024680668227353305,8.0
30,1.0,5276,0.97494375,0.002754085264530481,12.0
31,2.0,5500,0.97387975,0.002945110613781919,17.2
32,0.0,5630,0.97326225,0.0027132675965241596,20.8
33,1.0,5813,0.972393,0.003105429658826523,26.6
34,0.0,5946,0.97176125,0.0027235384101599387,30.6
35,1.0,6130,0.97088725,0.002800430565817242,36.3
36,2.0,6351,0.9698375,0.0021186064325155714,43.7
37,0.0,6494,0.96915825,0.002941950567602462,48.1
38,3.0,6751,0.9679375,0.003220118373375665,57.1
39,2.0,6958,0.96695425,0.0033798725941382155,64.5
40,1.0,7140,0.96608975,0.0035141717089941468,70.5
41,0.0,7272,0.96546275,0.0032988515048407753,74.7
42,3.0,7513,0.964318,0.00329509359178331,82.8
43,1.0,7690,0.96347725,0.0033433858933982407,88.5
44,2.0,7883,0.9625605,0.003389766925604092,95.6
45,0.0,8024,0.96189075,0.0036444138516373565,100.3
46,4.0,8325,0.960461,0.003916931472743626,110.2
47,2.0,8550,0.9593922500000001,0.003640497586449985,117.4
48,2.0,8769,0.958352,0.0038390805617095733,124.9
49,1.0,8927,0.9576015,0.002992333811280217,129.7
50,3.0,9190,0.95635225,0.00311799453454318,137.6
51,1.0,9379,0.9554545,0.0020457390870389992,143.2
52,2.0,9581,0.954495,0.0019451280059789803,149.9
53,1.0,9764,0.95362575,0.002448821831600727,155.4
54,3.0,10057,0.952234,0.0018076758254523802,165.0
55,4.0,10341,0.950885,0.0017730424801043164,174.5
56,2.0,10581,0.949745,0.0016277643496740287,182.1
57,1.0,10760,0.94889475,0.0011786392111521537,187.8
58,1.0,10920,0.94813475,0.0010511239545564876,193.7
59,0.0,11063,0.9474555,0.0015694106134449268,198.4
60,0.0,11201,0.9468,0.001183148771090508,203.2
61,0.0,11342,0.94613025,0.0017039959804722147,207.6
62,2.0,11551,0.9451375,0.0010878631929486392,214.2
63,0.0,11681,0.94452,0.0013550793682183071,218.6
64,0.0,11819,0.9438645,0.0008309956903521315,223.1
65,0.0,11948,0.9432517499999999,0.0006824253453508623,227.1
66,0.0,12088,0.94258675,0.0015847492710366038,231.7
67,1.0,12263,0.9417555,0.0014906205554455353,237.7
68,1.0,12418,0.94101925,0.0012707302166276233,243.0
69,1.0,12576,0.94026875,0.0006541307063539707,248.1
70,0.0,12720,0.93958475,0.0008436916598447573,253.2
71,4.0,12998,0.93826425,0.0007031667495303743,262.3
72,0.0,13148,0.93755175,0.001614902911472503,267.2
73,2.0,13356,0.93656375,0.0011112883083753261,274.5
74,0.0,13490,0.93592725,0.0006837834710447861,278.7
75,2.0,13699,0.9349345,0.0006602003540307672,286.5
76,2.0,13907,0.9339465,0.0006613054661145795,293.0
77,0.0,14037,0.933329,0.001107283379357026,297.1
78,2.0,14268,0.93223175,0.001065981073543889,304.9
79,2.0,14482,0.93121525,0.0006920941704877711,312.0
80,1.0,14670,0.93032225,0.0008658038512420078,321.3
81,0.0,14816,0.92962875,0.000813848843080612,326.5
82,1.0,14989,0.9288069999999999,0.0006099600807466373,333.7
83,0.0,15120,0.92818475,0.0015579647264641733,338.2
84,1.0,15316,0.92725375,0.0009389460607257651,345.0
85,0.0,15450,0.9266172500000001,0.0009007870837208362,349.4
86,2.0,15659,0.9256245,0.0004551408866764482,357.0
87,0.0,15827,0.9248265,0.0007570769043111016,362.9
88,2.0,16038,0.92382425,0.0008585345059529391,369.9
89,0.0,16166,0.9232162500000001,0.0014404491150799004,374.6
90,1.0,16370,0.92224725,0.0006806790665102787,381.3
91,1.0,16527,0.9215015,0.0007472755698043932,386.7
92,1.0,16710,0.92063225,0.0006765930157335226,392.8
93,0.0,16839,0.9200195,0.00055452949920944,397.2
94,1.0,17002,0.91924525,0.00051063626652967,402.5
95,3.0,17262,0.91801025,0.0013304505374365434,410.8
96,0.0,17405,0.917331,0.0012107106556906691,416.3
97,1.0,17590,0.91645225,0.0008574719103725747,422.3
98,0.0,17728,0.9157967499999999,0.0007643578371336342,426.7
99,2.0,17922,0.91487525,0.0008228294743285287,433.4
100,1.0,18084,0.91410575,0.0011247141958813666,438.9
101,1.0,18264,0.91325075,0.001408876663178186,445.0
102,1.0,18423,0.9124955,0.0011706947126019814,450.6
103,0.0,18566,0.91181625,0.0009311547929409263,455.4
104,2.0,18771,0.9108425,0.0006572935789136398,462.4
105,2.0,19004,0.90973575,0.0009051309124527393,470.1
106,0.0,19157,0.909009,0.001644342864060461,475.9
107,0.0,19298,0.90833925,0.001440260832426873,480.8
108,1.0,19466,0.90754125,0.00114846041281323,486.3
109,0.0,19606,0.90687625,0.0011889853235386128,490.9
110,2.0,19800,0.90595475,0.0006182102163142396,497.0
111,0.0,19948,0.90525175,0.0006953021478005434,501.8
112,2.0,20149,0.904297,0.0012617211005768033,508.3
113,2.0,20353,0.903328,0.0008171128893973576,515.6
114,1.0,20522,0.9025252500000001,0.0008099424278538553,521.1
115,2.0,20732,0.90152775,0.0006404728529776635,527.9
116,4.0,21062,0.89996025,0.0010585893790255685,539.2
117,2.0,21284,0.89890575,0.0013812740107168138,546.8
118,1.0,21457,0.898084,0.0010053078318494196,552.4
119,3.0,21718,0.89684425,0.0011393649264429902,561.1
120,1.0,21890,0.89602725,0.001135227320615783,566.7
121,0.0,22053,0.895253,0.001116430842764197,572.2
122,0.0,22193,0.894588,0.002066070070733466,577.4
123,1.0,22368,0.89375675,0.0017647608996984284,583.3
124,3.0,22647,0.8924315,0.001258194918509975,593.9
125,0.0,22772,0.89183775,0.0010100580820580944,598.0
126,3.0,22990,0.89080225,0.0010190217546067189,605.2
127,3.0,23243,0.8896005,0.0017895838624789478,613.6
128,0.0,23370,0.88899725,0.0017881765988573806,618.2
129,0.0,23511,0.8883275,0.001522679361064773,622.9
130,1.0,23686,0.88749625,0.0013346239171888946,628.9
131,3.0,23927,0.8863515,0.0008882118580238295,637.1
132,1.0,24107,0.8854965,0.0015687138429711922,643.0
133,1.0,24292,0.88461775,0.0016158081683160335,649.2
134,0.0,24441,0.88391,0.0020239985095385476,654.4
135,1.0,24608,0.88311675,0.0015096964782419682,659.9
136,3.0,24889,0.8817820000000001,0.0011218239786724802,669.0
137,3.0,25164,0.88047575,0.0014346152362784117,678.6
138,2.0,25359,0.8795495,0.001630352420780139,686.0
139,0.0,25495,0.8789035000000001,0.0012600061359347926,691.0
140,0.0,25635,0.8782385,0.0007737735085226762,695.9
141,1.0,25811,0.8774025,0.0008361529280178233,702.2
142,7.0,26208,0.87551675,0.0013296446766167989,715.1
143,2.0,26418,0.87451925,0.0014818830319979627,722.0
144,0.0,26560,0.87384475,0.000987535908869074,726.5
145,3.0,26836,0.87253375,0.0013146447479917645,735.3
146,1.0,27027,0.8716265,0.0013768157033150386,741.8
147,1.0,27204,0.87078575,0.0018302127845124289,747.6
148,1.0,27370,0.8699972499999999,0.001897909682726555,753.0
149,1.0,27528,0.8692467500000001,0.001502220778150596,758.2
150,3.0,27812,0.86789775,0.0013121107247212088,767.3
151,3.0,28052,0.86675775,0.0012985159991937205,775.1
152,0.0,28184,0.86613075,0.0016627794472945177,779.5
153,3.0,28427,0.8649765,0.001628075341872273,787.5
154,1.0,28595,0.8641785,0.001664955972002991,793.8
155,2.0,28802,0.86319525,0.0012823519985734795,800.4
156,3.0,29072,0.86191275,0.0019189974117411852,809.0
157,0.0,29213,0.861243,0.0020229217659513605,813.8
158,4.0,29510,0.85983225,0.001812878459697293,823.7
159,1.0,29689,0.858982,0.0017169128702878666,829.4
160,5.0,30021,0.857405,0.0011439998025346003,839.9
161,2.0,30227,0.8564265,0.0019974892886804227,846.6
162,1.0,30402,0.85559525,0.0018942011272468206,852.4
163,3.0,30686,0.85424625,0.00160152516813033,861.5
164,1.0,30871,0.8533675000000001,0.0013380249245627154,867.5
165,0.0,31005,0.852731,0.0012992259375394822,871.8
166,0.0,31135,0.8521135,0.001923313195584342,876.0
167,2.0,31335,0.8511635,0.001904028714998276,882.3
168,0.0,31482,0.8504652500000001,0.001432115524899544,887.1
169,1.0,31678,0.84953425,0.0011471347517021504,893.3
170,0.0,31835,0.8487885,0.001122382860569577,898.3
171,1.0,32015,0.8479335,0.0012229705364815244,904.2
172,0.0,32146,0.84731125,0.0021317662620776554,908.4
173,3.0,32414,0.84603825,0.001648993158379375,917.3
174,3.0,32672,0.84481275,0.0014770721431569803,925.5
175,1.0,32856,0.84393875,0.0013718031328291704,931.4
176,3.0,33090,0.84282725,0.001783242199045574,938.9
177,0.0,33223,0.8421955,0.0017396603033464767,943.2
178,2.0,33435,0.8411885,0.0018221299867705828,950.0
179,3.0,33676,0.84004375,0.0015528051119710268,957.8
180,2.0,33891,0.8390225,0.001834922734523452,965.0
181,1.0,34045,0.838291,0.0017761434015459623,970.0
182,4.0,34335,0.8369135,0.0019364760277375322,979.7
183,3.0,34599,0.8356595,0.0018040780121902405,988.5
184,4.0,34889,0.834282,0.0018385523886034459,998.6
185,4.0,35179,0.8329045,0.0023100616786717277,1008.2
186,3.0,35436,0.83168375,0.002488435608319438,1017.0
187,2.0,35640,0.8307147500000001,0.0023468079492814987,1023.9
188,4.0,35931,0.8293325,0.002006030914732143,1034.8
189,1.0,36123,0.8284205,0.0030618796533114314,1041.5
190,3.0,36412,0.82704775,0.0026420175746827675,1052.1
191,1.0,36565,0.826321,0.002796103781792244,1057.7
192,5.0,36867,0.8248865000000001,0.002446912563466066,1068.9
193,0.0,37018,0.82416925,0.0024994702162436946,1074.1
194,1.0,37189,0.823357,0.0032941196706113324,1079.8
195,3.0,37447,0.8221315,0.002491182767557767,1088.0
196,1.0,37606,0.82137625,0.0028298798018302064,1093.1
197,2.0,37807,0.8204215,0.002426543590133148,1099.5
198,4.0,38103,0.8190155,0.0028602887342040542,1108.9
199,2.0,38315,0.8180085,0.0030449615181357827,1115.6
200,4.0,38624,0.81654075,0.002765134744655829,1125.4
201,3.0,38870,0.81537225,0.0025630536479960627,1133.1
202,2.0,39102,0.81427025,0.0030374843974704134,1140.6
203,2.0,39341,0.8131349999999999,0.002985595808526166,1148.4
204,4.0,39609,0.8118620000000001,0.0028384341612899566,1156.8
205,5.0,39959,0.8101995,0.002957868249920596,1168.0
206,2.0,40160,0.80924475,0.003450732172260626,1174.6
207,2.0,40362,0.80828525,0.003249744741744039,1181.1
208,2.0,40595,0.8071785,0.003075171494107022,1188.5
209,2.0,40800,0.80620475,0.0033989692025920147,1195.2
210,1.0,40977,0.805364,0.0030885649622039144,1200.9
211,1.0,41160,0.80449475,0.0038180006957419543,1206.8
212,7.0,41581,0.802495,0.0032636125276424874,1220.5
213,4.0,41875,0.8010985,0.003227850879807038,1230.1
214,2.0,42072,0.80016275,0.0033805223145205432,1236.4
215,2.0,42269,0.799227,0.003631605949609772,1242.7
216,4.0,42553,0.797878,0.003424204815659528,1251.9
217,3.0,42788,0.79676175,0.003031061416333343,1259.7
218,1.0,42954,0.79597325,0.002940875111310462,1265.2
219,3.0,43237,0.794629,0.0038608883451193227,1274.5
220,5.0,43553,0.793128,0.003308497049515666,1284.8
221,2.0,43746,0.79221125,0.0032804013833697943,1291.2
222,2.0,43974,0.79112825,0.0032446486326526817,1298.6
223,5.0,44313,0.7895179999999999,0.004040587212338186,1309.6
224,4.0,44636,0.78798375,0.003377472871161951,1320.2
225,6.0,45002,0.78624525,0.003368513028695925,1332.1
226,1.0,45165,0.785471,0.004513933991104867,1337.5
227,3.0,45418,0.78426925,0.004318818338620274,1346.0
228,7.0,45666,0.78309125,0.0038986996721266016,1354.1
229,2.0,45866,0.78214125,0.0036140507069649173,1360.7
230,3.0,46120,0.78093475,0.004314337504613323,1369.0
231,2.0,46320,0.77998475,0.0053440861246781424,1375.7
232,0.0,46446,0.7793862500000001,0.004462198112233882,1379.9
233,0.0,46569,0.778802,0.004098483630573392,1384.0
234,3.0,46799,0.7777095,0.004235854293675284,1392.1
235,1.0,46978,0.77685925,0.004236851486523099,1398.7
236,3.0,47212,0.7757477500000001,0.0065972736969980225,1406.9
237,5.0,47511,0.7743275000000001,0.00570933039714411,1417.0
238,3.0,47745,0.773216,0.006096769300384972,1424.8
239,4.0,48025,0.7718860000000001,0.0062353291814880715,1434.4
240,3.0,48259,0.7707745,0.007678725309451071,1442.3
241,0.0,48385,0.770176,0.006272933577993027,1446.6
242,3.0,48625,0.769036,0.00648837209106811,1454.8
243,1.0,48778,0.76830925,0.006481813975256789,1460.1
244,4.0,49102,0.76677025,0.00819723555900122,1471.1
245,2.0,49307,0.7657965,0.00784634707279776,1478.1
246,3.0,49531,0.7647325,0.007336242805779746,1485.6
247,2.0,49718,0.76384425,0.0071145535053257,1492.5
248,1.0,49888,0.76303675,0.007424221819211894,1498.7
249,3.0,50119,0.7619395,0.009839826836492625,1506.9
250,6.0,50512,0.7600727500000001,0.009664512380694558,1520.7
251,2.0,50717,0.759099,0.008446028477103427,1527.9
252,2.0,50903,0.7582154999999999,0.008378956184637363,1534.3
253,1.0,51057,0.757484,0.008557644494289121,1540.1
254,2.0,51281,0.75642,0.007655942647293809,1547.9
255,4.0,51558,0.75510425,0.007855242667955073,1558.1
256,5.0,51880,0.7535747500000001,0.006703555084669511,1569.9
257,1.0,52039,0.7528195,0.008118710044988155,1575.6
258,0.0,52168,0.75220675,0.007524652805453701,1580.2
259,3.0,52410,0.75105725,0.00758097427493069,1589.0
260,4.0,52717,0.749599,0.006847018778706364,1600.2
261,3.0,52945,0.748516,0.007531240264876958,1609.1
262,2.0,53130,0.7476372499999999,0.006961074510488559,1616.3
263,2.0,53332,0.74667775,0.006666088132717933,1624.0
264,6.0,53713,0.744868,0.006325175467783248,1638.4
265,5.0,54048,0.7432767499999999,0.005879650628124711,1651.0
266,3.0,54293,0.742113,0.0058235236925871245,1660.1
267,2.0,54496,0.74114875,0.004873897416948391,1667.4
268,4.0,54780,0.73979975,0.004959713734446985,1678.3
269,3.0,54997,0.738769,0.0050522467458925385,1686.5
270,1.0,55159,0.7379995,0.004888921503960673,1692.7
271,2.0,55345,0.737116,0.004162450244660259,1699.6
272,5.0,55687,0.7354915,0.0047447224243269,1712.3
273,1.0,55860,0.73466975,0.004040305034023295,1718.9
274,3.0,56097,0.733544,0.0045373261619343535,1727.8
275,2.0,56331,0.7324325,0.004120485311618839,1736.7
276,3.0,56569,0.731302,0.004010941999565277,1745.6
277,0.0,56696,0.73069875,0.003695518611178653,1750.5
278,0.0,56825,0.730086,0.004249936713775721,1755.4
279,3.0,57091,0.7288225,0.0036530453931449217,1765.1
280,2.0,57297,0.7278439999999999,0.003132975367530819,1773.2
281,1.0,57456,0.7270887500000001,0.0031502310013831972,1778.9
282,5.0,57773,0.7255830000000001,0.002871127012523614,1790.6
283,2.0,58009,0.7244619999999999,0.00304613104711634,1799.3
284,2.0,58193,0.723588,0.0032470437907487276,1805.9
285,3.0,58432,0.72245275,0.003332688882079942,1814.6
286,2.0,58679,0.7212795000000001,0.0031386730468526544,1823.6
287,0.0,58822,0.7206002499999999,0.0030779767894654995,1829.2
288,3.0,59061,0.719465,0.0028861541270325157,1837.8
289,1.0,59236,0.71863375,0.0032300325729218977,1844.3
290,2.0,59484,0.7174557500000001,0.003114500792200429,1853.5
291,2.0,59693,0.7164630000000001,0.003066062665172367,1861.2
292,4.0,60007,0.7149715,0.0028925335876700013,1872.6
293,0.0,60151,0.7142875,0.00278616942483091,1877.9
294,1.0,60339,0.7133944999999999,0.0036122117506122175,1885.2
295,0.0,60467,0.7127865,0.0025228532745131815,1890.0
296,0.0,60601,0.7121500000000001,0.002574856078109718,1894.9
297,2.0,60787,0.7112665,0.0028479621909628873,1902.0
298,0.0,60920,0.71063475,0.002593414721873946,1907.0
299,2.0,61120,0.7096847500000001,0.0025284044202999213,1914.4
300,0.0,61255,0.7090435,0.0025942159941661413,1919.5
301,1.0,61444,0.70814575,0.002515116763158292,1926.3
302,1.0,61616,0.7073287500000001,0.0027980177780358812,1932.5
303,0.0,61752,0.70668275,0.002373863919381299,1937.4
304,2.0,61983,0.7055855,0.0024487670816912507,1946.2
305,3.0,62258,0.70427925,0.0026230959287336605,1956.6
306,1.0,62437,0.7034290000000001,0.002422155652230335,1963.1
307,0.0,62592,0.70269275,0.002499512279210913,1968.8
308,2.0,62801,0.7017,0.002919609218799068,1976.3
309,1.0,63003,0.7007405,0.0023248269205963664,1983.9
310,1.0,63195,0.6998285,0.0023154707463011923,1990.8
311,3.0,63409,0.698812,0.0022007670905223446,1999.6
312,1.0,63638,0.69772425,0.0027991250217343196,2008.1
313,1.0,63799,0.6969595,0.0019428558173655932,2014.1
314,2.0,64038,0.69582425,0.0025597738072122194,2023.0
315,4.0,64288,0.6946367499999999,0.0022534935036674143,2032.4
316,3.0,64527,0.6935015,0.0018292938516900005,2041.3
317,0.0,64677,0.692789,0.002146445408773919,2046.9
318,0.0,64812,0.69214775,0.0021641003894964576,2051.9
319,1.0,65002,0.69124525,0.0017083959713713021,2059.2
320,0.0,65134,0.69061825,0.0019865373231534086,2064.0
321,4.0,65401,0.68935,0.0022040267445736527,2073.6
322,2.0,65628,0.68827175,0.0017717770061179757,2081.9
323,3.0,65904,0.68696075,0.001728168279362802,2092.3
324,1.0,66117,0.685949,0.0017468428889348526,2100.7
325,0.0,66265,0.685246,0.001733059347709452,2106.3
326,0.0,66393,0.6846380000000001,0.0017549606870943535,2111.3
327,2.0,66609,0.683612,0.001521624610985681,2119.6
328,0.0,66746,0.68296125,0.0018883297932810103,2124.7
329,3.0,66984,0.68183075,0.0015705801470023227,2134.1
330,3.0,67248,0.68057675,0.0017935345928862896,2144.7
331,2.0,67432,0.67970275,0.001540851890635879,2151.8
332,0.0,67612,0.6788477500000001,0.001666324452445325,2158.9
333,1.0,67780,0.67804975,0.0018196837892381673,2165.5
334,2.0,67990,0.67705225,0.0014756311407490145,2173.4
335,0.0,68131,0.6763825,0.0018779794953462951,2178.6
336,0.0,68279,0.6756795,0.0015776646050162035,2184.1
337,2.0,68485,0.674701,0.0017530831317044341,2192.2
338,3.0,68746,0.67346125,0.0016561457751251014,2202.0
339,3.0,68997,0.672269,0.0014953223717782973,2211.4
340,2.0,69220,0.67120975,0.0017205139751558613,2220.1
341,4.0,69520,0.66978475,0.0015712336605065503,2231.7
342,3.0,69750,0.66869225,0.0016648453724843896,2240.7
343,0.0,69894,0.66800825,0.0015005005661805626,2246.2
344,4.0,70147,0.6668065000000001,0.001583402204049361,2255.7
345,1.0,70332,0.66592775,0.00183135061320295,2262.4
346,3.0,70592,0.6646927499999999,0.0015869201562824086,2272.2
347,5.0,70925,0.663111,0.001466781048484527,2285.3
348,3.0,71162,0.6619852500000001,0.0016072106808974144,2295.0
349,4.0,71433,0.660698,0.0016192226170010631,2305.8
350,2.0,71639,0.6597195,0.0017167635429288866,2314.0
351,4.0,71898,0.65848925,0.0016091549960072925,2324.6
352,5.0,72207,0.6570214999999999,0.0020937191872122097,2336.8
353,5.0,72565,0.655321,0.001517614216479348,2350.7
354,5.0,72873,0.653858,0.001555645950070534,2362.5
355,3.0,73128,0.65264675,0.001699756900608704,2372.7
356,5.0,73472,0.65101275,0.0017268685149374081,2386.4
357,6.0,73825,0.649336,0.001579042047637491,2400.5
358,5.0,74120,0.64793475,0.0015345807687450453,2411.5
359,10.0,74659,0.6453745,0.001814818258331622,2431.6
360,2.0,74858,0.64442925,0.001765014691484259,2438.9
361,3.0,75087,0.6433415,0.0017271249446515645,2447.3
362,1.0,75238,0.64262425,0.0019086294868014234,2453.2
363,8.0,75683,0.6405105,0.0018094083846591183,2470.2
364,2.0,75865,0.639646,0.0014876317953087062,2477.3
365,5.0,76177,0.638164,0.0018940406460807514,2488.8
366,6.0,76516,0.63655375,0.0018899393309825332,2501.1
367,3.0,76728,0.63554675,0.001730921543159364,2509.5
368,6.0,77056,0.6339887500000001,0.0018793670458807155,2521.8
369,1.0,77229,0.633167,0.0022339705242223587,2528.3
370,3.0,77455,0.6320935000000001,0.0018213439020132482,2537.3
371,1.0,77609,0.631362,0.0016372620520051931,2543.1
372,6.0,77993,0.629538,0.001977905315849663,2557.8
373,6.0,78324,0.62796575,0.0019851789891183816,2571.7
374,3.0,78551,0.6268875,0.002033106336269593,2580.8
375,6.0,78937,0.625054,0.0020194023583986714,2601.1
376,2.0,79159,0.6239995,0.0021223276426180827,2609.7
377,11.0,79620,0.62180975,0.0022175951641524683,2627.5
378,2.0,79819,0.6208645,0.0018612414546692322,2635.2
379,7.0,80235,0.6188885,0.002142955903274504,2650.6
380,8.0,80644,0.61694575,0.002156431080823568,2665.5
381,6.0,81029,0.615117,0.00216555371563035,2680.6
382,3.0,81278,0.61393425,0.0022821684547253028,2690.2
383,6.0,81640,0.61221475,0.0020519550212785005,2704.4
384,7.0,82029,0.610367,0.0023153864400452936,2718.7
385,5.0,82357,0.608809,0.0022315047258083857,2731.5
386,4.0,82689,0.607232,0.002066088220857067,2743.9
387,5.0,83041,0.60556,0.0025305068062483438,2757.9
388,3.0,83293,0.604363,0.0022734242246813317,2768.1
389,6.0,83667,0.6025865,0.001855452618836226,2783.5
390,3.0,83918,0.60139425,0.001987385083397153,2793.4
391,3.0,84160,0.6002447500000001,0.0022299384311262964,2802.6
392,4.0,84443,0.5989005000000001,0.0020893999525961257,2813.1
393,1.0,84603,0.5981405,0.0020911464429445915,2819.1
394,4.0,84873,0.596858,0.0019743566281653735,2829.2
395,1.0,85026,0.59613125,0.0026777470318883586,2834.9
396,7.0,85439,0.5941695,0.00243994836126382,2850.5
397,7.0,85858,0.59217925,0.0024674419996602048,2866.4
398,3.0,86081,0.5911200000000001,0.0021436645233306214,2875.8
399,5.0,86411,0.5895525,0.0020867101446845372,2889.7
400,6.0,86767,0.5878615,0.002166963983072083,2904.1
401,9.0,87243,0.5856005,0.0023048548438139222,2923.1
402,4.0,87524,0.58426575,0.002230957036115415,2934.3
403,4.0,87821,0.582855,0.0022688487609134993,2945.5
404,8.0,88232,0.58090275,0.002378051282516216,2961.3
405,5.0,88539,0.5794445,0.002244297395489127,2973.2
406,6.0,88916,0.5776537500000001,0.0021727003289302637,2987.8
407,3.0,89143,0.5765755,0.0024854105005926957,2996.7
408,5.0,89461,0.575065,0.0024742541117915803,3009.0
409,13.0,89963,0.5726805,0.002392221714054101,3029.0
410,5.0,90292,0.57111775,0.002685266530362742,3041.9
411,7.0,90667,0.5693365,0.002717545353186627,3056.7
412,4.0,90908,0.56819175,0.0024078411062941714,3066.1
413,6.0,91268,0.56648175,0.0023679003800983387,3080.1
414,5.0,91579,0.5650045,0.002415594535447819,3092.2
415,3.0,91816,0.56387875,0.0024644165185136713,3101.0
416,2.0,92043,0.5628005,0.002428091819385797,3109.3
417,4.0,92305,0.561556,0.0022483102622697882,3119.5
418,5.0,92628,0.56002175,0.0022333639530802358,3132.0
419,5.0,92916,0.55865375,0.0022751040165126645,3144.8
420,0.0,93040,0.55806475,0.002276667605685596,3149.9
421,7.0,93463,0.5560555,0.0026188543117021696,3166.7
422,5.0,93752,0.55468275,0.002215864200863639,3178.2
423,6.0,94116,0.55295375,0.00248457849686799,3193.0
424,5.0,94459,0.5513245,0.0024299969505172485,3208.0
425,4.0,94737,0.550004,0.002362709475799276,3219.3
426,4.0,95015,0.5486835000000001,0.00220667480534234,3230.8
427,6.0,95388,0.54691175,0.0028822619368724187,3245.6
428,4.0,95647,0.5456815,0.0026385318609242216,3255.9
429,4.0,95906,0.54445125,0.0023044355564910747,3266.2
430,6.0,96254,0.54279825,0.0023821127781946875,3280.0
431,4.0,96510,0.54158225,0.0024406335847970695,3290.4
432,6.0,96846,0.53998625,0.0023375820137949803,3303.4
433,3.0,97091,0.5388225,0.002453893663157348,3313.8
434,9.0,97534,0.5367182500000001,0.0023333255044430596,3331.7
435,7.0,97923,0.5348705,0.0019399049743629303,3347.1
436,11.0,98433,0.532448,0.002260665834810603,3366.1
437,6.0,98808,0.53066675,0.0018688668288911383,3380.6
438,6.0,99207,0.5287715,0.002458742689816888,3395.9
439,13.0,99688,0.52648675,0.002377396937798062,3414.5
440,6.0,100066,0.52469125,0.0023333650252045125,3429.4
441,4.0,100335,0.5234135000000001,0.0027407148363264313,3439.7
442,7.0,100759,0.5213995,0.002013017401623074,3456.0
443,7.0,101149,0.519547,0.002092489454587802,3471.3
444,2.0,101368,0.51850675,0.0023970715023819613,3479.4
445,5.0,101711,0.5168775000000001,0.00230558451218259,3492.6
446,2.0,101943,0.5157755,0.0027198547577427235,3501.6
447,4.0,102205,0.5145310000000001,0.0025146180963346323,3511.9
448,4.0,102485,0.513201,0.001989181805713867,3522.1
449,4.0,102741,0.5119849999999999,0.00224252096870714,3532.1
450,8.0,103175,0.5099235,0.0019850179192654077,3548.3
451,9.0,103644,0.5076957500000001,0.002488998865928632,3566.3
452,14.0,104180,0.50514975,0.0024585398630788133,3586.5
453,8.0,104530,0.50348725,0.002468034119894063,3600.2
454,7.0,104904,0.5017107500000001,0.002502614346035273,3614.7
455,2.0,105104,0.5007607500000001,0.0024709473495022395,3622.2
456,7.0,105479,0.4989795,0.002751350241014734,3636.4
457,7.0,105848,0.49722675000000005,0.002387503680058813,3650.0
458,6.0,106206,0.49552625000000006,0.0028703392861481217,3663.6
459,7.0,106588,0.49371175,0.00264596704214431,3678.2
460,6.0,106946,0.49201125,0.002552695709521955,3691.7
461,13.0,107460,0.48956975,0.002542195711552133,3710.9
462,6.0,107805,0.487931,0.002629663901609382,3724.0
463,8.0,108223,0.48594550000000003,0.0031930339826509338,3740.0
464,8.0,108670,0.48382225,0.0028364368449658012,3756.1
465,8.0,109113,0.481718,0.0024862355924065334,3773.0
466,10.0,109595,0.47942850000000004,0.0028739278478266796,3791.3
467,7.0,109978,0.4776092500000001,0.0020154173134561072,3806.0
468,3.0,110231,0.4764075,0.0031125986200422344,3815.5
469,4.0,110489,0.475182,0.002669865315687092,3825.0
470,7.0,110879,0.47332949999999996,0.0025356924587424893,3839.5
471,8.0,111299,0.4713345,0.0026638555192870887,3854.8
472,8.0,111798,0.4689642500000001,0.0024406960719187587,3873.3
473,6.0,112171,0.4671925,0.002927247658165936,3887.0
474,8.0,112560,0.46534475,0.00294651356362618,3900.9
475,11.0,113094,0.46280825000000003,0.002303053080184954,3921.9
476,6.0,113443,0.4611505,0.003011750407085986,3935.3
477,5.0,113741,0.459735,0.003046940963116831,3946.5
478,4.0,114001,0.4585,0.0025811975257686126,3956.0
479,16.0,114657,0.455384,0.0026146579786610544,3980.9
480,9.0,115131,0.45313250000000005,0.00329094822457127,3998.5
481,9.0,115556,0.45111375,0.0026255870824131895,4014.4
482,6.0,115912,0.44942275,0.0029841536685289408,4027.4
483,4.0,116191,0.44809750000000004,0.00284609043537589,4037.4
484,5.0,116521,0.44653,0.0030043883111581884,4049.8
485,6.0,116892,0.44476775000000013,0.0027377971438904396,4063.0
486,8.0,117319,0.44273950000000006,0.0035007198941533996,4078.8
487,7.0,117728,0.44079674999999996,0.0025191556382383514,4093.6
488,6.0,118066,0.43919125000000003,0.002789120912274963,4106.3
489,4.0,118345,0.437866,0.0026951250478318193,4116.3
490,4.0,118650,0.43641725,0.002592768492826001,4127.3
491,13.0,119018,0.43466925,0.0028507016586840823,4140.4
492,6.0,119418,0.43276925,0.0031245591580227484,4155.7
493,11.0,119960,0.43019475000000007,0.0026318399368023253,4175.8
494,5.0,120312,0.42852275000000006,0.0029417726628625214,4188.8
495,11.0,120725,0.42656099999999997,0.003015391040535883,4203.8
496,7.0,121148,0.42455175,0.0036403610438205318,4218.9
497,3.0,121381,0.42344500000000007,0.003178532018232291,4227.5
498,7.0,121764,0.42162575,0.002876224373339605,4241.0
499,7.0,122167,0.4197115,0.0028189057580319003,4255.5
500,6.0,122487,0.41819150000000005,0.0034915376768367423,4266.8
501,11.0,122864,0.41640075,0.00288361495293415,4280.2
502,7.0,123251,0.41456250000000006,0.0027546820180245147,4294.0
503,7.0,123628,0.41277175,0.0030294079149811373,4307.3
504,19.0,124261,0.40976500000000005,0.0031538822148017304,4329.5
505,8.0,124687,0.4077415,0.003286487714058453,4344.1
506,12.0,125129,0.40564200000000006,0.003023521010437348,4359.5
507,14.0,125750,0.4026922500000001,0.002966501005725026,4380.3
508,8.0,126209,0.400512,0.00381584126986198,4396.6
509,6.0,126567,0.3988115,0.0031619709196133673,4408.9
510,11.0,127101,0.39627500000000004,0.003265533077749441,4427.1
511,7.0,127490,0.39442725,0.003608513059056242,4440.2
512,14.0,127886,0.39254625,0.0032930048336945192,4453.9
513,9.0,128300,0.39057975,0.003647513707856769,4468.1
514,5.0,128604,0.38913575,0.003480488026022948,4478.7
515,4.0,128885,0.38780100000000006,0.0032370859747537116,4488.3
516,8.0,129320,0.38573475,0.004099089085745315,4503.5
517,15.0,129932,0.38282775,0.0032790051209184894,4525.4
518,6.0,130256,0.38128874999999995,0.003086456320971469,4536.8
519,9.0,130771,0.37884249999999997,0.0031063821051468695,4554.9
520,4.0,131031,0.3776075,0.004686508417272797,4564.1
521,5.0,131331,0.3761825000000001,0.004292610038149481,4575.0
522,7.0,131694,0.3744582500000001,0.0033945101412711023,4587.7
523,11.0,132231,0.37190750000000006,0.0034447450271427797,4606.9
524,15.0,132801,0.3692,0.003281467661451499,4627.4
525,7.0,133208,0.36726675,0.0035169191298953712,4641.5
526,8.0,133659,0.36512449999999996,0.0032530745914455777,4657.1
527,14.0,134045,0.36329100000000003,0.002804570259385226,4670.8
528,14.0,134622,0.36055025000000007,0.003604477734274297,4692.3
529,7.0,135016,0.35867875000000005,0.0035728231088085773,4705.8
530,6.0,135347,0.3571065,0.003782960142218578,4717.0
531,6.0,135702,0.35542025,0.0032980786803716296,4729.4
532,5.0,135994,0.35403324999999997,0.0027735659951098543,4739.8
533,7.0,136365,0.352271,0.0041932285335944145,4752.8
534,7.0,136772,0.35033775,0.0031421307665444637,4766.6
535,4.0,137032,0.34910275,0.00280989816170544,4775.4
536,4.0,137331,0.3476825,0.0038785115374956143,4785.6
537,7.0,137701,0.34592500000000004,0.003016532603902994,4797.9
538,9.0,138221,0.34345499999999995,0.0033494895770742844,4815.3
539,4.0,138490,0.3421772500000001,0.003298842021416471,4824.9
540,4.0,138766,0.34086625000000004,0.003696145502887531,4834.3
541,21.0,139417,0.337774,0.0033464656590009123,4856.4
542,8.0,139896,0.33549875000000007,0.003132563660850667,4872.7
543,10.0,140428,0.3329717500000001,0.0037069349065339857,4891.3
544,5.0,140748,0.33145175000000004,0.0029214634851086885,4902.4
545,4.0,141012,0.33019775000000007,0.0031258496649873755,4911.2
546,11.0,141572,0.32753775000000007,0.003036725694879091,4930.3
547,12.0,142028,0.32537175000000007,0.003035042703502991,4946.1
548,4.0,142355,0.3238185,0.003924293979889904,4957.2
549,14.0,142990,0.32080224999999996,0.003801205222711231,4979.3
550,8.0,143524,0.31826575,0.0031862980229405108,4998.3
551,7.0,143897,0.31649400000000005,0.00292978582179034,5011.0
552,24.0,144532,0.31347775,0.0031782538742817,5033.1
553,15.0,145109,0.31073700000000004,0.003130016664944531,5053.3
554,6.0,145466,0.30904125000000005,0.004225904257649801,5065.7
555,12.0,145900,0.30697975,0.0039059675048096834,5080.5
556,15.0,146369,0.304752,0.0034220058243594636,5096.5
557,9.0,146710,0.30313225,0.003431462126908977,5108.5
558,8.0,147102,0.3012702500000001,0.0035870964710163523,5122.1
559,9.0,147580,0.29899975,0.004239538844741071,5138.4
560,16.0,148188,0.29611175,0.0035077917838000424,5158.7
561,11.0,148731,0.2935325,0.003724052807342769,5177.1
562,6.0,149040,0.29206475,0.0037023822308297973,5187.5
563,7.0,149445,0.290141,0.0031961861132632618,5201.0
564,14.0,149952,0.2877327500000001,0.003206813682575161,5217.9
565,12.0,150531,0.2849825,0.0035826054564355478,5237.7
566,5.0,150885,0.283301,0.003511718337852929,5249.7
567,14.0,151272,0.28146275,0.004450893231266893,5262.9
568,7.0,151756,0.27916375000000004,0.004343322177214571,5279.1
569,8.0,152240,0.2768647500000001,0.003148767774374309,5295.4
570,7.0,152592,0.27519275,0.0035335328489467925,5307.2
571,12.0,153112,0.27272275,0.002769647386426536,5324.8
572,11.0,153657,0.2701340000000001,0.0038607979795699,5343.5
573,6.0,154005,0.26848099999999997,0.003696150253975132,5355.4
574,12.0,154459,0.26632449999999996,0.0038681488310034072,5370.6
575,14.0,155027,0.2636265000000001,0.003526352007355226,5389.9
576,9.0,155458,0.26157925000000004,0.0035201481869228165,5404.6
577,15.0,156021,0.25890500000000005,0.0038632103933648374,5423.5
578,10.0,156507,0.2565965000000001,0.0032280978896183734,5439.8
579,16.0,157122,0.25367525,0.003970035964933534,5460.5
580,10.0,157619,0.2513145000000001,0.003878562724296476,5477.3
581,19.0,158153,0.24877800000000005,0.0035555990538620897,5495.2
582,18.0,158820,0.24560975000000007,0.0035718818324495167,5517.6
583,6.0,159157,0.24400900000000003,0.0044497459344786956,5528.9
584,8.0,159609,0.24186200000000002,0.004447514062363086,5544.4
585,19.0,160142,0.23933025000000008,0.0039047435289475975,5562.3
586,12.0,160595,0.23717850000000007,0.003875850703825282,5577.5
587,14.0,161252,0.23405774999999995,0.004073644659192765,5602.8
588,11.0,161770,0.23159724999999998,0.0038216346257921798,5620.5
589,22.0,162511,0.22807750000000004,0.004489089413461189,5645.3
590,8.0,162807,0.22667150000000003,0.004277268315097506,5655.1
591,13.0,163267,0.22448650000000003,0.004062474591900473,5670.5
592,9.0,163755,0.2221685,0.004548145138556481,5687.2
593,4.0,164054,0.22074824999999998,0.0038086862700841824,5697.3
594,5.0,164362,0.21928525,0.004084028255620778,5707.9
595,11.0,164916,0.2166537500000001,0.004409272116331538,5726.3
596,12.0,165363,0.21453049999999996,0.004563460697787678,5741.2
597,6.0,165711,0.21287750000000005,0.004588766343324263,5753.2
598,11.0,166107,0.21099650000000003,0.004291447021350537,5766.6
599,15.0,166648,0.2084267500000001,0.0043387835688911405,5784.9
600,25.0,167214,0.20573825000000012,0.0038667116848942772,5804.1
601,9.0,167674,0.20355325000000002,0.004907621626752307,5819.5
602,8.0,168085,0.20160100000000014,0.00401886848071726,5833.2
603,15.0,168649,0.19892200000000004,0.004516484422368948,5851.8
604,8.0,169050,0.19701725000000003,0.004744681413720903,5865.1
605,6.0,169432,0.1952027500000001,0.0048021474805616665,5877.6
606,19.0,170035,0.19233850000000008,0.005167602186394735,5897.5
607,16.0,170673,0.18930800000000003,0.004793562427390116,5918.4
608,9.0,171137,0.18710400000000005,0.00486821848131387,5933.8
609,8.0,171551,0.18513750000000007,0.004410758107121143,5947.5
610,11.0,172020,0.18290974999999998,0.004425741075329594,5962.8
611,8.0,172466,0.18079125000000007,0.004494022262296242,5977.2
612,5.0,172777,0.17931400000000008,0.006110808383104454,5987.4
613,5.0,173068,0.17793175000000006,0.003994999853878112,5996.8
614,15.0,173613,0.17534300000000003,0.004431336602076478,6014.5
615,10.0,174119,0.17293950000000002,0.0038201371030104365,6031.0
616,8.0,174553,0.17087800000000009,0.004806731709398218,6045.1
617,15.0,175173,0.1679330000000001,0.004548236469535397,6065.7
618,7.0,175646,0.16568625000000003,0.004343537357291227,6081.3
619,15.0,176229,0.16291699999999998,0.004057414785800678,6100.2
620,5.0,176528,0.16149675000000008,0.004574544557462132,6110.0
621,10.0,177009,0.15921200000000002,0.004246580143402991,6125.6
622,10.0,177481,0.15697000000000005,0.0044237433711236535,6140.9
623,20.0,178006,0.1544762500000001,0.0042269334254697675,6157.9
624,8.0,178444,0.15239575000000005,0.004481870201299367,6172.2
625,20.0,179112,0.14922275000000007,0.004646278105932009,6194.5
626,6.0,179459,0.14757450000000005,0.005824296573688268,6205.9
627,18.0,180123,0.14442050000000006,0.005194520374236864,6227.6
628,12.0,180745,0.1414660000000001,0.005012090585360729,6247.9
629,6.0,181118,0.13969425000000002,0.004886907376798404,6260.3
630,9.0,181657,0.1371340000000001,0.0050290808201929925,6277.9
631,20.0,182152,0.13478275000000006,0.005285272838293829,6294.1
632,9.0,182720,0.13208474999999997,0.004666605616491747,6312.9
633,11.0,183164,0.12997574999999995,0.004547250696886876,6327.6
634,13.0,183706,0.12740125000000002,0.005444420566670665,6344.9
635,13.0,184231,0.12490750000000006,0.005768930003645697,6361.9
636,6.0,184635,0.12298849999999995,0.005263594591657004,6375.0
637,15.0,185389,0.11940700000000004,0.005013586948187256,6399.5
638,10.0,185872,0.11711274999999999,0.004912979774660089,6415.0
639,12.0,186321,0.11498000000000008,0.0039435483093678385,6429.4
640,10.0,186812,0.11264775000000005,0.0050476172513588356,6445.5
641,12.0,187283,0.11041050000000008,0.005220573339013149,6460.8
642,19.0,188029,0.10686700000000005,0.005289340228523969,6485.1
643,6.0,188417,0.105024,0.005597922848969621,6498.2
644,25.0,189245,0.10109100000000004,0.004867479331107531,6525.5
645,8.0,189694,0.09895825000000003,0.005261667486708528,6540.1
646,22.0,190346,0.09586125000000001,0.0060040342119419545,6561.5
647,6.0,190738,0.09399925000000009,0.005815216651208917,6574.4
648,13.0,191266,0.09149125000000002,0.005413807386944289,6591.4
649,13.0,191820,0.08885975000000002,0.005096813527672192,6609.5
650,12.0,192351,0.08633750000000007,0.00521177156537196,6627.0
651,10.0,192960,0.08344475000000007,0.005051258485190791,6646.9
652,18.0,193617,0.08032399999999995,0.005343424474899877,6668.2
653,13.0,194181,0.07764500000000008,0.004984468021240178,6686.7
654,15.0,194790,0.07475225000000008,0.00473738298111034,6706.5
655,18.0,195579,0.07100450000000003,0.0050830794310938515,6732.0
656,21.0,196172,0.06818774999999999,0.006099269300947377,6751.5
657,13.0,196616,0.06607874999999996,0.005277461647360191,6765.7
658,10.0,197209,0.06326200000000004,0.006054957673007789,6785.0
659,6.0,197566,0.061566250000000045,0.0058384398657160734,6797.3
660,7.0,198145,0.05881599999999998,0.006203195794134856,6816.1
661,7.0,198610,0.05660725000000011,0.0062562317026638855,6831.1
662,6.0,199050,0.05451724999999996,0.004695287772549571,6845.5
663,5.0,199330,0.05318725000000002,0.005199575394258967,6854.5
664,11.0,199984,0.05008075000000001,0.005705392389025664,6875.6
665,9.0,200581,0.050000000000000044,0.005225620001641849,6894.8
666,12.0,201118,0.050000000000000044,0.005213627990511258,6912.1
667,14.0,201740,0.050000000000000044,0.005409247786745465,6931.9
668,18.0,203136,0.050000000000000044,0.006102100482057409,6976.6
669,15.0,203786,0.050000000000000044,0.005951045078691095,6997.3
670,8.0,204239,0.050000000000000044,0.005149554154654722,7012.0
671,10.0,204806,0.050000000000000044,0.005779949834650773,7030.0
672,12.0,205341,0.050000000000000044,0.005060968262134729,7047.2
673,12.0,205807,0.050000000000000044,0.005481558592961062,7062.1
674,5.0,206097,0.050000000000000044,0.004577022171499015,7071.4
675,8.0,206555,0.050000000000000044,0.005711103247338296,7086.5
676,7.0,206918,0.050000000000000044,0.005189523063491024,7099.8
677,13.0,207517,0.050000000000000044,0.005321305679143383,7119.4
678,12.0,208050,0.050000000000000044,0.005233520150925496,7136.6
679,7.0,208455,0.050000000000000044,0.006440072419857721,7149.6
680,8.0,208890,0.050000000000000044,0.005353772429476396,7163.5
681,23.0,209608,0.050000000000000044,0.00601128054369944,7186.7
682,11.0,210096,0.050000000000000044,0.006438221418648027,7202.6
683,10.0,210521,0.050000000000000044,0.00459621985853814,7216.7
684,17.0,211361,0.050000000000000044,0.00560390475757664,7243.8
685,15.0,211939,0.050000000000000044,0.004938267039660377,7262.9
686,19.0,212598,0.050000000000000044,0.0050819785841521616,7298.2
687,7.0,212987,0.050000000000000044,0.005026870511309423,7318.7
688,19.0,213776,0.050000000000000044,0.006325463740761818,7361.0
689,19.0,214354,0.050000000000000044,0.006323058679611277,7390.2
690,13.0,215037,0.050000000000000044,0.005270714601085932,7425.6
691,8.0,215441,0.050000000000000044,0.005997206921237383,7446.1
692,16.0,215958,0.050000000000000044,0.005272521006890953,7472.0
693,10.0,216831,0.050000000000000044,0.0053181804792330365,7515.7
694,12.0,217378,0.050000000000000044,0.005153505745815484,7543.7
695,11.0,217898,0.050000000000000044,0.005304463827745237,7569.8
696,8.0,218327,0.050000000000000044,0.007004936842794914,7591.3
697,11.0,218875,0.050000000000000044,0.0059496327328842375,7618.9
698,15.0,219344,0.050000000000000044,0.005277648365357394,7642.8
699,9.0,219820,0.050000000000000044,0.005312522469741926,7667.7
700,19.0,220540,0.050000000000000044,0.005312188122156335,7703.6
701,12.0,221165,0.050000000000000044,0.005631752599589527,7735.0
702,16.0,221906,0.050000000000000044,0.006062995922071771,7772.2
703,15.0,222592,0.050000000000000044,0.005551343875714515,7806.3
704,17.0,223263,0.050000000000000044,0.0054019371690589455,7839.7
705,21.0,223966,0.050000000000000044,0.0058904630461559335,7873.9
706,12.0,224666,0.050000000000000044,0.005750930300148736,7907.6
707,11.0,225100,0.050000000000000044,0.005383745083839671,7928.4
708,7.0,225519,0.050000000000000044,0.005251199391982818,7949.2
709,17.0,226129,0.050000000000000044,0.005391934790293549,7979.8
710,7.0,226503,0.050000000000000044,0.005920063257889753,8000.0
711,8.0,226893,0.050000000000000044,0.006022620327078188,8019.9
712,15.0,227475,0.050000000000000044,0.0051710717936120035,8048.5
713,7.0,227845,0.050000000000000044,0.0058228155708167,8066.4
714,7.0,228271,0.050000000000000044,0.00609847998132868,8087.5
715,5.0,228599,0.050000000000000044,0.0053595953359035775,8103.9
716,14.0,229159,0.050000000000000044,0.005098372678704826,8132.0
717,21.0,229686,0.050000000000000044,0.005616510170070098,8158.3
718,6.0,230014,0.050000000000000044,0.004989767881186974,8174.9
719,15.0,230866,0.050000000000000044,0.005296840943902197,8217.6
720,10.0,231357,0.050000000000000044,0.005847163180926864,8242.2
721,7.0,231728,0.050000000000000044,0.005311369635177289,8260.6
722,12.0,232126,0.050000000000000044,0.0053354321230769195,8280.2
723,17.0,232703,0.050000000000000044,0.006186629068392912,8309.2
724,9.0,233500,0.050000000000000044,0.005769595464149904,8349.5
725,13.0,233981,0.050000000000000044,0.005616385638065202,8373.2
726,7.0,234451,0.050000000000000044,0.005814239320325407,8396.6
727,4.0,234713,0.050000000000000044,0.005439748291285239,8409.5
728,12.0,235141,0.050000000000000044,0.005088809826770345,8430.8
729,8.0,235698,0.050000000000000044,0.006261997804784716,8459.1
730,5.0,236007,0.050000000000000044,0.0075800522715817765,8474.3
731,17.0,236486,0.050000000000000044,0.00599633577879565,8498.0
732,12.0,236956,0.050000000000000044,0.005600210582153832,8521.5
733,16.0,237601,0.050000000000000044,0.005684068138880814,8554.7
734,6.0,238019,0.050000000000000044,0.006183155938764616,8575.6
735,17.0,238525,0.050000000000000044,0.005482757502702974,8602.0
736,8.0,239044,0.050000000000000044,0.005945031739087678,8628.4
737,10.0,239632,0.050000000000000044,0.005945007696701848,8658.6
738,15.0,240095,0.050000000000000044,0.00482032817992589,8683.0
739,11.0,241228,0.050000000000000044,0.005521469375655788,8742.2
740,11.0,241812,0.050000000000000044,0.005814008782131355,8771.9
741,3.0,242029,0.050000000000000044,0.005055584173868432,8783.0
742,6.0,242531,0.050000000000000044,0.006726938582524523,8808.3
743,14.0,242881,0.050000000000000044,0.00541542861610651,8826.2
744,10.0,243668,0.050000000000000044,0.005383112960408667,8866.3
745,13.0,244148,0.050000000000000044,0.004781348577671452,8893.0
746,12.0,244692,0.050000000000000044,0.005571391555028693,8922.3
747,5.0,245091,0.050000000000000044,0.005249038987260844,8942.7
748,10.0,245535,0.050000000000000044,0.005267563147254305,8966.1
749,16.0,246252,0.050000000000000044,0.005087328438758798,9002.1
750,12.0,246819,0.050000000000000044,0.0053341463072688645,9052.0
751,13.0,247467,0.050000000000000044,0.005338094819532593,9087.3
752,6.0,247832,0.050000000000000044,0.005849010770030524,9106.7
753,9.0,248339,0.050000000000000044,0.006668058224252004,9126.4
754,9.0,248928,0.050000000000000044,0.005526667931204083,9147.4
755,5.0,249279,0.050000000000000044,0.0047383030897744025,9161.3
756,10.0,249835,0.050000000000000044,0.004685860892390102,9180.7
757,5.0,250162,0.050000000000000044,0.004802031295668812,9192.8
758,7.0,250571,0.050000000000000044,0.005539767712543657,9207.1
759,7.0,250945,0.050000000000000044,0.004566454798926943,9220.0
760,12.0,251390,0.050000000000000044,0.005262717430406574,9235.2
761,10.0,251757,0.050000000000000044,0.005009173233841092,9247.9
762,13.0,252482,0.050000000000000044,0.00498367662750313,9272.5
763,7.0,252858,0.050000000000000044,0.005211760039565753,9285.4
764,17.0,253522,0.050000000000000044,0.005462517643120162,9308.2
765,8.0,253888,0.050000000000000044,0.0049093442608327525,9320.9
766,9.0,254332,0.050000000000000044,0.004742193589540753,9336.4
767,7.0,254731,0.050000000000000044,0.005988867834670222,9349.9
768,4.0,254974,0.050000000000000044,0.005918817697169542,9358.3
769,6.0,255330,0.050000000000000044,0.0052218779768164305,9370.8
770,18.0,255996,0.050000000000000044,0.004711970489478443,9393.6
771,15.0,256578,0.050000000000000044,0.006218076076701002,9413.7
772,13.0,257190,0.050000000000000044,0.004754073309823962,9434.7
773,13.0,257724,0.050000000000000044,0.0050260791801830075,9453.7
774,14.0,258465,0.050000000000000044,0.00494598700396601,9479.5
775,10.0,258854,0.050000000000000044,0.004810115785887441,9493.1
776,9.0,259510,0.050000000000000044,0.004809307403331509,9516.3
777,12.0,260032,0.050000000000000044,0.005344282485026388,9534.5
778,14.0,260541,0.050000000000000044,0.004851300331804176,9552.3
779,8.0,260924,0.050000000000000044,0.0046034000835845895,9565.9
780,9.0,261438,0.050000000000000044,0.004812624878956708,9584.1
781,11.0,261908,0.050000000000000044,0.005137312342165077,9600.7
782,10.0,262471,0.050000000000000044,0.004939093847955919,9620.5
783,10.0,262946,0.050000000000000044,0.004394139064426877,9637.3
784,5.0,263220,0.050000000000000044,0.004878299324824237,9646.9
785,7.0,263593,0.050000000000000044,0.005077936238548081,9659.9
786,8.0,264032,0.050000000000000044,0.0044544373135345485,9675.8
787,6.0,264351,0.050000000000000044,0.004829093860060875,9687.4
788,11.0,264724,0.050000000000000044,0.004358776520916458,9700.7
789,5.0,265042,0.050000000000000044,0.004634594129992988,9711.7
790,12.0,265488,0.050000000000000044,0.004943557670642727,9727.4
791,11.0,265877,0.050000000000000044,0.004614645770989158,9741.1
792,9.0,266352,0.050000000000000044,0.005699396375566721,9757.6
793,9.0,266823,0.050000000000000044,0.004657460886895095,9774.3
794,9.0,267213,0.050000000000000044,0.004647456526380176,9788.1
795,7.0,267605,0.050000000000000044,0.004712894538266594,9802.8
796,11.0,268034,0.050000000000000044,0.0046466844767497064,9817.8
797,15.0,268661,0.050000000000000044,0.0050945324411814765,9839.8
798,12.0,269293,0.050000000000000044,0.005183017824089768,9862.5
799,9.0,269885,0.050000000000000044,0.004700871828488842,9884.2
800,8.0,270323,0.050000000000000044,0.004650939182861024,9900.3
801,16.0,271010,0.050000000000000044,0.0048592332191358615,9925.0
802,23.0,271730,0.050000000000000044,0.004841684984340747,9951.2
803,8.0,272173,0.050000000000000044,0.004403904149767104,9967.9
804,17.0,272860,0.050000000000000044,0.0044794847663109675,9993.0
805,8.0,273463,0.050000000000000044,0.004302861953480864,10015.0
806,12.0,274110,0.050000000000000044,0.00465595663720929,10039.1
807,10.0,274608,0.050000000000000044,0.0044844778149199845,10057.3
808,13.0,275306,0.050000000000000044,0.004543024145368951,10083.0
809,5.0,275623,0.050000000000000044,0.0045233932632236075,10094.8
810,9.0,276114,0.050000000000000044,0.003970207744884986,10112.6
811,9.0,276713,0.050000000000000044,0.00485114620699981,10134.2
812,6.0,277012,0.050000000000000044,0.004387121175705489,10145.3
813,18.0,277614,0.050000000000000044,0.0049003446677721345,10167.6
814,17.0,278131,0.050000000000000044,0.0042810867195120315,10186.9
815,24.0,278979,0.050000000000000044,0.00422748324051082,10218.1
816,13.0,279479,0.050000000000000044,0.004780839044600725,10236.7
817,8.0,279899,0.050000000000000044,0.00476242673203593,10251.9
818,12.0,280345,0.050000000000000044,0.004730777478267359,10268.1
819,11.0,280877,0.050000000000000044,0.004866383878205188,10288.3
820,6.0,281206,0.050000000000000044,0.004537479308508846,10300.2
821,7.0,281596,0.050000000000000044,0.0051977718419108825,10314.2
822,13.0,282163,0.050000000000000044,0.004679316859503443,10334.8
823,15.0,282750,0.050000000000000044,0.004535242587822177,10356.4
824,11.0,283319,0.050000000000000044,0.004811124208748262,10377.4
825,9.0,283739,0.050000000000000044,0.004699486402872329,10393.4
826,6.0,284065,0.050000000000000044,0.0045517794884301355,10405.5
827,5.0,284368,0.050000000000000044,0.005499935675513848,10416.9
828,9.0,284809,0.050000000000000044,0.005199119703666795,10432.9
829,10.0,285338,0.050000000000000044,0.005294943180169368,10452.3
830,8.0,285746,0.050000000000000044,0.005059607003988954,10467.6
831,7.0,286119,0.050000000000000044,0.004126535430201017,10481.0
832,10.0,286673,0.050000000000000044,0.004433121610792616,10501.7
833,9.0,287145,0.050000000000000044,0.004649051888579487,10518.9
834,14.0,287677,0.050000000000000044,0.0054711910669080896,10537.9
835,11.0,288236,0.050000000000000044,0.0044892259519622195,10558.4
836,15.0,288659,0.050000000000000044,0.004950437500900049,10574.2
837,9.0,289022,0.050000000000000044,0.004873483787648657,10587.6
838,8.0,289420,0.050000000000000044,0.0052324777555911705,10602.5
839,14.0,289961,0.050000000000000044,0.004393518148136434,10622.3
840,15.0,290532,0.050000000000000044,0.0047402009541240575,10643.7
841,11.0,291073,0.050000000000000044,0.004610501973981868,10663.3
842,14.0,291731,0.050000000000000044,0.004810508597223938,10687.8
843,7.0,292089,0.050000000000000044,0.004594435510661339,10700.9
844,10.0,292561,0.050000000000000044,0.004763258012752561,10718.2
845,13.0,293071,0.050000000000000044,0.004040908308781903,10737.4
846,8.0,293501,0.050000000000000044,0.004436387279244183,10753.3
847,15.0,294027,0.050000000000000044,0.004388951186087167,10772.8
848,9.0,294467,0.050000000000000044,0.0044837919010950085,10788.7
849,8.0,294914,0.050000000000000044,0.00401323306076312,10805.0
850,14.0,295454,0.050000000000000044,0.0044441009629129745,10824.8
851,6.0,295837,0.050000000000000044,0.0047575622885463655,10838.8
852,10.0,296211,0.050000000000000044,0.004613868955536471,10852.7
853,13.0,296657,0.050000000000000044,0.004927406944057825,10869.3
854,5.0,297120,0.050000000000000044,0.00468059518217606,10886.5
855,4.0,297378,0.050000000000000044,0.005987711375770556,10896.0
856,6.0,297873,0.050000000000000044,0.004978000587840197,10914.3
857,10.0,298379,0.050000000000000044,0.004704065343550049,10932.7
858,7.0,298762,0.050000000000000044,0.004057619898815885,10947.3
859,20.0,299683,0.050000000000000044,0.0048226915387361916,10981.4
860,20.0,300372,0.050000000000000044,0.0050719899340148835,11007.0
861,10.0,300864,0.050000000000000044,0.004893265810333253,11025.0
862,10.0,301294,0.050000000000000044,0.004111110768687023,11040.9
863,9.0,301761,0.050000000000000044,0.005266171194537198,11058.2
864,6.0,302239,0.050000000000000044,0.004598759139584042,11075.7
865,10.0,302688,0.050000000000000044,0.004215387072370601,11092.7
866,11.0,303095,0.050000000000000044,0.004720725971634479,11108.0
867,9.0,303521,0.050000000000000044,0.004821352413205098,11124.1
868,10.0,304044,0.050000000000000044,0.0046254197668896746,11143.5
869,6.0,304480,0.050000000000000044,0.0049515567448122615,11159.3
870,10.0,304934,0.050000000000000044,0.004126645873751007,11175.9
871,8.0,305252,0.050000000000000044,0.004523157300984007,11187.8
872,7.0,305640,0.050000000000000044,0.004730701619956028,11202.0
873,8.0,306049,0.050000000000000044,0.004785512778099654,11217.1
874,21.0,306979,0.050000000000000044,0.004801283580669132,11251.4
875,12.0,307548,0.050000000000000044,0.0039705582545548086,11272.3
876,14.0,308178,0.050000000000000044,0.004992805095574272,11295.5
877,9.0,308596,0.050000000000000044,0.004225444161159356,11310.7
878,11.0,309216,0.050000000000000044,0.004331936744312125,11333.5
879,7.0,309685,0.050000000000000044,0.0054594156687765485,11351.0
880,7.0,310040,0.050000000000000044,0.004594242831193645,11363.9
881,15.0,310552,0.050000000000000044,0.004641689783284164,11382.8
882,7.0,310929,0.050000000000000044,0.005195204949034847,11396.9
883,10.0,311368,0.050000000000000044,0.00496752774008764,11413.0
884,7.0,311729,0.050000000000000044,0.003984633541002952,11426.2
885,7.0,312106,0.050000000000000044,0.00476572543181311,11440.4
886,15.0,312560,0.050000000000000044,0.004293127088768547,11456.6
887,20.0,313404,0.050000000000000044,0.0049583911335054935,11487.6
888,14.0,314037,0.050000000000000044,0.004544156196797163,11510.6
889,10.0,314604,0.050000000000000044,0.005172931771405941,11531.2
890,7.0,314996,0.050000000000000044,0.00462584031094816,11545.9
891,13.0,315754,0.050000000000000044,0.004513656548506981,11573.9
892,8.0,316160,0.050000000000000044,0.003884548932403381,11590.3
893,12.0,316493,0.050000000000000044,0.005168670917058492,11605.5
894,11.0,316930,0.050000000000000044,0.004428700769045209,11622.2
895,13.0,317571,0.050000000000000044,0.00405635766210267,11645.9
896,7.0,317921,0.050000000000000044,0.004575239282234439,11658.7
897,18.0,318599,0.050000000000000044,0.00434167912624128,11684.3
898,10.0,319047,0.050000000000000044,0.004494658205788126,11701.5
899,14.0,319602,0.050000000000000044,0.004532353251203391,11722.4
900,14.0,320025,0.050000000000000044,0.00420285055970324,11737.9
901,7.0,320411,0.050000000000000044,0.0048088484650014515,11752.2
902,10.0,320882,0.050000000000000044,0.004012141176034754,11769.9
903,7.0,321265,0.050000000000000044,0.003943074047176396,11784.3
904,5.0,321590,0.050000000000000044,0.004380321251407552,11796.2
905,11.0,322105,0.050000000000000044,0.004682488196181333,11814.9
906,7.0,322527,0.050000000000000044,0.004628840628658285,11830.7
907,6.0,322854,0.050000000000000044,0.004255153987284704,11842.9
908,12.0,323442,0.050000000000000044,0.004350889469104895,11864.4
909,8.0,323902,0.050000000000000044,0.004213849759443015,11880.9
910,22.0,324496,0.050000000000000044,0.004720896705499025,11903.1
911,12.0,324940,0.050000000000000044,0.004344410622866849,11919.1
912,7.0,325337,0.050000000000000044,0.004012605977967212,11933.8
913,12.0,325787,0.050000000000000044,0.004060553844966408,11950.5
914,9.0,326252,0.050000000000000044,0.004413892946616617,11967.6
915,11.0,326902,0.050000000000000044,0.004587426222233962,11991.5
916,12.0,327430,0.050000000000000044,0.004556633487068625,12011.0
917,17.0,327797,0.050000000000000044,0.004348534448021561,12025.1
918,17.0,328271,0.050000000000000044,0.0041653054096109235,12042.9
919,13.0,328822,0.050000000000000044,0.004818773584629657,12064.3
920,10.0,329322,0.050000000000000044,0.00420536653266754,12083.6
921,17.0,329961,0.050000000000000044,0.0041569302004109045,12107.6
922,17.0,330631,0.050000000000000044,0.004510871561178104,12132.0
923,14.0,331127,0.050000000000000044,0.004892373202305715,12150.6
924,13.0,331469,0.050000000000000044,0.004422325071434855,12162.8
925,15.0,332148,0.050000000000000044,0.0045297888618693665,12187.8
926,14.0,332666,0.050000000000000044,0.004271148570272065,12208.4
927,7.0,333053,0.050000000000000044,0.004584138656157798,12222.4
928,7.0,333418,0.050000000000000044,0.0046721687792379354,12235.8
929,9.0,333744,0.050000000000000044,0.004474009285063877,12247.9
930,19.0,334534,0.050000000000000044,0.004346643986483989,12277.3
931,7.0,334952,0.050000000000000044,0.0054073318833224564,12293.2
932,12.0,335713,0.050000000000000044,0.004436580729505608,12321.7
933,9.0,336179,0.050000000000000044,0.0043435815649053135,12338.4
934,16.0,336780,0.050000000000000044,0.004031952107735846,12360.3
935,13.0,337358,0.050000000000000044,0.005126205159074895,12381.5
936,4.0,337618,0.050000000000000044,0.004449167292869578,12391.3
937,18.0,338350,0.050000000000000044,0.004159076076749676,12418.7
938,8.0,338804,0.050000000000000044,0.004334190880391533,12435.9
939,15.0,339210,0.050000000000000044,0.004607232325518816,12451.1
940,7.0,339574,0.050000000000000044,0.004656201684086297,12464.4
941,14.0,340213,0.050000000000000044,0.0048166132056196576,12488.0
942,10.0,340725,0.050000000000000044,0.005095637033832645,12507.2
943,3.0,340952,0.050000000000000044,0.005342938486201532,12515.5
944,10.0,341435,0.050000000000000044,0.004793370696455703,12533.4
945,10.0,341952,0.050000000000000044,0.004130037374680995,12552.1
946,17.0,342489,0.050000000000000044,0.00438080350885747,12572.0
947,17.0,343065,0.050000000000000044,0.00484798660434333,12592.6
948,23.0,343836,0.050000000000000044,0.004779159731999276,12620.5
949,13.0,344405,0.050000000000000044,0.0037926024729091354,12641.2
950,14.0,344905,0.050000000000000044,0.004530084861442447,12659.9
951,14.0,345418,0.050000000000000044,0.0043222403521858315,12679.4
952,8.0,345818,0.050000000000000044,0.004202673237159615,12694.4
953,12.0,346365,0.050000000000000044,0.004598870997102608,12714.4
954,9.0,346816,0.050000000000000044,0.005717577760808889,12730.7
955,21.0,347426,0.050000000000000044,0.004469925729409013,12753.2
956,14.0,347964,0.050000000000000044,0.004623051708435196,12772.9
957,11.0,348528,0.050000000000000044,0.004732532033090751,12794.3
958,13.0,349173,0.050000000000000044,0.00451164184410717,12817.8
959,5.0,349454,0.050000000000000044,0.004383325606611064,12828.2
960,16.0,349939,0.050000000000000044,0.004686447858964045,12846.3
961,12.0,350411,0.050000000000000044,0.004583437063201465,12863.2
962,13.0,351035,0.050000000000000044,0.004478260916258501,12885.7
963,10.0,351526,0.050000000000000044,0.004647060611584961,12903.6
964,7.0,351868,0.050000000000000044,0.004826691088624767,12916.2
965,7.0,352266,0.050000000000000044,0.0045237747838851716,12931.1
966,4.0,352544,0.050000000000000044,0.005628469060912139,12941.1
967,12.0,353010,0.050000000000000044,0.0047891994172811125,12958.2
968,6.0,353370,0.050000000000000044,0.004767241403977904,12971.8
969,6.0,353713,0.050000000000000044,0.0044340038252587135,12984.3
970,6.0,354041,0.050000000000000044,0.004572500798087454,12996.7
971,11.0,354621,0.050000000000000044,0.00455860215728974,13017.7
972,8.0,355019,0.050000000000000044,0.005176095365536114,13032.1
973,4.0,355293,0.050000000000000044,0.005414299574684025,13042.1
974,16.0,355718,0.050000000000000044,0.004201755785547635,13057.8
975,11.0,356312,0.050000000000000044,0.004293599661329121,13079.6
976,8.0,356732,0.050000000000000044,0.004946592073455187,13095.2
977,13.0,357347,0.050000000000000044,0.0044412823599324055,13117.2
978,6.0,357760,0.050000000000000044,0.0048292633103766,13132.6
979,14.0,358136,0.050000000000000044,0.004156476406701295,13146.4
980,15.0,358654,0.050000000000000044,0.004033650304968415,13165.2
981,14.0,359297,0.050000000000000044,0.0042607995095223904,13189.3
982,12.0,359707,0.050000000000000044,0.004063098404766628,13204.4
983,8.0,360121,0.050000000000000044,0.0049861427863321945,13219.7
984,7.0,360672,0.050000000000000044,0.0039204779337118035,13240.0
985,10.0,361119,0.050000000000000044,0.0037198154007290936,13256.3
986,14.0,361482,0.050000000000000044,0.004510637960260729,13269.4
987,14.0,362043,0.050000000000000044,0.0040050238988664395,13289.9
988,8.0,362509,0.050000000000000044,0.0037054988141411458,13306.4
989,17.0,363163,0.050000000000000044,0.003876569506157594,13330.3
990,12.0,363859,0.050000000000000044,0.0036784089137779966,13355.1
991,10.0,364498,0.050000000000000044,0.003968580444587514,13378.8
992,11.0,365083,0.050000000000000044,0.004136812126634117,13401.5
993,11.0,365693,0.050000000000000044,0.004047205278146096,13423.1
994,15.0,366395,0.050000000000000044,0.00420012521586365,13448.3
995,16.0,367072,0.050000000000000044,0.004046863000846827,13473.1
996,11.0,367568,0.050000000000000044,0.0038197800082167715,13491.2
997,13.0,368091,0.050000000000000044,0.004247734629763664,13511.1
998,11.0,368485,0.050000000000000044,0.003906780611286366,13525.8
999,15.0,368945,0.050000000000000044,0.003912867976696757,13542.4
1000,16.0,369518,0.050000000000000044,0.0034595223634957253,13563.6
1001,21.0,370113,0.050000000000000044,0.003959696681900028,13585.4
1002,9.0,370572,0.050000000000000044,0.004670323782208861,13601.9
1003,8.0,370966,0.050000000000000044,0.004114305432401314,13616.6
1004,10.0,371438,0.050000000000000044,0.003966402828494102,13634.0
1005,16.0,371946,0.050000000000000044,0.004042543127915572,13652.3
1006,4.0,372222,0.050000000000000044,0.003880243927056469,13662.1
1007,8.0,372658,0.050000000000000044,0.0035499359466084237,13677.8
1008,8.0,373082,0.050000000000000044,0.003993150885194927,13694.4
1009,7.0,373479,0.050000000000000044,0.0042548253636699295,13709.8
1010,8.0,373865,0.050000000000000044,0.004234300922708576,13724.0
1011,8.0,374305,0.050000000000000044,0.003982548740962309,13739.8
1012,13.0,374778,0.050000000000000044,0.004135395257106645,13757.4
1013,8.0,375211,0.050000000000000044,0.004070943270381927,13773.8
1014,7.0,375595,0.050000000000000044,0.004210355267484071,13787.9
1015,7.0,375927,0.050000000000000044,0.004880171144698152,13799.9
1016,14.0,376452,0.050000000000000044,0.004097939132535386,13819.7
1017,6.0,376831,0.050000000000000044,0.003830431489025717,13833.8
1018,18.0,377533,0.050000000000000044,0.0040663918956220044,13860.2
1019,13.0,377901,0.050000000000000044,0.00423026358333553,13874.2
1020,16.0,378899,0.050000000000000044,0.0037994448256885114,13910.8
1021,10.0,379272,0.050000000000000044,0.0038524923444133823,13924.6
1022,15.0,379924,0.050000000000000044,0.004248497640375516,13948.8
1023,13.0,380367,0.050000000000000044,0.003613798080998185,13964.7
1024,5.0,380657,0.050000000000000044,0.003875188536115055,13975.0
1025,6.0,380995,0.050000000000000044,0.0034178904596627994,13987.4
1026,6.0,381316,0.050000000000000044,0.004353890192950278,14000.2
1027,10.0,381790,0.050000000000000044,0.003943211095823164,14017.6
1028,13.0,382366,0.050000000000000044,0.0037665562939663585,14038.4
1029,13.0,382755,0.050000000000000044,0.00426968875500328,14052.7
1030,8.0,383140,0.050000000000000044,0.003591782156402221,14066.6
1031,14.0,383760,0.050000000000000044,0.004249250579666677,14089.5
1032,6.0,384102,0.050000000000000044,0.004008955186388145,14102.1
1033,11.0,384521,0.050000000000000044,0.004178520359003334,14117.0
1034,11.0,384914,0.050000000000000044,0.00424397895503647,14132.7
1035,13.0,385573,0.050000000000000044,0.004180651992963618,14156.6
1036,16.0,386288,0.050000000000000044,0.0035051406993713047,14183.0
1037,9.0,386704,0.050000000000000044,0.00438316458866421,14198.4
1038,9.0,387031,0.050000000000000044,0.003989088279800347,14210.1
1039,19.0,387984,0.050000000000000044,0.0038803435341310407,14245.6
1040,7.0,388334,0.050000000000000044,0.00392440658445204,14258.3
1041,14.0,388952,0.050000000000000044,0.0039391192486268566,14280.4
1042,2.0,389168,0.050000000000000044,0.0039769530816960875,14288.5
1043,11.0,389788,0.050000000000000044,0.003777218659337039,14311.0
1044,9.0,390232,0.050000000000000044,0.0037670881662576518,14326.9
1045,9.0,390562,0.050000000000000044,0.004747749305908766,14338.8
1046,5.0,390850,0.050000000000000044,0.004362891948403558,14349.0
1047,12.0,391260,0.050000000000000044,0.004247257566624662,14364.1
1048,10.0,391768,0.050000000000000044,0.004289632117834976,14382.6
1049,16.0,392404,0.050000000000000044,0.004342975827818444,14406.0
1050,6.0,392789,0.050000000000000044,0.004480542065031439,14420.3
1051,9.0,393266,0.050000000000000044,0.004680875228255191,14437.5
1052,16.0,393860,0.050000000000000044,0.0044690424804528705,14458.8
1053,7.0,394224,0.050000000000000044,0.004370439900942454,14472.2
1054,12.0,394963,0.050000000000000044,0.004106465500718958,14499.5
1055,15.0,395482,0.050000000000000044,0.004190176589794005,14518.6
1056,10.0,395909,0.050000000000000044,0.0037943396662237596,14533.9
1057,7.0,396273,0.050000000000000044,0.004234021093157775,14547.3
1058,11.0,396712,0.050000000000000044,0.004307107803950634,14562.8
1059,24.0,397214,0.050000000000000044,0.003884387345413169,14581.5
1060,15.0,397753,0.050000000000000044,0.004007143527766126,14602.4
1061,8.0,398198,0.050000000000000044,0.004499054379013022,14618.6
1062,10.0,398702,0.050000000000000044,0.0047804668590995586,14637.0
1063,10.0,399191,0.050000000000000044,0.004250421571228196,14654.6
1064,8.0,399752,0.050000000000000044,0.004377387476601072,14674.8
1065,9.0,400127,0.050000000000000044,0.0039969662212145825,14687.9
1066,15.0,400529,0.050000000000000044,0.004534154341831822,14702.8
1067,11.0,401019,0.050000000000000044,0.004489393611153474,14720.9
1068,7.0,401379,0.050000000000000044,0.004243217525395772,14734.0
1069,9.0,401926,0.050000000000000044,0.003995693794841549,14753.7
1070,8.0,402324,0.050000000000000044,0.004356731803696977,14768.2
1071,9.0,402792,0.050000000000000044,0.003835617600936188,14785.3
1072,9.0,403254,0.050000000000000044,0.003928757522374118,14802.2
1073,13.0,403587,0.050000000000000044,0.004629584066374031,14814.2
1074,6.0,403925,0.050000000000000044,0.00439651694683325,14826.6
1075,7.0,404300,0.050000000000000044,0.003871285293561717,14840.1
1076,3.0,404512,0.050000000000000044,0.004477655880794562,14848.0
1077,5.0,404798,0.050000000000000044,0.004228336406648615,14858.0
1078,9.0,405221,0.050000000000000044,0.003780268231625878,14873.3
1079,8.0,405617,0.050000000000000044,0.004289854272189926,14887.4
1080,16.0,406318,0.050000000000000044,0.00374951349584965,14912.3
1081,11.0,406729,0.050000000000000044,0.004088151408444383,14927.1
1082,8.0,407063,0.050000000000000044,0.004573661971329795,14938.9
1083,9.0,407384,0.050000000000000044,0.0048757420567726,14951.1
1084,7.0,407757,0.050000000000000044,0.00410369606535687,14964.6
1085,9.0,408197,0.050000000000000044,0.0038167261809576303,14980.0
1086,7.0,408603,0.050000000000000044,0.003874931063387185,14994.8
1087,21.0,409107,0.050000000000000044,0.004057941000422625,15012.8
1088,14.0,409620,0.050000000000000044,0.0038116450917809025,15031.2
1089,14.0,410232,0.050000000000000044,0.0037321892191862893,15052.3
1090,8.0,410914,0.050000000000000044,0.0045313449763239545,15076.6
1091,16.0,411527,0.050000000000000044,0.004388439564089797,15098.2
1092,10.0,411978,0.050000000000000044,0.003981520448519152,15114.0
1093,10.0,412475,0.050000000000000044,0.004317252037196909,15131.2
1094,13.0,413036,0.050000000000000044,0.003662999464450454,15151.0
1095,3.0,413267,0.050000000000000044,0.004600066307617666,15158.9
1096,14.0,413812,0.050000000000000044,0.0038466330549312296,15178.1
1097,6.0,414160,0.050000000000000044,0.003964368509357506,15190.2
1098,14.0,414706,0.050000000000000044,0.0037504508866435565,15210.6
1099,6.0,415066,0.050000000000000044,0.0040204032248261174,15223.1
1100,14.0,415431,0.050000000000000044,0.004092435325553309,15236.2
1101,11.0,415960,0.050000000000000044,0.0037677369743104963,15254.9
1102,8.0,416371,0.050000000000000044,0.0043138958663292174,15269.4
1103,7.0,416744,0.050000000000000044,0.00464140465055485,15282.3
1104,12.0,417217,0.050000000000000044,0.004074196931984803,15299.0
1105,18.0,417733,0.050000000000000044,0.004014849599722463,15317.1
1106,8.0,418143,0.050000000000000044,0.004218894385068291,15331.4
1107,17.0,418723,0.050000000000000044,0.0041087815215899446,15352.0
1108,12.0,419184,0.050000000000000044,0.004225749547195312,15368.3
1109,8.0,419745,0.050000000000000044,0.004293455542048602,15387.5
1110,10.0,420295,0.050000000000000044,0.0037535856991201978,15406.2
1111,12.0,420882,0.050000000000000044,0.004336963641418388,15427.1
1112,12.0,421306,0.050000000000000044,0.004537273124233767,15442.3
1113,10.0,421793,0.050000000000000044,0.0039705631138615355,15459.0
1114,12.0,422349,0.050000000000000044,0.0037421033817775576,15478.3
1115,8.0,422790,0.050000000000000044,0.0040807063888511335,15493.7
1116,11.0,423200,0.050000000000000044,0.004393957370165281,15508.2
1117,15.0,423806,0.050000000000000044,0.00410450101855423,15529.6
1118,6.0,424158,0.050000000000000044,0.003761641748166188,15542.0
1119,7.0,424986,0.050000000000000044,0.004263518324851819,15571.9
1120,9.0,425399,0.050000000000000044,0.004327568957456962,15586.5
1121,17.0,425863,0.050000000000000044,0.0038414905827486453,15602.3
1122,10.0,426412,0.050000000000000044,0.003910359942531536,15621.9
1123,14.0,426834,0.050000000000000044,0.00418882002260633,15637.1
1124,8.0,427516,0.050000000000000044,0.003815711700801992,15661.1
1125,23.0,428292,0.050000000000000044,0.003770808082691408,15689.4
1126,8.0,428738,0.050000000000000044,0.003865175117788661,15705.2
1127,22.0,429456,0.050000000000000044,0.003749334178543922,15730.6
1128,11.0,430231,0.050000000000000044,0.003937350367721651,15758.3
1129,15.0,430784,0.050000000000000044,0.004096941627409633,15777.8
1130,15.0,431342,0.050000000000000044,0.003967878567392847,15798.7
1131,15.0,431910,0.050000000000000044,0.0038001699745942,15818.9
1132,5.0,432200,0.050000000000000044,0.003849740882187375,15829.2
1133,8.0,432633,0.050000000000000044,0.004339871994638062,15844.4
1134,10.0,433104,0.050000000000000044,0.003914160648881875,15861.2
1135,14.0,433506,0.050000000000000044,0.004347779364116601,15875.6
1136,10.0,433970,0.050000000000000044,0.0041031362102487414,15891.6
1137,9.0,434427,0.050000000000000044,0.004719686721954943,15908.5
1138,11.0,435237,0.050000000000000044,0.0038754784518617125,15937.4
1139,6.0,435546,0.050000000000000044,0.003879966264783516,15948.5
1140,11.0,435944,0.050000000000000044,0.003703088468308069,15962.5
1141,12.0,436517,0.050000000000000044,0.003950677077646772,15983.0
1142,13.0,437058,0.050000000000000044,0.0038794210274676255,16002.4
1143,12.0,437609,0.050000000000000044,0.004030761698462887,16022.5
1144,11.0,438110,0.050000000000000044,0.003925928493734902,16040.4
1145,9.0,438556,0.050000000000000044,0.004352187712503505,16056.7
1146,10.0,438999,0.050000000000000044,0.004088057908697294,16072.5
1147,12.0,439317,0.050000000000000044,0.004392592179290247,16083.8
1148,8.0,439752,0.050000000000000044,0.00408651406940972,16102.1
1149,10.0,440239,0.050000000000000044,0.0036917731570590526,16119.6
1150,7.0,440673,0.050000000000000044,0.00384771888555255,16135.0
1151,5.0,440979,0.050000000000000044,0.003958465311192341,16145.8
1152,19.0,441408,0.050000000000000044,0.0040331093932551906,16160.6
1153,13.0,441793,0.050000000000000044,0.003801263522737744,16174.0
1154,13.0,442195,0.050000000000000044,0.00390890802141506,16188.4
1155,10.0,442722,0.050000000000000044,0.004103089744389495,16207.0
1156,14.0,443201,0.050000000000000044,0.0036163778362177422,16224.4
1157,7.0,443606,0.050000000000000044,0.003554967202441652,16238.6
1158,13.0,444223,0.050000000000000044,0.004063581229893964,16260.4
1159,12.0,444687,0.050000000000000044,0.003975960293434488,16277.7
1160,15.0,445245,0.050000000000000044,0.004270628615725605,16297.8
1161,6.0,445570,0.050000000000000044,0.003624200542600682,16309.1
1162,8.0,446031,0.050000000000000044,0.003810944444365565,16325.6
1163,8.0,446471,0.050000000000000044,0.0036281032257565213,16340.9
1164,16.0,447311,0.050000000000000044,0.004078996887186631,16370.9
1165,12.0,447847,0.050000000000000044,0.003984951242585597,16389.9
1166,12.0,448402,0.050000000000000044,0.004394146599303428,16411.5
1167,9.0,448919,0.050000000000000044,0.003440285880975173,16429.9
1168,7.0,449324,0.050000000000000044,0.0035997718135699812,16444.1
1169,14.0,449908,0.050000000000000044,0.004208104518349426,16465.0
1170,9.0,450253,0.050000000000000044,0.0036552017703112487,16477.2
1171,10.0,450818,0.050000000000000044,0.004048811076559225,16497.2
1172,11.0,451392,0.050000000000000044,0.004255268036043888,16517.7
1173,10.0,451862,0.050000000000000044,0.0038345956976743455,16534.2
1174,6.0,452203,0.050000000000000044,0.0037202178010692453,16546.4
1175,13.0,453047,0.050000000000000044,0.0038721618242975615,16576.8
1176,7.0,453417,0.050000000000000044,0.0037828702723443812,16590.2
1177,11.0,453800,0.050000000000000044,0.003952893340053139,16603.7
1178,9.0,454171,0.050000000000000044,0.00427575281669318,16617.3
1179,9.0,454841,0.050000000000000044,0.004116414768061837,16641.2
1180,16.0,455477,0.050000000000000044,0.004010661812491844,16663.7
1181,13.0,455953,0.050000000000000044,0.0038858334242342775,16680.6
1182,5.0,456261,0.050000000000000044,0.003566741754373463,16691.4
1183,11.0,456802,0.050000000000000044,0.003683163269075209,16710.9
1184,16.0,457478,0.050000000000000044,0.0038601309283203913,16734.6
1185,10.0,457972,0.050000000000000044,0.0034818182342830923,16752.3
1186,7.0,458344,0.050000000000000044,0.003983882477260395,16765.8
1187,17.0,458889,0.050000000000000044,0.0038806238449862174,16785.5
1188,6.0,459219,0.050000000000000044,0.0039719109199447275,16797.0
1189,14.0,459735,0.050000000000000044,0.003678576142685993,16816.0
1190,6.0,460126,0.050000000000000044,0.0035922681198805534,16829.7
1191,10.0,460632,0.050000000000000044,0.003953397501786442,16847.3
1192,13.0,461093,0.050000000000000044,0.0036529414716869623,16863.7
1193,6.0,461451,0.050000000000000044,0.0037019913630786366,16877.0
1194,4.0,461702,0.050000000000000044,0.0035731454344607324,16886.0
1195,10.0,462178,0.050000000000000044,0.0038507578892294832,16902.4
1196,13.0,462815,0.050000000000000044,0.003575593140816939,16924.4
1197,11.0,463278,0.050000000000000044,0.0034701407027881406,16940.7
1198,14.0,463703,0.050000000000000044,0.004231487453696044,16955.6
1199,14.0,464278,0.050000000000000044,0.00364530624092921,16975.9
1200,12.0,464851,0.050000000000000044,0.003591602483791109,16997.0
1201,13.0,465240,0.050000000000000044,0.0037184210056032036,17011.0
1202,11.0,465676,0.050000000000000044,0.003911602309367773,17026.0
1203,12.0,466386,0.050000000000000044,0.004115155653562397,17051.0
1204,9.0,466843,0.050000000000000044,0.0037271102402039297,17066.7
1205,4.0,467103,0.050000000000000044,0.004115286707887068,17075.6
1206,17.0,467608,0.050000000000000044,0.004272460075104517,17093.5
1207,15.0,468273,0.050000000000000044,0.003748717815072549,17117.1
1208,7.0,468645,0.050000000000000044,0.004404394023504699,17130.4
1209,5.0,468974,0.050000000000000044,0.004433632764249112,17142.1
1210,15.0,469514,0.050000000000000044,0.003918898136988799,17161.3
1211,5.0,469839,0.050000000000000044,0.0036932330754084084,17172.7
1212,9.0,470338,0.050000000000000044,0.003920401312025424,17189.9
1213,19.0,471053,0.050000000000000044,0.003748567552807239,17214.7
1214,10.0,471591,0.050000000000000044,0.0037940450943790057,17233.7
1215,7.0,471950,0.050000000000000044,0.003952376042495282,17246.4
1216,5.0,472288,0.050000000000000044,0.003876252558988866,17257.9
1217,18.0,472949,0.050000000000000044,0.003966571319951858,17283.2
1218,17.0,473600,0.050000000000000044,0.00426828206449564,17305.5
1219,14.0,474086,0.050000000000000044,0.004716436899293007,17322.8
1220,10.0,474748,0.050000000000000044,0.004137474428046371,17346.1
1221,8.0,475168,0.050000000000000044,0.00418012171257509,17360.7
1222,12.0,475729,0.050000000000000044,0.004048652600608235,17380.4
1223,12.0,476251,0.050000000000000044,0.004588102856945332,17398.6
1224,12.0,476553,0.050000000000000044,0.005204437966288888,17409.3
1225,8.0,476973,0.050000000000000044,0.0044369790719689,17424.4
1226,14.0,477330,0.050000000000000044,0.0037871393372163865,17436.7
1227,12.0,477773,0.050000000000000044,0.004508752742825332,17452.3
1228,11.0,478287,0.050000000000000044,0.004304105912857048,17470.8
1229,18.0,478756,0.050000000000000044,0.0038546571646556893,17487.4
1230,17.0,479343,0.050000000000000044,0.004056553043495686,17507.9
1231,16.0,479848,0.050000000000000044,0.004352360255416889,17525.8
1232,10.0,480358,0.050000000000000044,0.00424276001902078,17544.3
1233,21.0,480947,0.050000000000000044,0.004721852799649042,17565.3
1234,18.0,481493,0.050000000000000044,0.004181317507030081,17584.0
1235,10.0,481938,0.050000000000000044,0.004419683239794222,17601.2
1236,9.0,482390,0.050000000000000044,0.0047822772758081555,17616.8
1237,7.0,482744,0.050000000000000044,0.004419722678508126,17629.0
1238,16.0,483296,0.050000000000000044,0.004252261441370533,17648.1
1239,11.0,483703,0.050000000000000044,0.004180076409929892,17662.1
1240,9.0,484128,0.050000000000000044,0.0039302830411778655,17676.8
1241,13.0,484630,0.050000000000000044,0.004281915806603072,17694.5
1242,11.0,485022,0.050000000000000044,0.0047455950205366375,17708.3
1243,11.0,485481,0.050000000000000044,0.004283473029791546,17724.5
1244,10.0,485986,0.050000000000000044,0.004807712058859444,17743.2
1245,11.0,486391,0.050000000000000044,0.004304260683941574,17757.5
1246,25.0,487082,0.050000000000000044,0.004254639536033178,17781.4
1247,7.0,487423,0.050000000000000044,0.00527543360893164,17793.2
1248,8.0,487812,0.050000000000000044,0.0043392483455339656,17806.8
1249,17.0,488365,0.050000000000000044,0.004204822913027801,17826.3
1250,10.0,488846,0.050000000000000044,0.003979276037622987,17844.0
1251,18.0,489384,0.050000000000000044,0.003995413588598841,17863.0
1252,13.0,489973,0.050000000000000044,0.004685286931074517,17883.9
1253,5.0,490281,0.050000000000000044,0.004254268958949931,17894.8
1254,5.0,490553,0.050000000000000044,0.0038406119246621314,17904.4
1255,10.0,491078,0.050000000000000044,0.004053172196838118,17922.5
1256,9.0,491423,0.050000000000000044,0.0045179855365279145,17934.5
1257,11.0,491950,0.050000000000000044,0.004678214539352282,17953.1
1258,7.0,492359,0.050000000000000044,0.004536069838232236,17967.7
1259,15.0,492972,0.050000000000000044,0.004444049870318826,17989.2
1260,18.0,493335,0.050000000000000044,0.0041276854087698685,18001.9
1261,13.0,494009,0.050000000000000044,0.004071803125815372,18026.3
1262,10.0,494441,0.050000000000000044,0.0037323821044184216,18041.3
1263,16.0,495015,0.050000000000000044,0.0037893184184061056,18061.4
1264,8.0,495438,0.050000000000000044,0.004549255056431116,18077.2
1265,20.0,496086,0.050000000000000044,0.00404664301620667,18100.3
1266,12.0,496743,0.050000000000000044,0.004187844981775368,18123.6
1267,7.0,497470,0.050000000000000044,0.004062955184939588,18149.5
1268,10.0,497918,0.050000000000000044,0.004128841561915968,18164.9
1269,10.0,498418,0.050000000000000044,0.004513043770566582,18182.2
1270,8.0,498902,0.050000000000000044,0.003884514758877133,18200.3
1271,9.0,499349,0.050000000000000044,0.0042685127384248095,18215.9
1272,20.0,499962,0.050000000000000044,0.0036836213559112824,18236.9
1273,15.0,500564,0.050000000000000044,0.0037764357477372383,18258.1
1274,5.0,500847,0.050000000000000044,0.0040541594439143375,18267.8
1275,11.0,501366,0.050000000000000044,0.004022180526144982,18285.9
1276,14.0,501920,0.050000000000000044,0.004061522454213324,18304.9
1277,16.0,502418,0.050000000000000044,0.004243430727110973,18322.6
1278,8.0,502834,0.050000000000000044,0.003728834591199232,18337.4
1279,11.0,503282,0.050000000000000044,0.003967927155827056,18352.8
1280,5.0,503574,0.050000000000000044,0.0038563649071227404,18362.6
1281,8.0,504029,0.050000000000000044,0.003674417558755562,18378.4
1282,14.0,504409,0.050000000000000044,0.004423469583669334,18391.7
1283,14.0,505101,0.050000000000000044,0.0044239969187075635,18415.6
1284,9.0,505657,0.050000000000000044,0.003811923831072301,18435.0
1285,7.0,506057,0.050000000000000044,0.0038477609664550982,18448.9
1286,9.0,506616,0.050000000000000044,0.004544864634213526,18467.9
1287,11.0,507145,0.050000000000000044,0.003990888880567523,18486.1
1288,7.0,507666,0.050000000000000044,0.004423060024853424,18503.9
1289,4.0,507932,0.050000000000000044,0.004213036537779621,18513.0
1290,4.0,508198,0.050000000000000044,0.004425371441678529,18522.0
1291,12.0,508694,0.050000000000000044,0.004491419963150909,18539.2
1292,9.0,509042,0.050000000000000044,0.004540086335311216,18551.4
1293,9.0,509473,0.050000000000000044,0.004482702245009877,18566.3
1294,15.0,509891,0.050000000000000044,0.004511901372419804,18580.6
1295,6.0,510237,0.050000000000000044,0.003787554236434432,18592.5
1296,10.0,510748,0.050000000000000044,0.0042316004694958895,18610.3
1297,15.0,511184,0.050000000000000044,0.0038076365544672183,18625.4
1298,11.0,511961,0.050000000000000044,0.004332015869262217,18652.5
1299,10.0,512696,0.050000000000000044,0.0040764947572317555,18677.6
1300,20.0,513322,0.050000000000000044,0.0040368184222454445,18699.0
1301,11.0,513783,0.050000000000000044,0.003758441678166527,18715.4
1302,6.0,514146,0.050000000000000044,0.003685565403509967,18727.8
1303,13.0,514705,0.050000000000000044,0.0036522893083893258,18747.0
1304,7.0,515097,0.050000000000000044,0.0037997683070063095,18760.3
1305,10.0,515487,0.050000000000000044,0.003942698673106348,18773.7
1306,8.0,515901,0.050000000000000044,0.004167078049394531,18787.9
1307,9.0,516487,0.050000000000000044,0.004125785283126897,18809.2
1308,14.0,517047,0.050000000000000044,0.004309379158283783,18828.5
1309,8.0,517444,0.050000000000000044,0.0035823418457361328,18842.2
1310,7.0,517793,0.050000000000000044,0.00393503025223509,18854.1
1311,8.0,518216,0.050000000000000044,0.0037552140573046257,18868.6
1312,10.0,518668,0.050000000000000044,0.004199865473737215,18884.0
1313,19.0,519408,0.050000000000000044,0.004145631113017255,18909.7
1314,13.0,519900,0.050000000000000044,0.0036356947598912624,18926.9
1315,11.0,520427,0.050000000000000044,0.0038174109596828,18945.0
1316,12.0,521133,0.050000000000000044,0.004069789083247144,18969.2
1317,18.0,521830,0.050000000000000044,0.004038977979797966,18993.1
1318,11.0,522553,0.050000000000000044,0.004121680238881866,19017.6
1319,11.0,523019,0.050000000000000044,0.004118212345211123,19033.4
1320,7.0,523506,0.050000000000000044,0.003574002277535373,19050.6
1321,16.0,524044,0.050000000000000044,0.0037175703507702673,19068.7
1322,7.0,524408,0.050000000000000044,0.003996043235759486,19081.0
1323,15.0,524825,0.050000000000000044,0.004073508603222516,19095.1
1324,11.0,525246,0.050000000000000044,0.0037839801008967937,19109.4
1325,6.0,525579,0.050000000000000044,0.004071871998968783,19120.6
1326,4.0,525849,0.050000000000000044,0.0042653843527659776,19129.7
1327,11.0,526230,0.050000000000000044,0.004042031613008664,19142.6
1328,20.0,526693,0.050000000000000044,0.0039973129446922,19158.3
1329,5.0,527001,0.050000000000000044,0.004142283483910338,19168.7
1330,5.0,527296,0.050000000000000044,0.003993792157872753,19178.6
1331,14.0,527854,0.050000000000000044,0.003717105216776458,19197.6
1332,11.0,528420,0.050000000000000044,0.0035476940856792377,19216.7
1333,9.0,528859,0.050000000000000044,0.004083744270126664,19231.7
1334,19.0,529312,0.050000000000000044,0.003575072361919083,19246.6
1335,16.0,529740,0.050000000000000044,0.0037578820253920384,19260.9
1336,12.0,530512,0.050000000000000044,0.004118575899405743,19287.1
1337,11.0,531050,0.050000000000000044,0.003894143456443417,19305.0
1338,19.0,531631,0.050000000000000044,0.004394994220310075,19324.4
1339,7.0,532019,0.050000000000000044,0.00424796000069617,19337.4
1340,12.0,532653,0.050000000000000044,0.00435937404609065,19358.7
1341,15.0,533226,0.050000000000000044,0.004242758610185048,19377.5
1342,19.0,533781,0.050000000000000044,0.004341669578885508,19397.1
1343,12.0,534445,0.050000000000000044,0.004395670184047881,19419.1
1344,7.0,534806,0.050000000000000044,0.004473531003261031,19431.1
1345,14.0,535500,0.050000000000000044,0.004178144329600573,19454.1
1346,8.0,535948,0.050000000000000044,0.003992071571701672,19469.0
1347,17.0,536437,0.050000000000000044,0.0037738073945515894,19485.0
1348,14.0,537001,0.050000000000000044,0.004260279956118514,19503.8
1349,18.0,537504,0.050000000000000044,0.004022469322630399,19520.2
1350,10.0,538044,0.050000000000000044,0.004089489744553618,19538.0
1351,8.0,538495,0.050000000000000044,0.004163809825212978,19552.8
1352,12.0,539054,0.050000000000000044,0.004050106978900264,19571.2
1353,20.0,539714,0.050000000000000044,0.0038651316282939108,19592.8
1354,15.0,540148,0.050000000000000044,0.0042892906939276075,19606.9
1355,24.0,541060,0.050000000000000044,0.004143818147241019,19636.7
1356,14.0,541598,0.050000000000000044,0.0037781165682946134,19654.6
1357,12.0,542070,0.050000000000000044,0.003432358799342429,19669.9
1358,13.0,542815,0.050000000000000044,0.004354792686207407,19694.4
1359,15.0,543414,0.050000000000000044,0.0038991091687011477,19713.9
1360,11.0,544076,0.050000000000000044,0.003993445001266477,19735.4
1361,15.0,544679,0.050000000000000044,0.004265374611853892,19755.2
1362,8.0,545192,0.050000000000000044,0.004117555535520058,19771.8
1363,13.0,545886,0.050000000000000044,0.003648039499302435,19794.2
1364,13.0,546418,0.050000000000000044,0.00421429241642433,19811.5
1365,9.0,546914,0.050000000000000044,0.0037376459824313753,19827.6
1366,25.0,547633,0.050000000000000044,0.003864150901385926,19850.9
1367,14.0,548155,0.050000000000000044,0.004137623054243025,19867.9
1368,12.0,548565,0.050000000000000044,0.0045908062491656805,19881.4
1369,7.0,548992,0.050000000000000044,0.004146553363064326,19895.4
1370,9.0,549450,0.050000000000000044,0.004207309954911552,19910.4
1371,11.0,549969,0.050000000000000044,0.004680228710640222,19927.1
1372,8.0,550334,0.050000000000000044,0.004746471130454989,19938.9
1373,5.0,550680,0.050000000000000044,0.004296724404096657,19950.0
1374,18.0,551223,0.050000000000000044,0.003775313481367768,19967.4
1375,6.0,551567,0.050000000000000044,0.003432489060837407,19978.6
1376,9.0,551973,0.050000000000000044,0.003962719716215414,19992.0
1377,15.0,552551,0.050000000000000044,0.003938697994917077,20011.6
1378,16.0,553030,0.050000000000000044,0.004097336871619482,20027.2
1379,9.0,553546,0.050000000000000044,0.004346780639250994,20044.1
1380,12.0,554093,0.050000000000000044,0.004330748425697877,20061.8
1381,15.0,554721,0.050000000000000044,0.0038924349075595546,20082.0
1382,6.0,555044,0.050000000000000044,0.0041959172422167245,20092.4
1383,16.0,555625,0.050000000000000044,0.0037664993182818522,20111.0
1384,11.0,556127,0.050000000000000044,0.0035483227215755537,20127.2
1385,8.0,556534,0.050000000000000044,0.003924499101809819,20140.3
1386,13.0,557033,0.050000000000000044,0.0038750599047919373,20156.2
1387,10.0,557534,0.050000000000000044,0.004017693000128065,20172.5
1388,10.0,558071,0.050000000000000044,0.003912276853404045,20189.7
1389,14.0,558668,0.050000000000000044,0.004266793939863742,20208.8
1390,13.0,559340,0.050000000000000044,0.0038152078427845567,20230.5
1391,17.0,559951,0.050000000000000044,0.0039009321245681893,20250.4
1392,24.0,560586,0.050000000000000044,0.003728051753311352,20270.8
1393,14.0,561160,0.050000000000000044,0.0037025223596253553,20289.2
1394,17.0,561636,0.050000000000000044,0.003964261333565736,20304.5
1395,9.0,562099,0.050000000000000044,0.003691067729048737,20319.3
1396,7.0,562476,0.050000000000000044,0.0038401165395661376,20331.4
1397,6.0,562808,0.050000000000000044,0.003884699916907485,20342.0
1398,12.0,563354,0.050000000000000044,0.003662261406374215,20359.3
1399,7.0,563709,0.050000000000000044,0.004182256322229465,20370.6
1400,12.0,564374,0.050000000000000044,0.0034595205614000165,20391.9
1401,11.0,564792,0.050000000000000044,0.003791351967661655,20405.2
1402,19.0,565231,0.050000000000000044,0.0035120515231836526,20419.3
1403,12.0,565790,0.050000000000000044,0.0037376033794051552,20437.2
1404,16.0,566370,0.050000000000000044,0.004136716563692156,20455.5
1405,13.0,566859,0.050000000000000044,0.0036084548599260016,20471.1
1406,7.0,567285,0.050000000000000044,0.003977114664409266,20484.8
1407,15.0,567673,0.050000000000000044,0.0036715830896186558,20497.1
1408,8.0,568046,0.050000000000000044,0.003710446430304045,20508.8
1409,5.0,568337,0.050000000000000044,0.004075296167756312,20518.0
1410,15.0,568758,0.050000000000000044,0.003908554030661947,20531.4
1411,9.0,569085,0.050000000000000044,0.0044868608423300795,20541.7
1412,7.0,569473,0.050000000000000044,0.003824186088282077,20553.9
1413,10.0,569943,0.050000000000000044,0.0038567994106957254,20568.8
1414,14.0,570288,0.050000000000000044,0.003729406212443027,20579.6
1415,8.0,570755,0.050000000000000044,0.004113774453499205,20597.7
1416,20.0,571226,0.050000000000000044,0.0035499765225261008,20614.2
1417,10.0,571596,0.050000000000000044,0.0034476806326278462,20626.2
1418,11.0,572063,0.050000000000000044,0.004175000281593656,20641.2
1419,17.0,572823,0.050000000000000044,0.00352961803483164,20665.6
1420,13.0,573472,0.050000000000000044,0.003725105388328944,20686.5
1421,16.0,573927,0.050000000000000044,0.0036608825215128263,20701.0
1422,17.0,574612,0.050000000000000044,0.0038912492896851667,20723.0
1423,13.0,574944,0.050000000000000044,0.0037348783464193434,20733.6
1424,12.0,575532,0.050000000000000044,0.00387078280658477,20752.4
1425,8.0,576124,0.050000000000000044,0.003957209173087314,20771.4
1426,9.0,576618,0.050000000000000044,0.0031417073161852157,20787.2
1427,23.0,577302,0.050000000000000044,0.0036180799658313578,20808.9
1428,11.0,577740,0.050000000000000044,0.003275213434470426,20822.9
1429,5.0,578182,0.050000000000000044,0.003679261873665843,20836.9
1430,14.0,578532,0.050000000000000044,0.0033341689584111527,20848.1
1431,9.0,578974,0.050000000000000044,0.0035583868514002634,20862.0
1432,15.0,579611,0.050000000000000044,0.003593672713059406,20882.0
1433,5.0,579960,0.050000000000000044,0.003566800775293282,20893.0
1434,6.0,580320,0.050000000000000044,0.003509823942860951,20904.5
1435,10.0,580782,0.050000000000000044,0.003409621853066923,20919.1
1436,4.0,581060,0.050000000000000044,0.002913527357142432,20928.3
1437,15.0,581586,0.050000000000000044,0.0037718509240235298,20945.1
1438,5.0,581863,0.050000000000000044,0.0034552991696186228,20953.9
1439,7.0,582253,0.050000000000000044,0.003040786023036792,20966.3
1440,4.0,582534,0.050000000000000044,0.0036928217269370854,20975.2
1441,14.0,583013,0.050000000000000044,0.003260457848873386,20990.5
1442,11.0,583423,0.050000000000000044,0.003183664636482008,21003.7
1443,3.0,583634,0.050000000000000044,0.0038027901111956316,21011.0
1444,7.0,584005,0.050000000000000044,0.003560718616490777,21023.8
1445,12.0,584498,0.050000000000000044,0.0039991023774357025,21040.2
1446,7.0,584888,0.050000000000000044,0.0038524046268624563,21052.7
1447,8.0,585255,0.050000000000000044,0.003859632075808648,21064.6
1448,4.0,585516,0.050000000000000044,0.004125746664630385,21072.9
1449,16.0,585906,0.050000000000000044,0.0035534907377157837,21085.4
1450,4.0,586151,0.050000000000000044,0.0036268001168072985,21093.3
1451,11.0,586420,0.050000000000000044,0.003770705178764313,21102.5
1452,12.0,586720,0.050000000000000044,0.0034931729087838903,21112.1
1453,8.0,587164,0.050000000000000044,0.00421737409199416,21126.2
1454,6.0,587483,0.050000000000000044,0.003662631511950988,21136.4
1455,11.0,587920,0.050000000000000044,0.003271847158282552,21150.8
1456,11.0,588376,0.050000000000000044,0.003665604981059707,21165.4
1457,13.0,588872,0.050000000000000044,0.004358192192739807,21181.4
1458,13.0,589203,0.050000000000000044,0.004557710878826745,21192.3
1459,18.0,589729,0.050000000000000044,0.0034992583467848173,21210.0
1460,14.0,590105,0.050000000000000044,0.0035849203901461998,21222.0
1461,14.0,590628,0.050000000000000044,0.004041394267438681,21239.0
1462,4.0,590891,0.050000000000000044,0.0039036323262392736,21247.8
1463,10.0,591257,0.050000000000000044,0.0037349630950357193,21259.5
1464,13.0,591616,0.050000000000000044,0.0038429112789742544,21271.0
1465,5.0,591924,0.050000000000000044,0.003558170019010953,21280.8
1466,15.0,592339,0.050000000000000044,0.0038835067244482237,21294.1
1467,18.0,592896,0.050000000000000044,0.003692774866002025,21311.9
1468,10.0,593364,0.050000000000000044,0.0033146269383400474,21327.8
1469,9.0,593768,0.050000000000000044,0.003460075524560692,21341.0
1470,13.0,594449,0.050000000000000044,0.003417833591811359,21363.0
1471,7.0,594860,0.050000000000000044,0.003934023578208248,21376.1
1472,10.0,595389,0.050000000000000044,0.0035258576104246673,21393.1
1473,12.0,595967,0.050000000000000044,0.0035895756463952054,21411.8
1474,13.0,596531,0.050000000000000044,0.0032029731582242545,21430.1
1475,15.0,597200,0.050000000000000044,0.003594789790182398,21451.8
1476,8.0,597620,0.050000000000000044,0.0034842080730457035,21465.7
1477,15.0,598013,0.050000000000000044,0.003351516584580191,21478.7
1478,6.0,598342,0.050000000000000044,0.003526013573641552,21489.5
1479,9.0,598777,0.050000000000000044,0.003220734427865038,21503.7
1480,9.0,599241,0.050000000000000044,0.0034349429385248844,21518.6
1481,14.0,599834,0.050000000000000044,0.0038984280331280166,21537.9
1482,13.0,600294,0.050000000000000044,0.003508034205246393,21552.9
1483,17.0,600904,0.050000000000000044,0.003561612680176517,21572.8
1484,9.0,601408,0.050000000000000044,0.003990653242374445,21589.2
1485,12.0,601708,0.050000000000000044,0.0032595438496597733,21599.0
1486,11.0,602270,0.050000000000000044,0.0037652680999806544,21617.3
1487,18.0,602809,0.050000000000000044,0.003977044167041136,21635.0
1488,6.0,603141,0.050000000000000044,0.003384829385918621,21645.8
1489,12.0,603710,0.050000000000000044,0.0037963472883485467,21664.4
1490,10.0,604193,0.050000000000000044,0.0034580098279013336,21680.3
1491,12.0,604510,0.050000000000000044,0.003961993134962483,21690.8
1492,27.0,605068,0.050000000000000044,0.0037906256048083906,21709.0
1493,12.0,605367,0.050000000000000044,0.0034624369424475,21718.8
1494,8.0,605798,0.050000000000000044,0.004141648168720979,21732.8
1495,12.0,606099,0.050000000000000044,0.003532669257699045,21742.7
1496,12.0,606544,0.050000000000000044,0.004143670238842246,21757.1
1497,18.0,607097,0.050000000000000044,0.0037066842673327874,21775.1
1498,5.0,607379,0.050000000000000044,0.0035831232917253983,21784.4
1499,12.0,607938,0.050000000000000044,0.0038393050950138842,21804.0
1500,10.0,608333,0.050000000000000044,0.003998780028918122,21816.9
1501,6.0,608685,0.050000000000000044,0.003953417590475345,21828.9
1502,15.0,609093,0.050000000000000044,0.0036057638770252394,21842.2
1503,6.0,609427,0.050000000000000044,0.003894491137728976,21853.2
1504,12.0,609864,0.050000000000000044,0.003392901501615129,21867.5
1505,18.0,610291,0.050000000000000044,0.004039493640797514,21881.5
1506,10.0,610647,0.050000000000000044,0.0040308054540832165,21893.2
1507,12.0,611137,0.050000000000000044,0.0031312633801147114,21909.3
1508,5.0,611448,0.050000000000000044,0.0035631777188992217,21919.9
1509,10.0,611814,0.050000000000000044,0.0033826172645101986,21932.1
1510,9.0,612274,0.050000000000000044,0.003455044627670482,21947.5
1511,16.0,613072,0.050000000000000044,0.003940621963970568,21973.8
1512,9.0,613415,0.050000000000000044,0.0035515872526740108,21985.2
1513,7.0,613782,0.050000000000000044,0.003571658681669559,21997.4
1514,11.0,614049,0.050000000000000044,0.0036735177955290214,22006.3
1515,6.0,614414,0.050000000000000044,0.0038266169487766615,22018.5
1516,9.0,614835,0.050000000000000044,0.003571491390676846,22032.4
1517,11.0,615103,0.050000000000000044,0.003909953344707141,22041.1
1518,6.0,615481,0.050000000000000044,0.003857643815791037,22054.0
1519,12.0,615923,0.050000000000000044,0.003319862570347079,22068.5
1520,16.0,616381,0.050000000000000044,0.003665967210115637,22083.7
1521,7.0,616744,0.050000000000000044,0.003594376298806761,22095.7
1522,12.0,617315,0.050000000000000044,0.003675816636923994,22114.6
1523,8.0,617744,0.050000000000000044,0.0034224313243112086,22128.8
1524,9.0,618249,0.050000000000000044,0.0035055404495549307,22145.6
1525,13.0,618623,0.050000000000000044,0.003577359500067199,22157.8
1526,11.0,619107,0.050000000000000044,0.003681032921881261,22173.7
1527,13.0,619682,0.050000000000000044,0.00359334395925069,22193.0
1528,21.0,620083,0.050000000000000044,0.0031437339373525147,22206.3
1529,12.0,620550,0.050000000000000044,0.00339958657561931,22221.7
1530,12.0,621011,0.050000000000000044,0.0033365970151953465,22236.8
1531,4.0,621287,0.050000000000000044,0.003663045586174543,22245.9
1532,14.0,621755,0.050000000000000044,0.0035496729721601764,22261.5
1533,11.0,622158,0.050000000000000044,0.0038328362733100266,22274.9
1534,17.0,622844,0.050000000000000044,0.0036242558213077083,22297.5
1535,10.0,623272,0.050000000000000044,0.0037730459148873725,22311.5
1536,3.0,623502,0.050000000000000044,0.003657439730950105,22319.0
1537,13.0,624077,0.050000000000000044,0.0033123304759678633,22338.2
1538,12.0,624692,0.050000000000000044,0.003535947129811819,22358.8
1539,16.0,625153,0.050000000000000044,0.0032158442901714084,22373.9
1540,8.0,625630,0.050000000000000044,0.003306242419149047,22389.8
1541,10.0,625978,0.050000000000000044,0.0035408798005731627,22402.7
1542,10.0,626368,0.050000000000000044,0.0034157202617886165,22415.9
1543,7.0,626732,0.050000000000000044,0.0034914868341689768,22428.1
1544,12.0,627387,0.050000000000000044,0.0034739782700478634,22450.0
1545,8.0,627663,0.050000000000000044,0.0032539409197246036,22459.2
1546,10.0,628211,0.050000000000000044,0.0032774222793565707,22477.4
1547,24.0,628892,0.050000000000000044,0.0037462733946323516,22500.1
1548,10.0,629270,0.050000000000000044,0.0036761497643840297,22512.7
1549,9.0,629845,0.050000000000000044,0.00374277365869721,22531.7
1550,10.0,630325,0.050000000000000044,0.0034558649843044503,22547.9
1551,8.0,630713,0.050000000000000044,0.0037327428449175715,22560.8
1552,13.0,631192,0.050000000000000044,0.003886354440800838,22576.8
1553,20.0,631857,0.050000000000000044,0.0037646534068411903,22598.8
1554,8.0,632301,0.050000000000000044,0.0037041773663273685,22613.5
1555,16.0,632626,0.050000000000000044,0.004188619410583319,22624.2
1556,13.0,633146,0.050000000000000044,0.003980975585335937,22641.5
1557,6.0,633474,0.050000000000000044,0.004049623914974424,22652.3
1558,12.0,634039,0.050000000000000044,0.0039325717347261984,22671.2
1559,8.0,634734,0.050000000000000044,0.004236814899708432,22695.8
1560,6.0,635073,0.050000000000000044,0.003931614326499952,22707.4
1561,11.0,635481,0.050000000000000044,0.004085409596811195,22720.9
1562,7.0,635828,0.050000000000000044,0.003878100916759382,22732.8
1563,15.0,636265,0.050000000000000044,0.004038419489252213,22747.3
1564,10.0,636772,0.050000000000000044,0.0037544360477339543,22764.3
1565,9.0,637201,0.050000000000000044,0.0034519132482602167,22778.6
1566,7.0,637566,0.050000000000000044,0.004823852124247598,22790.8
1567,9.0,637984,0.050000000000000044,0.004153272741681419,22804.7
1568,9.0,638355,0.050000000000000044,0.00411623810647643,22817.4
1569,13.0,638858,0.050000000000000044,0.004308457059899593,22834.3
1570,10.0,639236,0.050000000000000044,0.0036257351662411733,22846.8
1571,14.0,639761,0.050000000000000044,0.003871293089219502,22864.4
1572,9.0,640106,0.050000000000000044,0.0036450540457946667,22876.0
1573,12.0,640662,0.050000000000000044,0.003985610066514408,22894.5
1574,16.0,641270,0.050000000000000044,0.004076687764034814,22915.2
1575,6.0,641619,0.050000000000000044,0.0037335583846415674,22927.5
1576,19.0,642060,0.050000000000000044,0.0035769556238011892,22943.5
1577,7.0,642432,0.050000000000000044,0.003734839413883365,22958.2
1578,15.0,643015,0.050000000000000044,0.0038907721660245294,22978.1
1579,5.0,643354,0.050000000000000044,0.0036546707386494364,22989.7
1580,9.0,643840,0.050000000000000044,0.0039038795119327773,23008.5
1581,11.0,644338,0.050000000000000044,0.00354121428405694,23025.4
1582,18.0,645054,0.050000000000000044,0.0033988712685392108,23049.3
1583,4.0,645312,0.050000000000000044,0.00341862074822339,23057.6
1584,14.0,645675,0.050000000000000044,0.004011910139023744,23069.5
1585,8.0,646105,0.050000000000000044,0.0035958057097538352,23083.3
1586,5.0,646431,0.050000000000000044,0.003928460170760568,23093.9
1587,7.0,646803,0.050000000000000044,0.003721166544491225,23106.1
1588,18.0,647543,0.050000000000000044,0.0040905945088771,23129.8
1589,6.0,648123,0.050000000000000044,0.0037989167916058597,23148.2
1590,19.0,648623,0.050000000000000044,0.003351710284128785,23164.3
1591,13.0,649374,0.050000000000000044,0.003478586416413757,23188.5
1592,11.0,649902,0.050000000000000044,0.003769455127246946,23205.2
1593,10.0,650384,0.050000000000000044,0.0039290075926535235,23220.6
1594,7.0,650747,0.050000000000000044,0.003656081592961735,23232.2
1595,23.0,651766,0.050000000000000044,0.0036516451158367055,23264.5
1596,5.0,652084,0.050000000000000044,0.0031568233801254056,23275.0
1597,6.0,652522,0.050000000000000044,0.0037210367390881696,23288.9
1598,14.0,652946,0.050000000000000044,0.0035819437221364767,23302.3
1599,5.0,653243,0.050000000000000044,0.0036837973203494366,23311.7
1600,7.0,653616,0.050000000000000044,0.0035963976913663603,23323.6
1601,10.0,654063,0.050000000000000044,0.0037413933117753126,23337.7
1602,12.0,654488,0.050000000000000044,0.003554322967196212,23351.4
1603,9.0,654927,0.050000000000000044,0.004119208719923982,23365.4
1604,7.0,655293,0.050000000000000044,0.0033653168752980343,23377.0
1605,10.0,655661,0.050000000000000044,0.0036654873734021194,23388.6
1606,10.0,656295,0.050000000000000044,0.003644103111536903,23408.7
1607,17.0,656741,0.050000000000000044,0.0038893740452437624,23422.8
1608,6.0,657073,0.050000000000000044,0.003638492463575957,23433.2
1609,10.0,657582,0.050000000000000044,0.003383155524605347,23449.2
1610,17.0,658112,0.050000000000000044,0.0038373991204557483,23466.1
1611,11.0,658717,0.050000000000000044,0.0032173167803509484,23485.5
1612,6.0,659049,0.050000000000000044,0.004080501136072653,23496.5
1613,12.0,659492,0.050000000000000044,0.0040868320481317714,23510.6
1614,8.0,659891,0.050000000000000044,0.0040085262167886045,23523.2
1615,18.0,660413,0.050000000000000044,0.004092739855400483,23539.7
1616,5.0,660886,0.050000000000000044,0.004376480445816097,23555.4
1617,18.0,661547,0.050000000000000044,0.0036364583723541523,23577.0
1618,11.0,661940,0.050000000000000044,0.003318843407924915,23589.8
1619,6.0,662279,0.050000000000000044,0.003475243726554313,23601.6
1620,5.0,662646,0.050000000000000044,0.0035326576890672584,23613.5
1621,14.0,663436,0.050000000000000044,0.0038444498438193592,23639.3
1622,20.0,664024,0.050000000000000044,0.003525619095624551,23658.3
1623,11.0,664584,0.050000000000000044,0.003646858983743836,23676.6
1624,21.0,665080,0.050000000000000044,0.003682036833314698,23692.6
1625,12.0,665381,0.050000000000000044,0.00322146044635644,23702.2
1626,15.0,666018,0.050000000000000044,0.003158156502808428,23722.9
1627,17.0,666538,0.050000000000000044,0.003492689814055876,23739.6
1628,29.0,667040,0.050000000000000044,0.00370216283778404,23755.5
1629,12.0,667476,0.050000000000000044,0.003321763186650393,23769.6
1630,5.0,667767,0.050000000000000044,0.0037523921968373774,23779.2
1631,9.0,668240,0.050000000000000044,0.0035836573521090755,23794.4
1632,11.0,668783,0.050000000000000044,0.00416908984121388,23811.8
1633,10.0,669131,0.050000000000000044,0.0037369838463819595,23823.1
1634,7.0,669520,0.050000000000000044,0.0034614729401440023,23835.6
1635,9.0,669967,0.050000000000000044,0.0038265292088697006,23850.1
1636,6.0,670303,0.050000000000000044,0.003340437420514978,23860.8
1637,9.0,670736,0.050000000000000044,0.0031724010367542247,23874.5
1638,14.0,671342,0.050000000000000044,0.0039044512153784483,23893.8
1639,12.0,671758,0.050000000000000044,0.0038590834435756104,23907.0
1640,10.0,672200,0.050000000000000044,0.0033969139927583093,23921.1
1641,8.0,672610,0.050000000000000044,0.004154148227790734,23934.3
1642,15.0,673065,0.050000000000000044,0.0034679356860099256,23948.9
1643,8.0,673433,0.050000000000000044,0.0035317047614902867,23960.5
1644,11.0,673884,0.050000000000000044,0.0032402800086074137,23974.8
1645,16.0,674563,0.050000000000000044,0.0035971232702947374,23996.4
1646,11.0,674998,0.050000000000000044,0.0037790716779632387,24010.3
1647,14.0,675581,0.050000000000000044,0.004223011088626233,24028.7
1648,10.0,675943,0.050000000000000044,0.003972404319677214,24040.1
1649,16.0,676532,0.050000000000000044,0.0036175100901480353,24058.7
1650,21.0,677217,0.050000000000000044,0.003942029822760527,24080.7
1651,16.0,677672,0.050000000000000044,0.004116245857465521,24095.0
1652,13.0,678199,0.050000000000000044,0.003594025673054908,24111.6
1653,10.0,678841,0.050000000000000044,0.004184702640135317,24131.7
1654,22.0,679371,0.050000000000000044,0.0038743623570793853,24148.3
1655,8.0,679790,0.050000000000000044,0.004075671606035881,24161.3
1656,9.0,680209,0.050000000000000044,0.0041603303893951605,24174.3
1657,9.0,680612,0.050000000000000044,0.0038965706158574976,24186.9
1658,8.0,681026,0.050000000000000044,0.0034770907274310156,24200.6
1659,14.0,681705,0.050000000000000044,0.003653441640152013,24222.1
1660,6.0,682188,0.050000000000000044,0.0034668576266369774,24237.2
1661,10.0,682616,0.050000000000000044,0.004170313072782532,24250.7
1662,16.0,683045,0.050000000000000044,0.003503240114143053,24264.0
1663,11.0,683485,0.050000000000000044,0.0033760479016398844,24277.7
1664,9.0,683818,0.050000000000000044,0.003373275918070809,24288.3
1665,10.0,684162,0.050000000000000044,0.0040794182042550664,24299.0
1666,13.0,684654,0.050000000000000044,0.0034143126780750246,24314.5
1667,20.0,685226,0.050000000000000044,0.0034949307770987684,24332.4
1668,11.0,685741,0.050000000000000044,0.004309536597252941,24348.6
1669,18.0,686159,0.050000000000000044,0.0035960115403222124,24361.8
1670,27.0,686763,0.050000000000000044,0.004141962742883965,24380.7
1671,14.0,687129,0.050000000000000044,0.0038621523901005914,24392.2
1672,11.0,687510,0.050000000000000044,0.0042457438122635105,24404.1
1673,10.0,688033,0.050000000000000044,0.003797973498695817,24420.5
1674,20.0,688806,0.050000000000000044,0.003726582003339889,24444.6
1675,8.0,689205,0.050000000000000044,0.004237932709738948,24457.0
1676,16.0,689636,0.050000000000000044,0.004009540336613874,24470.4
1677,15.0,690269,0.050000000000000044,0.0032300399756592393,24489.9
1678,9.0,690762,0.050000000000000044,0.0033032718355650303,24505.2
1679,11.0,691193,0.050000000000000044,0.00353007120706396,24518.7
1680,10.0,691710,0.050000000000000044,0.0037734310349406283,24534.8
1681,9.0,692162,0.050000000000000044,0.0033729095800070965,24548.8
1682,12.0,692589,0.050000000000000044,0.003686293919540209,24561.9
1683,16.0,693255,0.050000000000000044,0.003605591407844198,24582.6
1684,10.0,693755,0.050000000000000044,0.0035842883069999516,24598.1
1685,6.0,694094,0.050000000000000044,0.0044242988322012585,24608.6
1686,9.0,694591,0.050000000000000044,0.0034336905408335824,24624.2
1687,17.0,695178,0.050000000000000044,0.0038365231898495867,24642.2
1688,12.0,695627,0.050000000000000044,0.003873575056559782,24656.1
1689,8.0,696019,0.050000000000000044,0.00414778169482704,24668.6
1690,13.0,696494,0.050000000000000044,0.0037705826178487194,24683.5
1691,4.0,696789,0.050000000000000044,0.004792592213568041,24692.5
1692,21.0,697502,0.050000000000000044,0.0034384610629209474,24714.7
1693,13.0,698163,0.050000000000000044,0.003720014880033726,24735.3
1694,11.0,698754,0.050000000000000044,0.004232252408063288,24753.7
1695,8.0,699052,0.050000000000000044,0.0035811105833682636,24762.9
1696,2.0,699257,0.050000000000000044,0.0034311044257043337,24769.2
1697,13.0,699888,0.050000000000000044,0.004757289341340954,24788.9
1698,13.0,700551,0.050000000000000044,0.004063857854329903,24810.3
1699,8.0,700977,0.050000000000000044,0.004151294107916175,24823.5
1700,16.0,701385,0.050000000000000044,0.003747838507942837,24836.2
1701,20.0,701856,0.050000000000000044,0.004120572828396072,24851.0
1702,10.0,702337,0.050000000000000044,0.0040983229608366,24865.8
1703,17.0,703159,0.050000000000000044,0.003932907974569539,24891.3
1704,10.0,703637,0.050000000000000044,0.004463524901538027,24905.8
1705,15.0,704168,0.050000000000000044,0.004168974639051602,24922.3
1706,5.0,704479,0.050000000000000044,0.004501510532782488,24932.4
1707,10.0,705038,0.050000000000000044,0.004314320687577795,24950.0
1708,8.0,705454,0.050000000000000044,0.004435632813161087,24962.7
1709,8.0,705873,0.050000000000000044,0.0038474645935996994,24975.9
1710,21.0,706544,0.050000000000000044,0.004241802248997606,24996.6
1711,5.0,706860,0.050000000000000044,0.004315788252168642,25006.3
1712,7.0,707211,0.050000000000000044,0.004576218841986153,25017.2
1713,11.0,707618,0.050000000000000044,0.004306554341807742,25029.7
1714,14.0,708236,0.050000000000000044,0.0037812916644845867,25049.0
1715,16.0,708560,0.050000000000000044,0.0048449225147056425,25058.8
1716,11.0,708946,0.050000000000000044,0.004000388175415579,25070.8
1717,7.0,709312,0.050000000000000044,0.004076934269918231,25082.2
1718,9.0,709758,0.050000000000000044,0.004162215715954957,25097.7
1719,8.0,710299,0.050000000000000044,0.00377560978939984,25115.8
1720,21.0,710979,0.050000000000000044,0.0037688556059626587,25136.9
1721,13.0,711644,0.050000000000000044,0.0035566993474372122,25157.4
1722,12.0,712089,0.050000000000000044,0.00370956411208497,25171.1
1723,8.0,712478,0.050000000000000044,0.00351088842679926,25183.2
1724,11.0,712867,0.050000000000000044,0.004238698759462187,25195.1
1725,14.0,713466,0.050000000000000044,0.003969629307705847,25213.8
1726,9.0,713915,0.050000000000000044,0.004127722448215121,25228.0
1727,16.0,714481,0.050000000000000044,0.004315012654264099,25245.5
1728,7.0,714836,0.050000000000000044,0.004287646117318474,25256.6
1729,13.0,715412,0.050000000000000044,0.0038909100343921133,25274.8
1730,6.0,715804,0.050000000000000044,0.0037778459744152557,25287.0
1731,16.0,716129,0.050000000000000044,0.004708832474067234,25297.2
1732,6.0,716458,0.050000000000000044,0.00445940811434721,25307.3
1733,8.0,716909,0.050000000000000044,0.004692778878219574,25321.4
1734,8.0,717325,0.050000000000000044,0.003810371612277007,25334.2
1735,22.0,717922,0.050000000000000044,0.0037166833667157894,25352.4
1736,16.0,718514,0.050000000000000044,0.004191259574499044,25370.5
1737,14.0,719010,0.050000000000000044,0.004616904994632463,25385.8
1738,21.0,719770,0.050000000000000044,0.0037229647614846102,25410.4
1739,12.0,720633,0.050000000000000044,0.004125527424782597,25437.1
1740,4.0,720897,0.050000000000000044,0.003709295453463159,25445.4
1741,17.0,721370,0.050000000000000044,0.0038473017721232143,25460.0
1742,11.0,721866,0.050000000000000044,0.004001691214779707,25475.3
1743,12.0,722395,0.050000000000000044,0.0038217044695560416,25491.4
1744,9.0,722821,0.050000000000000044,0.003568986030005819,25504.6
1745,25.0,723558,0.050000000000000044,0.003972950602503774,25527.7
1746,10.0,723917,0.050000000000000044,0.004603159774100009,25538.7
1747,18.0,724571,0.050000000000000044,0.003966543372148728,25558.8
1748,24.0,725140,0.050000000000000044,0.0038737607128576084,25576.3
1749,16.0,725694,0.050000000000000044,0.0041014771991105085,25593.4
1750,17.0,726240,0.050000000000000044,0.003589785093869741,25610.2
1751,20.0,726718,0.050000000000000044,0.003851711221047089,25625.1
1752,7.0,727091,0.050000000000000044,0.004470281683541485,25636.6
1753,10.0,727452,0.050000000000000044,0.003998845625395301,25647.8
1754,8.0,727854,0.050000000000000044,0.003490834515304328,25660.2
1755,18.0,728542,0.050000000000000044,0.004254472315572689,25681.4
1756,11.0,728933,0.050000000000000044,0.004524665292622783,25693.4
1757,11.0,729504,0.050000000000000044,0.003904162414964034,25710.8
1758,8.0,729883,0.050000000000000044,0.004811344220730572,25722.5
1759,16.0,730401,0.050000000000000044,0.004057156860681869,25738.4
1760,10.0,730779,0.050000000000000044,0.0042601579465477105,25750.1
1761,6.0,731128,0.050000000000000044,0.003761810766610405,25760.9
1762,19.0,731845,0.050000000000000044,0.004170147287256683,25782.8
1763,16.0,732324,0.050000000000000044,0.003865877839727891,25797.5
1764,6.0,732686,0.050000000000000044,0.004567365099847039,25808.8
1765,15.0,733178,0.050000000000000044,0.0039408177172157504,25823.7
1766,7.0,733601,0.050000000000000044,0.003693430592172755,25836.8
1767,26.0,734301,0.050000000000000044,0.0037493527437826354,25858.3
1768,5.0,734635,0.050000000000000044,0.0038004880011204387,25868.6
1769,13.0,735117,0.050000000000000044,0.003576372910476448,25883.7
1770,14.0,735749,0.050000000000000044,0.003915980183338905,25903.4
1771,11.0,736146,0.050000000000000044,0.003709651549729127,25915.6
1772,15.0,736725,0.050000000000000044,0.00396001200949281,25933.7
1773,12.0,737227,0.050000000000000044,0.003713101143967286,25949.1
1774,12.0,737566,0.050000000000000044,0.0040886373529389255,25959.5
1775,9.0,738254,0.050000000000000044,0.003556088491719958,25980.9
1776,7.0,738598,0.050000000000000044,0.004363746990261567,25991.6
1777,13.0,739197,0.050000000000000044,0.004052877667335131,26011.2
1778,11.0,739701,0.050000000000000044,0.003593958640103376,26026.9
1779,7.0,740060,0.050000000000000044,0.003601667626072136,26038.0
1780,7.0,740406,0.050000000000000044,0.0038938330657338734,26048.8
1781,6.0,740734,0.050000000000000044,0.003766700445117838,26058.9
1782,14.0,741364,0.050000000000000044,0.003696931191232233,26078.3
1783,20.0,742172,0.050000000000000044,0.0038311095827744377,26103.1
1784,10.0,742578,0.050000000000000044,0.0037283653309087045,26115.5
1785,6.0,742918,0.050000000000000044,0.003916854285703534,26126.0
1786,23.0,743458,0.050000000000000044,0.003591394636141895,26142.6
1787,8.0,743977,0.050000000000000044,0.003871850964908447,26158.6
1788,10.0,744371,0.050000000000000044,0.00373583178932372,26171.2
1789,12.0,744820,0.050000000000000044,0.0035581000050465537,26185.0
1790,7.0,745237,0.050000000000000044,0.0039333723016737624,26197.9
1791,13.0,745727,0.050000000000000044,0.00402409911728274,26213.1
1792,12.0,746171,0.050000000000000044,0.0035108350891712215,26227.0
1793,14.0,746712,0.050000000000000044,0.004193041429191298,26243.9
1794,18.0,747215,0.050000000000000044,0.0035359884220430957,26259.4
1795,13.0,747835,0.050000000000000044,0.0037376443506218493,26278.6
1796,9.0,748330,0.050000000000000044,0.0036621169000158483,26294.0
1797,11.0,748805,0.050000000000000044,0.0032420984599249142,26308.8
1798,11.0,749298,0.050000000000000044,0.0037552900954752285,26324.1
1799,23.0,750276,0.050000000000000044,0.0035717473331441747,26354.5
1800,22.0,750972,0.050000000000000044,0.003703482708229346,26376.3
1801,12.0,751556,0.050000000000000044,0.0034621568378348107,26394.5
1802,13.0,752120,0.050000000000000044,0.003383232503741359,26412.1
1803,15.0,752507,0.050000000000000044,0.0035663659284877994,26424.6
1804,10.0,753104,0.050000000000000044,0.003572065379588367,26443.3
1805,5.0,753381,0.050000000000000044,0.003304945828648627,26451.9
1806,13.0,753866,0.050000000000000044,0.0041253803882354235,26467.4
1807,13.0,754396,0.050000000000000044,0.0038652924319975217,26484.6
1808,10.0,754871,0.050000000000000044,0.004081576278457713,26499.6
1809,17.0,755417,0.050000000000000044,0.003574341556143473,26516.7
1810,7.0,755793,0.050000000000000044,0.0041767015456880855,26528.6
1811,13.0,756227,0.050000000000000044,0.0034792574336065607,26542.7
1812,14.0,756603,0.050000000000000044,0.003986358401852293,26554.8
1813,6.0,756952,0.050000000000000044,0.0037974396091418868,26565.8
1814,18.0,757669,0.050000000000000044,0.0036093018108958085,26588.4
1815,9.0,758079,0.050000000000000044,0.003995140361821097,26602.5
1816,18.0,758501,0.050000000000000044,0.0039460277671746966,26615.9
1817,9.0,758896,0.050000000000000044,0.003631969911187793,26628.4
1818,12.0,759601,0.050000000000000044,0.003925195459197176,26650.8
1819,14.0,759965,0.050000000000000044,0.003580772430523411,26662.6
1820,6.0,760404,0.050000000000000044,0.003484583353986518,26676.5
1821,19.0,761337,0.050000000000000044,0.003856603727857647,26706.3
1822,13.0,761667,0.050000000000000044,0.0035937854813792827,26716.8
1823,6.0,761980,0.050000000000000044,0.003682040320054744,26726.8
1824,9.0,762437,0.050000000000000044,0.003775138524615693,26741.2
1825,10.0,762920,0.050000000000000044,0.0035700970736677385,26756.6
1826,21.0,763440,0.050000000000000044,0.004179589469388772,26773.2
1827,14.0,763916,0.050000000000000044,0.003656619621813493,26788.4
1828,10.0,764399,0.050000000000000044,0.003952766079662896,26803.7
1829,20.0,764967,0.050000000000000044,0.0037668270811530382,26821.7
1830,7.0,765430,0.050000000000000044,0.0034358285750427384,26836.6
1831,19.0,765979,0.050000000000000044,0.003487497353642154,26853.9
1832,18.0,766407,0.050000000000000044,0.003588815199028457,26867.4
1833,10.0,766948,0.050000000000000044,0.0035325687483225066,26884.7
1834,15.0,767645,0.050000000000000044,0.0038324289223135126,26907.3
1835,12.0,768070,0.050000000000000044,0.00344849398072042,26920.8
1836,15.0,768677,0.050000000000000044,0.0035513382395645035,26940.3
1837,12.0,769037,0.050000000000000044,0.003332027405041218,26951.9
1838,11.0,769439,0.050000000000000044,0.0037649628535128517,26964.7
1839,7.0,769836,0.050000000000000044,0.0035489894256467277,26977.4
1840,20.0,770444,0.050000000000000044,0.003381178726110528,26997.0
1841,13.0,770850,0.050000000000000044,0.0034023839151693207,27009.9
1842,17.0,771470,0.050000000000000044,0.003485009451340433,27029.8
1843,11.0,771739,0.050000000000000044,0.00385799497793529,27038.5
1844,19.0,772383,0.050000000000000044,0.0037485892076033703,27059.1
1845,17.0,772996,0.050000000000000044,0.003923996105250032,27079.4
1846,6.0,773317,0.050000000000000044,0.003645932045837754,27089.9
1847,7.0,773649,0.050000000000000044,0.003481743363200698,27100.6
1848,9.0,773978,0.050000000000000044,0.0032158665455266334,27111.1
1849,7.0,774373,0.050000000000000044,0.003643474079332538,27123.8
1850,6.0,774718,0.050000000000000044,0.0036438266562797343,27134.9
1851,18.0,775220,0.050000000000000044,0.0032563183072395994,27151.1
1852,6.0,775586,0.050000000000000044,0.00384999461751304,27162.7
1853,14.0,776116,0.050000000000000044,0.0032639897467990247,27179.7
1854,5.0,776414,0.050000000000000044,0.0034537328293487656,27189.4
1855,12.0,776860,0.050000000000000044,0.003465080716242103,27204.9
1856,12.0,777201,0.050000000000000044,0.0033834041188446438,27216.0
1857,12.0,777688,0.050000000000000044,0.0037116339003277115,27231.6
1858,14.0,778142,0.050000000000000044,0.0035611440427344918,27246.3
1859,10.0,778601,0.050000000000000044,0.0031000266250066685,27261.3
1860,4.0,778863,0.050000000000000044,0.0033453493816724745,27269.7
1861,11.0,779133,0.050000000000000044,0.003454847516992164,27278.4
1862,13.0,779505,0.050000000000000044,0.0035600380115185975,27290.3
1863,10.0,779956,0.050000000000000044,0.0033809513415307005,27304.7
1864,6.0,780300,0.050000000000000044,0.0037337949805416513,27315.8
1865,12.0,780754,0.050000000000000044,0.0034926875907515427,27330.7
1866,4.0,781017,0.050000000000000044,0.0033564947055521716,27339.1
1867,17.0,781383,0.050000000000000044,0.0036198105362480596,27351.0
1868,15.0,781803,0.050000000000000044,0.0038511022644039865,27364.5
1869,15.0,782219,0.050000000000000044,0.0035069052460480286,27377.9
1870,14.0,782785,0.050000000000000044,0.0032773841082574242,27396.0
1871,18.0,783206,0.050000000000000044,0.004353714905814168,27409.8
1872,19.0,783653,0.050000000000000044,0.0036226949766247013,27424.5
1873,9.0,784115,0.050000000000000044,0.0034767392482527924,27439.5
1874,8.0,784524,0.050000000000000044,0.0036638648313820853,27453.1
1875,11.0,785052,0.050000000000000044,0.0034481189364724382,27470.4
1876,12.0,785372,0.050000000000000044,0.003524137301974406,27480.7
1877,14.0,785858,0.050000000000000044,0.003653063363977229,27496.5
1878,17.0,786405,0.050000000000000044,0.003338499380453529,27514.1
1879,12.0,786831,0.050000000000000044,0.0034268154826085193,27527.7
1880,12.0,787319,0.050000000000000044,0.003152067568959462,27543.6
1881,7.0,787672,0.050000000000000044,0.0031604020301946477,27555.0
1882,9.0,788114,0.050000000000000044,0.0034113296309467066,27569.4
1883,15.0,788652,0.050000000000000044,0.0034470262148090357,27586.8
1884,12.0,789158,0.050000000000000044,0.0033914851545394867,27603.2
1885,10.0,789649,0.050000000000000044,0.003469662684041536,27619.3
1886,11.0,790127,0.050000000000000044,0.003297379048722387,27634.9
1887,17.0,790558,0.050000000000000044,0.0037303130780379106,27649.0
1888,15.0,790956,0.050000000000000044,0.003111993788826939,27661.9
1889,11.0,791381,0.050000000000000044,0.003442758080987808,27675.9
1890,19.0,792114,0.050000000000000044,0.003422689349053867,27700.0
1891,13.0,792499,0.050000000000000044,0.003947111527895095,27712.6
1892,7.0,792846,0.050000000000000044,0.003395389147526893,27723.7
1893,14.0,793448,0.050000000000000044,0.003732194001067034,27743.2
1894,7.0,793808,0.050000000000000044,0.003607998797249618,27754.9
1895,10.0,794145,0.050000000000000044,0.0035228016091930717,27765.6
1896,19.0,794586,0.050000000000000044,0.0038077920205920697,27779.9
1897,14.0,794983,0.050000000000000044,0.0035037642197627153,27793.6
1898,8.0,795440,0.050000000000000044,0.003823908293493402,27808.6
1899,10.0,795834,0.050000000000000044,0.003615075355510317,27821.3
1900,9.0,796256,0.050000000000000044,0.003265302026063928,27835.0
1901,16.0,796834,0.050000000000000044,0.003556823301343344,27854.0
1902,17.0,797341,0.050000000000000044,0.0037546652273680917,27870.5
1903,7.0,797846,0.050000000000000044,0.0042731157793331484,27886.9
1904,5.0,798141,0.050000000000000044,0.004093443355088959,27896.5
1905,16.0,798566,0.050000000000000044,0.0032743140545618884,27910.5
1906,11.0,799069,0.050000000000000044,0.0036902253575730425,27926.9
1907,20.0,799983,0.050000000000000044,0.003870794183589392,27956.7
1908,7.0,800395,0.050000000000000044,0.0034635628048597282,27970.0
1909,13.0,801203,0.050000000000000044,0.0036497268407798076,27996.4
1910,11.0,801666,0.050000000000000044,0.004284886233071087,28011.5
1911,4.0,801944,0.050000000000000044,0.0032019183469313138,28020.5
1912,17.0,802345,0.050000000000000044,0.0034242498755461983,28033.5
1913,17.0,803033,0.050000000000000044,0.0035106387192997295,28055.8
1914,12.0,803500,0.050000000000000044,0.0034725043949585337,28071.1
1915,15.0,804017,0.050000000000000044,0.003726086950914059,28087.9
1916,13.0,804459,0.050000000000000044,0.0033224825354870326,28102.1
1917,10.0,805079,0.050000000000000044,0.0038306638562766414,28122.2
1918,8.0,805526,0.050000000000000044,0.004224251422242488,28137.0
1919,19.0,806192,0.050000000000000044,0.003433392058820925,28159.9
1920,10.0,806617,0.050000000000000044,0.0037022140787859614,28173.8
1921,7.0,807000,0.050000000000000044,0.0032809803001862263,28186.4
1922,13.0,807347,0.050000000000000044,0.0036725984830597164,28197.7
1923,15.0,807795,0.050000000000000044,0.004236990133644473,28212.4
1924,10.0,808299,0.050000000000000044,0.0035012655784995,28229.1
1925,23.0,808786,0.050000000000000044,0.0033110163419113495,28245.1
1926,7.0,809189,0.050000000000000044,0.004153861791916912,28258.3
1927,6.0,809542,0.050000000000000044,0.003403245476034942,28269.9
1928,12.0,810033,0.050000000000000044,0.004114409173647218,28286.0
1929,15.0,810631,0.050000000000000044,0.00333607763076905,28305.7
1930,13.0,811103,0.050000000000000044,0.003555609163521371,28321.0
1931,15.0,811524,0.050000000000000044,0.0034701401993273945,28334.7
1932,8.0,811963,0.050000000000000044,0.0036315896690468853,28349.2
1933,6.0,812286,0.050000000000000044,0.003933197555590663,28360.0
1934,7.0,812688,0.050000000000000044,0.004111584025320472,28373.2
1935,15.0,813247,0.050000000000000044,0.0036836908088933697,28391.7
1936,6.0,813566,0.050000000000000044,0.0039173102852608135,28403.2
1937,8.0,814013,0.050000000000000044,0.003849826142675258,28417.8
1938,7.0,814360,0.050000000000000044,0.0035310388589344962,28429.3
1939,12.0,815037,0.050000000000000044,0.003623490845918672,28451.4
1940,15.0,815588,0.050000000000000044,0.0038418339111355427,28469.3
1941,8.0,815994,0.050000000000000044,0.0036225492817698406,28482.6
1942,7.0,816372,0.050000000000000044,0.0038227734535380645,28495.3
1943,10.0,816826,0.050000000000000044,0.003503152038768705,28510.4
1944,6.0,817180,0.050000000000000044,0.0032601118876038403,28522.1
1945,12.0,817830,0.050000000000000044,0.0036021792826851687,28545.6
1946,14.0,818250,0.050000000000000044,0.003628780081773931,28559.3
1947,9.0,818662,0.050000000000000044,0.003296125426609295,28573.0
1948,19.0,819486,0.050000000000000044,0.0034380945806827814,28600.0
1949,1.0,819639,0.050000000000000044,0.00367341609177137,28605.0
1950,6.0,820014,0.050000000000000044,0.003861603483557701,28617.5
1951,13.0,820488,0.050000000000000044,0.0037467935622840696,28633.6
1952,10.0,821027,0.050000000000000044,0.003373344040282264,28651.5
1953,20.0,821615,0.050000000000000044,0.003633250116602657,28670.6
1954,16.0,822172,0.050000000000000044,0.0034145722018355837,28688.9
1955,18.0,822724,0.050000000000000044,0.0037944149142645797,28707.2
1956,32.0,823410,0.050000000000000044,0.0038259616338867835,28729.6
1957,16.0,824061,0.050000000000000044,0.003848824557775314,28751.0
1958,17.0,824708,0.050000000000000044,0.003771368330765596,28773.0
1959,12.0,825187,0.050000000000000044,0.003763169636060377,28788.9
1960,16.0,825714,0.050000000000000044,0.003945610449743056,28806.9
1961,12.0,826192,0.050000000000000044,0.0040394193938520255,28823.3
1962,11.0,826687,0.050000000000000044,0.003868752527356411,28840.0
1963,23.0,827416,0.050000000000000044,0.003970174967798063,28864.3
1964,9.0,828158,0.050000000000000044,0.003989036145401651,28888.9
1965,11.0,828425,0.050000000000000044,0.003624647373528907,28897.8
1966,13.0,828901,0.050000000000000044,0.003941040711346309,28913.7
1967,3.0,829128,0.050000000000000044,0.003951687321665857,28921.3
1968,7.0,829483,0.050000000000000044,0.0037063394082893788,28933.0
1969,8.0,829993,0.050000000000000044,0.003884661886338875,28949.9
1970,8.0,830394,0.050000000000000044,0.004213848158379232,28963.0
1971,18.0,831123,0.050000000000000044,0.004043742881232518,28987.1
1972,13.0,831632,0.050000000000000044,0.003692492119938662,29005.3
1973,11.0,832141,0.050000000000000044,0.004123271768295146,29022.1
1974,12.0,832619,0.050000000000000044,0.003842983294885302,29037.8
1975,8.0,833010,0.050000000000000044,0.00326405962258625,29050.5
1976,6.0,833364,0.050000000000000044,0.0038237133932215723,29062.5
1977,11.0,833894,0.050000000000000044,0.003827069706024321,29080.5
1978,11.0,834422,0.050000000000000044,0.004068145054285803,29097.9
1979,17.0,834954,0.050000000000000044,0.004201648965402667,29115.5
1980,11.0,835222,0.050000000000000044,0.0037096907428566563,29124.7
1981,17.0,835701,0.050000000000000044,0.0030895903256200723,29140.9
1982,16.0,836023,0.050000000000000044,0.0036159190549934573,29151.5
1983,22.0,836524,0.050000000000000044,0.003497826192421586,29168.2
1984,14.0,837048,0.050000000000000044,0.0040080246419151744,29185.4
1985,15.0,837479,0.050000000000000044,0.0032952183173113694,29199.7
1986,9.0,838033,0.050000000000000044,0.003832739072016336,29217.9
1987,15.0,838461,0.050000000000000044,0.0040871394213635006,29232.1
1988,14.0,838860,0.050000000000000044,0.0038931998131005443,29245.2
1989,15.0,839416,0.050000000000000044,0.0035384167531185293,29263.6
1990,15.0,839843,0.050000000000000044,0.0037767324950796852,29277.7
1991,4.0,840101,0.050000000000000044,0.0038366022861793694,29286.1
1992,14.0,840642,0.050000000000000044,0.0036953944375466507,29303.9
1993,11.0,841129,0.050000000000000044,0.003604130519198319,29320.0
1994,8.0,841560,0.050000000000000044,0.004248299410408946,29334.1
1995,28.0,842117,0.050000000000000044,0.003759737851773681,29352.4
1996,19.0,842880,0.050000000000000044,0.0036992275496019566,29377.5
1997,10.0,843227,0.050000000000000044,0.0034953285218686167,29388.9
1998,7.0,843620,0.050000000000000044,0.003953493526975598,29401.9
1999,9.0,844060,0.050000000000000044,0.0038218382764501836,29416.4
2000,6.0,844418,0.050000000000000044,0.0045629809332514626,29428.7
