episode,reward,steps,epsilon,avg_loss,avg_q,elapsed_sec
1,0.0,135,0.9993635,0.0,0.0,0.1
2,2.0,363,0.9982805,0.0,0.0,0.2
3,2.0,583,0.9972355,0.0,0.0,0.3
4,2.0,792,0.99624275,0.0,0.0,0.4
5,0.0,922,0.99562525,0.0,0.0,0.5
6,1.0,1077,0.994889,0.0,0.0,0.6
7,0.0,1206,0.99427625,0.0,0.0,0.8
8,0.0,1356,0.99356375,0.0,0.0,0.9
9,2.0,1566,0.99256625,0.0,0.0,1.0
10,5.0,1904,0.99096075,0.0,0.0,1.3
11,1.0,2061,0.990215,0.0,0.0,1.4
12,5.0,2379,0.9887045,0.0,0.0,1.6
13,2.0,2600,0.98765475,0.0,0.0,1.8
14,1.0,2777,0.986814,0.0,0.0,1.9
15,2.0,2983,0.9858355,0.0,0.0,2.1
16,1.0,3156,0.98501375,0.0,0.0,2.2
17,0.0,3292,0.98436775,0.0,0.0,2.3
18,0.0,3422,0.98375025,0.0,0.0,2.4
19,2.0,3649,0.982672,0.0,0.0,2.6
20,2.0,3847,0.9817315,0.0,0.0,2.8
21,0.0,3978,0.98110925,0.0,0.0,2.9
22,1.0,4134,0.98036825,0.0,0.0,3.0
23,0.0,4262,0.97976025,0.0,0.0,3.1
24,0.0,4392,0.97914275,0.0,0.0,3.2
25,1.0,4599,0.9781595,0.0,0.0,3.4
26,0.0,4732,0.97752775,0.0,0.0,3.5
27,1.0,4893,0.976763,0.0,0.0,3.6
28,3.0,5178,0.97540925,0.0033695084877163736,0.06288381857412488,7.2
29,0.0,5316,0.97475375,0.003332135499466153,0.06342094399682853,9.8
30,1.0,5471,0.9740175,0.003143263629361524,0.0632947726355445,12.8
31,2.0,5700,0.97292975,0.0034174025077683386,0.06392372793245524,17.3
32,3.0,5928,0.97184675,0.003841645786176167,0.06463014189023197,22.6
33,2.0,6128,0.97089675,0.0036812875534252497,0.08420475455000996,27.3
34,1.0,6283,0.9701605,0.004345994234720438,0.09857111082923027,31.1
35,2.0,6503,0.9691155,0.003846016333505469,0.09732448011636734,36.3
36,1.0,6694,0.96820825,0.0040027299689393975,0.09822879189440094,40.8
37,1.0,6871,0.9673675,0.0038627047427320896,0.09786574302588479,45.0
38,1.0,7048,0.96652675,0.002731255040571033,0.09637296957484746,49.2
39,4.0,7366,0.96501625,0.0032385884666004954,0.10244403749048335,56.7
40,4.0,7648,0.96367675,0.0032781897679929344,0.10391410490405475,63.5
41,2.0,7867,0.9626365,0.0024282291238024428,0.10299306090700028,68.7
42,1.0,8037,0.961829,0.0032240868713415693,0.10486606556703063,72.8
43,0.0,8177,0.961164,0.0028802629840486457,0.11066858752497605,76.2
44,2.0,8382,0.96019025,0.002204829616560501,0.10955675367901965,81.2
45,0.0,8529,0.959492,0.0018333358022858124,0.11311258563176305,84.9
46,1.0,8689,0.958732,0.0016512165349240604,0.11069738478399813,88.9
47,2.0,8897,0.957744,0.0011611566068923961,0.10825333335938361,94.1
48,1.0,9080,0.95687475,0.0020710867971909545,0.10876931140168769,98.8
49,0.0,9223,0.9561955,0.00167284917854765,0.10724788237284948,102.4
50,3.0,9452,0.95510775,0.0011684074412648033,0.10939764566556856,108.2
51,1.0,9635,0.9542385,0.0010644951079151616,0.10822148421585885,112.9
52,0.0,9775,0.9535735,0.001196088329860296,0.11133454527173724,116.4
53,1.0,9927,0.9528515,0.0005340357309633921,0.10699621200757592,120.3
54,1.0,10080,0.95212475,0.0015936439184372003,0.1305204421963567,124.3
55,0.0,10216,0.95147875,0.0013167439443243305,0.15021597122883096,127.8
56,2.0,10441,0.95041,0.0011642556873428273,0.15170163293679556,133.7
57,0.0,10572,0.94978775,0.0008338691149296182,0.14976065964189195,137.5
58,0.0,10697,0.949194,0.0006254144445993007,0.15193561857938767,141.0
59,1.0,10866,0.94839125,0.0005570347294941222,0.14913377708055564,145.5
60,1.0,11051,0.9475125,0.0012014757168012816,0.14900015725477322,150.4
61,3.0,11332,0.94617775,0.000950877939524801,0.1567552196014394,157.9
62,2.0,11578,0.94500925,0.000796663632638406,0.15431179203153625,164.4
63,0.0,11710,0.94438225,0.0008476098359317278,0.15870937896948872,168.1
64,0.0,11841,0.94376,0.0005866144328630967,0.1599060881115098,171.6
65,2.0,12079,0.9426295,0.0009875437909162613,0.15704341257820612,178.1
66,2.0,12304,0.9415607500000001,0.0014163378027216014,0.1674118635058403,184.1
67,0.0,12440,0.94091475,0.0009087192083825357,0.17357467147795594,187.8
68,1.0,12611,0.9401025000000001,0.0006128388362497905,0.17209974597943456,192.3
69,0.0,12760,0.93939475,0.0007633804836232901,0.16665925360566017,196.5
70,3.0,13015,0.9381835000000001,0.0006249806898624372,0.1703583555186496,203.8
71,2.0,13215,0.9372335,0.0014662497983408684,0.16400915574282407,209.8
72,0.0,13350,0.93659225,0.0009699173162786152,0.16827518112129636,213.8
73,1.0,13509,0.935837,0.0007150177052665543,0.1651895284277838,218.1
74,1.0,13661,0.935115,0.0004955606663028639,0.16135286319216616,222.3
75,0.0,13798,0.93446425,0.000577999990566015,0.16922304066863372,226.3
76,1.0,13983,0.9335855,0.0006294960734718385,0.16543081410833307,231.7
77,1.0,14158,0.93275425,0.0013431646567395156,0.18126360075814382,236.3
78,3.0,14417,0.931524,0.0009835272830688263,0.17825048111925715,243.8
79,3.0,14668,0.93033175,0.0007701987097205862,0.1764333617105427,250.8
80,0.0,14810,0.92965725,0.00059532344386471,0.1792347273776229,255.4
81,3.0,15059,0.9284745,0.000785729887796783,0.1810207420204538,264.8
82,2.0,15302,0.92732025,0.001115450066291064,0.18353466091700543,273.7
83,1.0,15464,0.92655075,0.0008252352707154106,0.1876664119830102,279.6
84,3.0,15741,0.925235,0.0006710293723190655,0.1869450993701439,289.3
85,0.0,15874,0.92460325,0.000601712589789378,0.18541359173175984,294.2
86,1.0,16038,0.92382425,0.0006742349257764567,0.18707044031925318,300.4
87,1.0,16227,0.9229265,0.0011106079773285683,0.20552335458773155,307.3
88,0.0,16359,0.9222995,0.0007794079280729145,0.1988102440355402,312.1
89,3.0,16605,0.921131,0.0006656008474563099,0.19808314686141362,321.0
90,0.0,16750,0.92044225,0.0006398062945036459,0.19512425938556935,326.5
91,2.0,16945,0.919516,0.00046841126436797473,0.19661748019548564,333.3
92,1.0,17122,0.9186752499999999,0.0012951537034295744,0.2119043242965041,339.9
93,2.0,17341,0.917635,0.0010519408581424377,0.2149950154295795,347.7
94,0.0,17487,0.9169415,0.0008387360552137268,0.21383200953268025,352.8
95,2.0,17708,0.91589175,0.000930791309228345,0.2162346512214091,361.6
96,1.0,17869,0.915127,0.0006957956343144106,0.21493886318636238,368.1
97,0.0,17999,0.9145095,0.0007235770697801714,0.21271152473413027,373.5
98,3.0,18251,0.9133125,0.0013968093970193184,0.2204893103076352,382.9
99,0.0,18391,0.9126475000000001,0.0008649948931373988,0.22200050364647592,387.9
100,3.0,18614,0.91158825,0.0008882685222716756,0.22221833407344305,395.8
101,2.0,18802,0.91069525,0.0008812849029825574,0.2291787235819279,402.5
102,1.0,18979,0.9098545,0.0008330524198682637,0.22488146860383998,408.9
103,0.0,19109,0.909237,0.0017130019636309812,0.23540188612846227,413.4
104,2.0,19316,0.90825375,0.0014329572925768717,0.23037474030169888,420.9
105,2.0,19527,0.9072515,0.0008598022671093363,0.23509500814840126,428.3
106,2.0,19741,0.906235,0.0008757805412684983,0.22522412177836784,435.9
107,0.0,19885,0.905551,0.0007308919628535983,0.23691886766917175,441.3
108,0.0,20010,0.90495725,0.0006206254653807263,0.23086687552928925,446.0
109,0.0,20150,0.90429225,0.0016864918753396654,0.22262287118605206,451.3
110,2.0,20336,0.90340875,0.0011102481656307254,0.23181128309619042,457.8
111,1.0,20509,0.902587,0.0009490748690708737,0.2298267507828729,464.4
112,0.0,20643,0.9019505,0.0009093553376464007,0.2380947499577679,469.4
113,3.0,20891,0.9007725,0.0008874221773053691,0.23742776862796275,478.7
114,2.0,21120,0.89968475,0.0013658145124432794,0.24029930827399007,487.2
115,2.0,21328,0.89869675,0.001454592093768252,0.24595387659680384,495.0
116,1.0,21518,0.89779425,0.0011221621501853836,0.24707183312428624,502.2
117,1.0,21693,0.896963,0.0007388556134953563,0.24407916273389543,508.7
118,0.0,21830,0.89631225,0.000838195762225685,0.23834820385396915,513.8
119,1.0,21997,0.895519,0.0006854190977757677,0.242895258847111,519.8
120,0.0,22126,0.89490625,0.0014918742992111136,0.2455009040675422,524.5
121,1.0,22290,0.89412725,0.0015643269940571881,0.253836380908402,530.4
122,2.0,22506,0.89310125,0.0009349066174224761,0.24316449339191118,538.3
123,0.0,22643,0.8924505,0.0008967416997753376,0.25072841335387125,543.7
124,0.0,22778,0.89180925,0.0008255244266129685,0.24426225335509688,548.6
125,0.0,22915,0.8911585,0.0008436234719519347,0.2488429955322377,553.7
126,0.0,23043,0.8905505,0.0012700763399493553,0.25325151812285185,558.3
127,1.0,23207,0.8897715,0.0013675881561605976,0.25778935540740083,564.8
128,2.0,23430,0.88871225,0.0010881604984503933,0.2549943844432788,573.1
129,1.0,23635,0.8877385,0.0009649367483933285,0.2553503210224756,580.4
130,1.0,23807,0.8869215,0.0009398849622516008,0.2646307292892489,586.6
131,3.0,24067,0.8856865,0.0010981684850076608,0.2603648071678785,596.3
132,4.0,24342,0.88438025,0.0016216802634616298,0.26253146171569824,606.1
133,1.0,24517,0.883549,0.0013294000941511642,0.26263469500201087,612.7
134,0.0,24657,0.882884,0.0011132168793015547,0.27109089493751526,617.4
135,0.0,24785,0.8822760000000001,0.0012915980386765114,0.268514494295232,622.2
136,3.0,25058,0.88097925,0.0013249164316247793,0.2744925218624073,632.0
137,1.0,25216,0.88022875,0.0020705510174547606,0.27517557021560546,638.2
138,1.0,25377,0.879464,0.0016901556651725475,0.27793507352008584,644.4
139,3.0,25617,0.878324,0.0014449186403605078,0.2812680656090379,653.1
140,4.0,25908,0.87694175,0.0011874287368291052,0.27796683089225155,663.7
141,3.0,26185,0.875626,0.0015985378717501616,0.29087535762614725,673.7
142,1.0,26359,0.8747995,0.0015604733213051036,0.29662579238072206,680.5
143,0.0,26494,0.87415825,0.0011007608864693557,0.2927757880202046,685.5
144,0.0,26625,0.873536,0.0013210442749639433,0.29441573340019195,690.3
145,2.0,26837,0.872529,0.0012631527741795475,0.29218977499964105,698.2
146,1.0,26996,0.87177375,0.0012739997049343314,0.2955458067685553,704.0
147,0.0,27134,0.87111825,0.002040638669564362,0.3009484048554863,709.2
148,2.0,27349,0.870097,0.0016155306822796308,0.2930741927651472,716.7
149,1.0,27539,0.8691945,0.001267108172530578,0.3037424175362838,723.5
150,4.0,27811,0.8679025,0.0011811978341778311,0.2964048725278938,733.3
151,1.0,27976,0.8671187499999999,0.0009721930795807787,0.2930810350360292,739.2
152,1.0,28163,0.8662305,0.0020024529347376138,0.299399554570091,745.9
153,3.0,28409,0.865062,0.0019200909086569341,0.31019120003149764,755.1
154,2.0,28629,0.864017,0.0015869937276875134,0.31857354722239756,763.1
155,6.0,28975,0.8623735,0.0013141365517169705,0.31493972224651734,775.5
156,0.0,29103,0.8617655,0.002694077592195754,0.3189787748269737,780.6
157,0.0,29243,0.8611005,0.001783671186110171,0.3092499451977866,786.1
158,1.0,29420,0.86025975,0.001903041951406989,0.31470982309451884,792.4
159,0.0,29558,0.8596042500000001,0.0019304149762425316,0.31842306526242825,797.3
160,0.0,29682,0.85901525,0.0015638657827249489,0.3154423366631231,801.7
161,4.0,29962,0.8576852500000001,0.0015125125162220295,0.31880129506545407,813.0
162,2.0,30160,0.85674475,0.001998047985699771,0.32151793786371596,820.2
163,0.0,30304,0.85606075,0.00238036228014001,0.3141100665347444,825.3
164,2.0,30526,0.85500625,0.0016536700546108019,0.3186442933909528,833.9
165,4.0,30829,0.853567,0.0014897525855036538,0.3130281901005471,844.9
166,3.0,31103,0.8522655,0.0016878552503402033,0.31491974779289134,854.7
167,1.0,31286,0.85139625,0.0018437831745135643,0.31639819311313944,861.3
168,3.0,31533,0.850223,0.001654681027525195,0.31771081547264146,870.2
169,0.0,31669,0.849577,0.0015109974236325156,0.32632203148130107,875.1
170,4.0,31929,0.848342,0.0015810233131700302,0.3230250148819043,884.6
171,2.0,32116,0.84745375,0.00184430766118912,0.32474409848610986,891.4
172,0.0,32240,0.8468647499999999,0.002149840613363326,0.3422095615777277,895.9
173,3.0,32494,0.8456582500000001,0.001711285403986025,0.3320365748771532,905.3
174,2.0,32697,0.8446940000000001,0.0014999412637309451,0.33612578630153767,912.6
175,1.0,32860,0.84391975,0.0014500905973179711,0.3369192748896183,918.0
176,0.0,32986,0.84332125,0.001418241860745992,0.34145292781648184,921.5
177,1.0,33147,0.8425565,0.0019571840215723106,0.33172327224512277,925.7
178,1.0,33306,0.8418012500000001,0.0022038146506580553,0.3474085379696492,930.3
179,1.0,33483,0.8409605,0.0015337890749705144,0.3330725555197667,934.9
180,2.0,33684,0.84000575,0.0016545231959554344,0.34105468352339163,940.4
181,0.0,33825,0.8393360000000001,0.0015995667388469495,0.3491256183132212,944.1
182,1.0,33981,0.838595,0.0014687608093551646,0.3391116322615208,948.2
183,3.0,34219,0.8374645000000001,0.0019121379235675245,0.3407569889511381,954.6
184,3.0,34469,0.836277,0.0019069046482327395,0.3520927472114563,961.3
185,1.0,34644,0.83544575,0.0014246686312669357,0.3442234718799591,966.2
186,2.0,34870,0.83437225,0.0013648620873598992,0.3417607202994085,972.7
187,4.0,35150,0.83304225,0.0017553977309164891,0.35264111092048034,980.7
188,3.0,35393,0.831888,0.002067258939029143,0.36424288080062395,987.5
189,4.0,35711,0.8303775,0.0018014171839480834,0.37235215793615617,996.3
190,4.0,36015,0.8289335,0.001724831635376751,0.3729408617670599,1004.8
191,0.0,36172,0.82818775,0.0029056594469050647,0.3818828998857243,1009.1
192,0.0,36336,0.82740875,0.0022531932996438316,0.38572312373577095,1013.6
193,2.0,36551,0.8263875,0.0020829461133215835,0.3843199767345606,1019.7
194,1.0,36727,0.8255515,0.0019972860488699303,0.38127588099715387,1024.9
195,2.0,36921,0.82463,0.0016852204101916268,0.37715864611655164,1030.4
196,1.0,37099,0.8237845,0.00240567629748767,0.39308521134799784,1035.1
197,0.0,37252,0.82305775,0.002424863993617846,0.3884124681840535,1039.2
198,1.0,37411,0.8223025,0.0019225500957489763,0.39120085940421,1043.7
199,1.0,37587,0.8214665,0.0020587908564431764,0.39472189359366894,1048.7
200,8.0,38063,0.8192055,0.002224960617103297,0.3922513037794778,1066.9
201,3.0,38317,0.817999,0.0023681804491711166,0.39474166190530374,1077.2
202,2.0,38548,0.81690175,0.0022320741787804814,0.400286684046576,1086.3
203,6.0,38915,0.8151585,0.002289438575998834,0.3995919099701848,1100.1
204,2.0,39123,0.8141705,0.0027245332503998024,0.4088752063421103,1108.1
205,4.0,39415,0.8127835,0.0028902426960460254,0.41071261965656936,1119.8
206,3.0,39650,0.81166725,0.002498298178506183,0.4181368959710953,1129.0
207,1.0,39814,0.81088825,0.0023137944437799087,0.42299036063799045,1135.8
208,2.0,40007,0.8099715,0.0024598243949727344,0.4148911854609307,1143.4
209,2.0,40263,0.8087555,0.003262970359173778,0.45600341889075935,1153.9
210,6.0,40611,0.8071025000000001,0.002777240904457546,0.45726525586569444,1167.9
211,1.0,40765,0.806371,0.0027265088173845033,0.4439013801611863,1174.1
212,4.0,41032,0.80510275,0.0027793112380102222,0.4592665162649048,1184.2
213,1.0,41188,0.80436175,0.0036811050440286263,0.4799486941251999,1190.8
214,1.0,41343,0.8036255,0.0033778593436093822,0.4829743358396715,1196.7
215,2.0,41557,0.802609,0.0030562282468096537,0.4847395555159756,1206.1
216,3.0,41777,0.8015639999999999,0.0029031771547372706,0.488431106236848,1215.3
217,4.0,42070,0.80017225,0.003303597879090661,0.490613878790429,1227.1
218,2.0,42300,0.79907975,0.0038315152212896426,0.5100581710753234,1237.0
219,2.0,42505,0.798106,0.0036057039541646657,0.5141418932414636,1244.7
220,1.0,42660,0.79736975,0.0032663583060756566,0.516670508538523,1250.9
221,2.0,42863,0.7964055,0.003295756870447176,0.5052171781145293,1259.1
222,3.0,43118,0.79519425,0.004051294678356498,0.5250419054545609,1269.0
223,4.0,43420,0.79375975,0.0035028576163578136,0.536394703664527,1279.7
224,6.0,43802,0.79194525,0.0037245854786572812,0.5508129030310046,1294.8
225,5.0,44091,0.7905725,0.004162743565977702,0.5619919114459345,1306.0
226,1.0,44255,0.7897935,0.004513878329861455,0.5716352219261774,1312.5
227,5.0,44552,0.78838275,0.004126010322512162,0.5763122746438691,1324.3
228,2.0,44757,0.787409,0.004122162336006579,0.5753723334975359,1332.4
229,5.0,45049,0.786022,0.0041043684109790275,0.5823576316645701,1344.5
230,2.0,45271,0.7849675,0.005362414602328696,0.6120763263992361,1353.7
231,7.0,45663,0.7831055,0.004634779870981702,0.6147296795127343,1369.1
232,2.0,45849,0.782222,0.0046333788683818235,0.6268850914252702,1377.2
233,1.0,46009,0.781462,0.004368377952414448,0.6129396134987474,1383.5
234,2.0,46208,0.78051675,0.005669285040746569,0.6791435761667376,1391.2
235,2.0,46410,0.77955725,0.00577795312170511,0.6803489774465561,1399.0
236,2.0,46602,0.7786452500000001,0.005200653041053253,0.6873684297315776,1408.5
237,2.0,46820,0.77760975,0.005275798155691201,0.6868983023210403,1417.4
238,2.0,47025,0.776636,0.005124377754017166,0.6887002015986093,1425.9
239,1.0,47176,0.77591875,0.0056236617449078935,0.7501993637211275,1432.9
240,4.0,47466,0.77454125,0.005069634802478911,0.7556131258093077,1446.6
241,4.0,47745,0.773216,0.0048100385930903225,0.7478511895330149,1458.5
242,4.0,48059,0.7717245,0.005085253523022032,0.7575068737670874,1472.1
243,4.0,48321,0.77048,0.006642879427673707,0.7866944786701494,1482.8
244,3.0,48572,0.76928775,0.005398905805898348,0.7928873124825527,1493.8
245,4.0,48870,0.76787225,0.005389121356388966,0.7883948667737462,1506.4
246,4.0,49137,0.7666040000000001,0.0054508045746086775,0.8240294378348504,1518.2
247,5.0,49462,0.76506025,0.004888479802757501,0.8622269199444698,1531.8
248,0.0,49586,0.7644712499999999,0.005015121543340596,0.8515282922214077,1537.4
249,0.0,49716,0.76385375,0.004673920026443039,0.8530609726905822,1543.5
250,1.0,49871,0.7631175,0.004525888108107592,0.8673107143371336,1550.5
251,1.0,50044,0.76229575,0.005306777461550355,0.8751105941788999,1558.3
252,4.0,50343,0.7608755,0.005044084720167154,0.9200897872647315,1570.8
253,6.0,50724,0.75906575,0.004733251494519275,0.921328119562054,1588.0
254,5.0,51035,0.7575885,0.004834365240040675,0.9210188574729625,1602.5
255,5.0,51347,0.7561065,0.00515388386832992,0.9422494963957713,1615.2
256,1.0,51518,0.75529425,0.005223363832630522,0.9406239634368851,1622.7
257,3.0,51782,0.7540402500000001,0.004852281254319347,0.9406042941140406,1633.8
258,3.0,52059,0.7527245,0.005126353502878751,0.9492319359676072,1645.6
259,0.0,52183,0.7521355000000001,0.0051431043595526246,0.9935569787217725,1650.9
260,2.0,52367,0.7512615,0.004962264787299437,0.9848028858718665,1658.4
261,4.0,52612,0.75009775,0.0047963014908363015,0.9906196268237367,1668.9
262,3.0,52861,0.748915,0.004729514096977645,0.99307574325776,1679.7
263,7.0,53275,0.7469485,0.005099446496730536,1.0059661583048134,1697.1
264,4.0,53571,0.7455425,0.004431618537047463,1.0222296354335707,1709.4
265,7.0,53935,0.7438135,0.004210470702273996,1.0262492567628294,1725.3
266,2.0,54138,0.74284925,0.0047432313887677685,1.0301455641027741,1734.3
267,0.0,54261,0.742265,0.004257412140855823,1.0371459102242944,1739.9
268,1.0,54417,0.7415240000000001,0.0037428387231790484,1.0409104285331874,1747.1
269,1.0,54589,0.740707,0.0038246509983193475,1.0304404774377511,1755.3
270,7.0,54988,0.73881175,0.003860325153239006,1.0323592753039865,1773.9
271,2.0,55171,0.7379425,0.005349445281438326,1.0476905074927325,1781.7
272,0.0,55301,0.737325,0.004837051242178019,1.04962429358409,1787.4
273,2.0,55509,0.736337,0.004652709160626938,1.0471165131490965,1797.1
274,1.0,55665,0.735596,0.004434954670171301,1.0531403189286208,1804.2
275,5.0,56016,0.73392875,0.004371059116704437,1.051513682233642,1818.9
276,2.0,56219,0.7329645,0.0047213209720140354,1.0905494631217618,1828.4
277,0.0,56348,0.7323517500000001,0.004548819782122132,1.0830733411071836,1834.9
278,5.0,56672,0.73081275,0.00416788335007121,1.0896422625691802,1850.2
279,1.0,56851,0.7299625000000001,0.0042298707419059466,1.10276949105982,1858.0
280,2.0,57071,0.7289175,0.004645970778603276,1.1054878852584145,1867.9
281,2.0,57276,0.72794375,0.003898510380318706,1.1174353692589736,1877.1
282,1.0,57446,0.72713625,0.003869494397247977,1.1089669160983142,1885.0
283,5.0,57798,0.72546425,0.0036600150319414256,1.1152222542600199,1901.6
284,6.0,58137,0.723854,0.0038097027057691158,1.1223382751146953,1917.0
285,1.0,58294,0.7231082500000001,0.0032716772358146774,1.1451011136838585,1924.1
286,2.0,58477,0.7222390000000001,0.0034158063821540384,1.1502875037532034,1932.4
287,0.0,58607,0.7216215,0.003105709303725654,1.1410421023002038,1938.3
288,0.0,58739,0.7209945,0.0028881861935863553,1.153352315678741,1944.6
289,1.0,58899,0.7202345000000001,0.0031362482397526035,1.1448666170239448,1952.3
290,4.0,59176,0.71891875,0.0035734648718784433,1.1516091313603123,1965.2
291,4.0,59462,0.71756025,0.0030921158189291032,1.1533477393897262,1978.8
292,6.0,59828,0.71582175,0.003173009527047531,1.1497584429920698,1995.7
293,0.0,59963,0.7151805,0.0031485250668117294,1.1513690144927413,2002.1
294,2.0,60147,0.7143065,0.0035651228909441474,1.1846733883671139,2011.9
295,4.0,60411,0.7130525000000001,0.003320941703736246,1.1903357916709147,2024.3
296,2.0,60630,0.71201225,0.003570802521878071,1.1953393343376786,2034.0
297,4.0,60921,0.7106300000000001,0.003510053886646322,1.1947558344024973,2047.5
298,4.0,61213,0.7092430000000001,0.0036627117949872825,1.2014768484928837,2061.7
299,5.0,61545,0.707666,0.003691453256304881,1.2070826144821674,2077.2
300,2.0,61748,0.70670175,0.0038260697688806454,1.2079877236793781,2086.5
301,6.0,62111,0.7049775,0.00363395732446489,1.2221002539327321,2103.0
302,2.0,62292,0.70411775,0.0027531429739972545,1.2507431210733908,2111.3
303,4.0,62584,0.70273075,0.0030480162162821716,1.245128478089424,2124.8
304,6.0,62952,0.70098275,0.0031714547111060592,1.2470386938556381,2142.3
305,1.0,63154,0.70002325,0.0028845277223862836,1.2583003026424069,2151.7
306,3.0,63414,0.69878825,0.002557365897854862,1.2669253688592177,2163.9
307,3.0,63641,0.69771,0.002745283103834157,1.2627975483822929,2174.3
308,4.0,63934,0.69631825,0.00249750016288158,1.2683996466646423,2188.6
309,4.0,64213,0.694993,0.0028478063951333232,1.2733530489774587,2201.5
310,2.0,64451,0.6938625,0.002645896752477436,1.2764096194956482,2212.3
311,2.0,64670,0.6928222500000001,0.002665250239331386,1.2847439257521607,2222.3
312,5.0,65001,0.69125,0.002318527595754825,1.2793760015164977,2237.5
313,0.0,65163,0.6904805,0.0026111367460768557,1.294844196902381,2244.5
314,3.0,65430,0.68921225,0.0026461724922224907,1.2932367324829102,2257.0
315,2.0,65673,0.6880580000000001,0.0022353361359051978,1.2901344652529116,2268.9
316,4.0,65958,0.68670425,0.0025586560599326173,1.2911608030921535,2281.6
317,4.0,66261,0.685265,0.0023561096348701407,1.2977970563145753,2295.7
318,2.0,66449,0.684372,0.0023220524791271444,1.2950484961905377,2304.6
319,3.0,66729,0.683042,0.0023267623861361894,1.300854236313275,2317.6
320,2.0,66985,0.681826,0.0024435215431140023,1.3021922749467194,2329.5
321,5.0,67301,0.6803250000000001,0.002546360669620748,1.3053820450094682,2344.2
322,2.0,67502,0.6793702500000001,0.002046106666423825,1.304949846433763,2353.0
323,3.0,67716,0.67835375,0.0021549568199563476,1.3063810645976914,2362.9
324,2.0,67909,0.6774370000000001,0.002093991617113593,1.3039425382960028,2371.9
325,3.0,68164,0.67622575,0.002091733571004999,1.308489190830904,2383.9
326,3.0,68376,0.67521875,0.0022171257310305316,1.3172863468808949,2393.8
327,2.0,68594,0.67418325,0.00197489574015431,1.3184727364723836,2404.0
328,4.0,68874,0.67285325,0.0022894006511445957,1.3126124335186822,2417.5
329,3.0,69146,0.67156125,0.0020277905879244346,1.3255240895292337,2430.6
330,6.0,69512,0.66982275,0.0019860983699546805,1.3289015433175968,2448.0
331,4.0,69811,0.6684025,0.0020147753982800044,1.335840568095944,2461.4
332,3.0,70065,0.667196,0.0021053283540880324,1.3275354504585266,2472.8
333,2.0,70267,0.6662365000000001,0.0021205955109499064,1.3402335000510264,2481.7
334,3.0,70533,0.664973,0.0020689041321157106,1.3410443219923436,2493.8
335,6.0,70927,0.6631015,0.002053683508290356,1.335543456113883,2510.8
336,3.0,71148,0.66205175,0.002283177045131802,1.3522441910402807,2520.7
337,0.0,71282,0.66141525,0.002022520384452403,1.3487974289637894,2527.2
338,6.0,71639,0.6597195,0.0019341300021780718,1.3524977526410955,2543.1
339,5.0,71954,0.65822325,0.002206410460787574,1.3477099819788858,2557.7
340,4.0,72222,0.65695025,0.002104031947422286,1.3553780464094076,2571.0
341,2.0,72462,0.65581025,0.002235036826702223,1.3570047756036123,2582.7
342,2.0,72672,0.65481275,0.0020936900296614374,1.3637197125525702,2591.9
343,5.0,72977,0.6533640000000001,0.0021566232033722772,1.3567255457893748,2607.2
344,3.0,73209,0.6522620000000001,0.00199680701891715,1.370870125190965,2617.6
345,2.0,73418,0.65126925,0.0025684437280048453,1.3714550687935934,2627.5
346,5.0,73728,0.64979675,0.0020167098701706215,1.366766180146125,2641.7
347,4.0,74008,0.6484667500000001,0.0018446053468713737,1.3723012302603042,2654.3
348,3.0,74237,0.6473789999999999,0.0022006686798481914,1.3796016253758727,2664.4
349,3.0,74475,0.6462485,0.0018883569139406132,1.3912863636217196,2675.5
350,5.0,74809,0.6446620000000001,0.0022322194933790916,1.3847074287380288,2691.3
351,4.0,75071,0.6434175,0.002174974038605116,1.3824479998523043,2702.9
352,6.0,75431,0.6417075000000001,0.0020786796525094865,1.3741613292031818,2719.4
353,2.0,75635,0.6407385,0.002007910804155365,1.3763451850881763,2729.1
354,7.0,76023,0.6388955000000001,0.002180713730622395,1.3776027382034617,2747.9
355,4.0,76308,0.63754175,0.002404226453182402,1.3845565101556612,2761.8
356,5.0,76608,0.63611675,0.0019838578090032874,1.3886130873362224,2776.2
357,1.0,76771,0.6353424999999999,0.00211937313019498,1.3841608879756342,2784.0
358,9.0,77232,0.63315275,0.0019505697232065015,1.3877581784626924,2805.5
359,1.0,77410,0.63230725,0.0019485141834756884,1.3837993633881043,2813.9
360,9.0,77843,0.6302505,0.00210219486691832,1.3884928410928739,2833.8
361,4.0,78114,0.62896325,0.0021998484653757535,1.394441777489722,2846.4
362,8.0,78419,0.6275145,0.0020554352433374916,1.4083213243328156,2860.7
363,5.0,78765,0.6258710000000001,0.002251211994154664,1.410573011188838,2877.1
364,1.0,78936,0.62505875,0.0021355895772140624,1.412519443801969,2885.2
365,9.0,79415,0.6227835,0.002261833449092155,1.418860928499624,2907.5
366,6.0,79826,0.62083125,0.002144821014378782,1.4242857479991125,2927.0
367,5.0,80152,0.61928275,0.0021804430049042747,1.435688494904641,2942.2
368,6.0,80546,0.61741125,0.0025023522290110417,1.438809262919547,2961.7
369,7.0,80969,0.615402,0.002070345739648517,1.4444646170235131,2981.1
370,7.0,81370,0.61349725,0.0022785641049630615,1.4577373150280883,2999.6
371,5.0,81738,0.61174925,0.0020994462198438628,1.4604228067657221,3016.6
372,2.0,81942,0.61078025,0.002073007132875158,1.45384780273718,3026.0
373,6.0,82336,0.60890875,0.002261385300638731,1.4698241495238948,3044.0
374,5.0,82617,0.6075740000000001,0.0024026391732140224,1.4742759860707348,3057.2
375,3.0,82830,0.6065622500000001,0.0022245398963071372,1.4684147722844227,3066.6
376,2.0,83046,0.60553625,0.0022003451601819877,1.487075134008019,3076.2
377,6.0,83395,0.6038785,0.0026020767480931526,1.5073417759898058,3092.6
378,4.0,83657,0.6026340000000001,0.0025716431017694923,1.5117769755479944,3104.4
379,7.0,84059,0.6007245,0.0021270895197255473,1.5074523168416758,3122.0
380,6.0,84421,0.599005,0.0020923297935086997,1.5070134849179515,3138.9
381,4.0,84740,0.59748975,0.002745794298946215,1.498827514229897,3155.0
382,8.0,85072,0.5959127500000001,0.0024339898957706795,1.5028955588139683,3171.9
383,4.0,85331,0.5946825,0.002204342379704887,1.5330659353594982,3184.0
384,12.0,85868,0.5921317500000001,0.0023995540399096554,1.5289650811385398,3210.3
385,7.0,86233,0.590398,0.002532122438703345,1.5263813985537176,3227.6
386,7.0,86625,0.588536,0.002721600339044722,1.5347979795567843,3245.3
387,8.0,87095,0.5863035,0.0024456922818802576,1.5305581087761737,3266.8
388,6.0,87478,0.58448425,0.0028172172941103354,1.538651393225548,3284.4
389,5.0,87808,0.5829167500000001,0.002642447978547407,1.542942670619849,3299.8
390,6.0,88175,0.5811735,0.0023995974678920496,1.5429639338797378,3316.6
391,4.0,88439,0.5799194999999999,0.0021687197859688295,1.5515647729237874,3328.9
392,4.0,88716,0.5786037500000001,0.0026261931077647778,1.5429418556096322,3341.6
393,4.0,88960,0.57744475,0.002430186593942306,1.548570575284176,3352.8
394,8.0,89375,0.5754735,0.0030977479224962865,1.552439826080598,3371.9
395,6.0,89746,0.5737112500000001,0.002651849178430396,1.5595046124368344,3388.7
396,3.0,89998,0.57251425,0.0027949640971778465,1.5449648996194203,3400.5
397,9.0,90465,0.570296,0.002356364120149933,1.5665788609670113,3421.9
398,5.0,90740,0.5689897500000001,0.0025734631530940533,1.5642264036698774,3434.8
399,9.0,91233,0.566648,0.003071312911612025,1.5649045768664285,3456.6
400,5.0,91568,0.5650567500000001,0.0031856095842294286,1.5618322931118866,3471.9
401,7.0,91940,0.56328975,0.0021846200103536047,1.568124564745093,3489.1
402,7.0,92322,0.56147525,0.002954756825673516,1.5841822571155288,3506.8
403,4.0,92609,0.5601119999999999,0.0028212353486149126,1.5862771542645497,3520.2
404,8.0,93036,0.55808375,0.0024585566913929336,1.5934465442384993,3539.9
405,8.0,93514,0.55581325,0.0025524943677326627,1.6061944348043977,3562.0
406,4.0,93782,0.5545402500000001,0.0023624037712579593,1.6075829481011006,3574.0
407,7.0,94152,0.55278275,0.002600120155556077,1.6068933325844843,3590.5
408,5.0,94486,0.55119625,0.0024433764054831732,1.623704460566629,3605.1
409,4.0,94794,0.5497332500000001,0.0026691157369671823,1.6237626218950594,3618.2
410,4.0,95075,0.5483985,0.0029836897768313895,1.6353834502637599,3630.8
411,2.0,95295,0.5473535,0.002441682873045052,1.6542953550815582,3640.6
412,5.0,95611,0.5458525000000001,0.0026382119206032313,1.6455606821971605,3656.2
413,9.0,96088,0.54358675,0.0025892936864616916,1.6456660424638345,3679.1
414,6.0,96446,0.54188625,0.003664393498570081,1.6487028595455533,3696.7
415,4.0,96708,0.54064175,0.0026888434366609203,1.658521153999649,3708.5
416,4.0,96976,0.53936875,0.0026193620411613123,1.6505990179617014,3720.9
417,7.0,97374,0.53747825,0.0026779510242421057,1.6697241445282596,3739.5
418,6.0,97703,0.5359155,0.0025940822203159557,1.674423154726579,3754.5
419,16.0,98358,0.53280425,0.002493866837587037,1.6799959856135245,3785.4
420,4.0,98635,0.5314885,0.002894144194681426,1.6769409119437317,3798.4
421,5.0,98984,0.52983075,0.00232984799455403,1.6799330154599297,3816.0
422,5.0,99287,0.5283915,0.0023155264843988353,1.704358130004933,3829.2
423,5.0,99605,0.5268809999999999,0.0026304371646384316,1.6973676066728507,3843.5
424,4.0,99900,0.52547975,0.002517562325436117,1.7016357724949465,3858.0
425,7.0,100281,0.5236700000000001,0.0028232317454526274,1.7145463735099853,3875.6
426,2.0,100484,0.5227057500000001,0.0026424705471529216,1.715565381966201,3884.9
427,8.0,100920,0.52063475,0.0025013194091291244,1.7266099461174886,3904.8
428,7.0,101300,0.51882975,0.0023766441240839317,1.7177477278207478,3922.2
429,7.0,101710,0.51688225,0.002786607830501275,1.71594898293658,3941.2
430,6.0,102074,0.51515325,0.0032149155630287456,1.713898051898558,3957.8
431,7.0,102497,0.513144,0.0026235937341925497,1.715015021058121,3977.9
432,3.0,102745,0.5119660000000001,0.003023853267927001,1.7138298687434965,3989.1
433,4.0,103046,0.5105362499999999,0.0030694603741105546,1.7166018375130587,4003.2
434,12.0,103640,0.5077147500000001,0.002886789057590773,1.7207100714497294,4030.0
435,10.0,104000,0.50600475,0.0028937692620578065,1.727004298236635,4046.6
436,10.0,104518,0.50354425,0.002703499563996191,1.7433347354524384,4070.2
437,9.0,104999,0.5012595000000001,0.002751190987659576,1.7469748449424696,4093.8
438,7.0,105412,0.49929775,0.0031146507101504415,1.765320672827252,4114.4
439,7.0,105823,0.4973455000000001,0.002616412697304403,1.7724142062983084,4133.5
440,7.0,106263,0.49525550000000007,0.0029882714919618925,1.7660746192390269,4153.8
441,9.0,106708,0.49314175000000005,0.003016217096755804,1.7725482182556325,4175.3
442,6.0,107035,0.4915885,0.0028034562970560032,1.7788929494513648,4191.0
443,4.0,107316,0.49025375000000004,0.0029537765126098677,1.8055271194498734,4203.5
444,7.0,107745,0.4882160000000001,0.0034143240697137004,1.8073523675367271,4222.9
445,16.0,108201,0.48605,0.002851272796601335,1.8006531269403927,4244.4
446,12.0,108642,0.48395524999999995,0.002814770491145416,1.8031524838774113,4264.6
447,8.0,109050,0.48201725000000006,0.002690590564395511,1.807560715605231,4283.9
448,9.0,109458,0.48007924999999996,0.0028189673792832193,1.8189859361040825,4303.7
449,6.0,109790,0.47850225,0.0029132309155321277,1.8100424157567772,4319.1
450,5.0,110120,0.4769347500000001,0.00346016577748356,1.8164590546579071,4333.9
451,6.0,110453,0.475353,0.0033321708439731854,1.8287284624827158,4348.8
452,9.0,110925,0.47311100000000006,0.0029233174283975947,1.8325062798241438,4371.1
453,4.0,111224,0.47169075000000005,0.0030357455094983444,1.8431777511552025,4383.8
454,4.0,111502,0.47037025,0.0028662769529690445,1.8477297167983844,4396.1
455,8.0,111941,0.46828500000000006,0.0030245609980040487,1.8576503383814609,4416.9
456,6.0,112272,0.46671275,0.0031297927865831694,1.865466991219996,4431.7
457,4.0,112529,0.465492,0.0032036250182210036,1.8637096088684022,4443.2
458,9.0,112972,0.46338775,0.003054890924860759,1.8623256723713928,4463.0
459,4.0,113254,0.46204825000000005,0.0029184369585833494,1.8785665162066196,4475.0
460,8.0,113689,0.4599820000000001,0.00306626081844021,1.8745392651393495,4495.0
461,5.0,114002,0.45849525,0.0037922133117342907,1.8720779529394813,4508.9
462,9.0,114509,0.456087,0.002985285654644752,1.8792470190416897,4532.2
463,14.0,115176,0.45291875000000004,0.0034474117815427516,1.8861004728963529,4563.3
464,7.0,115576,0.45101875,0.0031343200779519976,1.8859821873903275,4582.5
465,6.0,115972,0.44913775,0.002765461133755955,1.8920302017770632,4601.5
466,9.0,116439,0.4469195,0.002817597867406474,1.9018259717259214,4623.3
467,12.0,117049,0.44402200000000003,0.0027836522278776696,1.9113678285332978,4651.7
468,9.0,117494,0.44190825,0.00344182182262976,1.9289055170637839,4672.0
469,7.0,117863,0.44015550000000003,0.0030247148839052675,1.9312042543881631,4688.2
470,7.0,118305,0.438056,0.0036285872423939187,1.9258095390117007,4708.3
471,6.0,118684,0.43625575000000005,0.0038696698923374093,1.9312352791310614,4726.0
472,6.0,119041,0.43456000000000006,0.002833445955273964,1.934880062645557,4741.9
473,7.0,119432,0.43270275,0.003127230960718544,1.9532380936395786,4760.2
474,24.0,120033,0.429848,0.003195161944291649,1.9542693381698277,4788.1
475,10.0,120486,0.42769625,0.004036077776220658,1.9655565707625668,4809.8
476,5.0,120802,0.42619525,0.0035768692577670363,1.9754734876789624,4824.6
477,11.0,121343,0.4236255000000001,0.003379110366970218,1.9818166514200997,4850.1
478,10.0,121727,0.42180150000000005,0.0030280440006814993,1.9840149056787293,4868.3
479,7.0,122070,0.42017225,0.003234731314300611,1.9882429212592434,4884.2
480,10.0,122554,0.41787325,0.0033981449233872183,2.008159319723933,4906.6
481,5.0,122848,0.41647675000000006,0.004094473800430277,2.0091983842200976,4920.5
482,11.0,123257,0.41453399999999996,0.003101600493016382,2.0160043294971906,4940.2
483,17.0,123935,0.4113135,0.00326132017035301,2.0181915721358803,4971.7
484,5.0,124226,0.40993124999999997,0.003262001708233121,2.004855011746646,4985.1
485,15.0,124907,0.4066965,0.0032812518990518614,2.0056530109411117,5018.8
486,5.0,125222,0.40520025000000004,0.003190226802631976,2.0211713639516677,5033.3
487,10.0,125742,0.40273025000000007,0.003306531420205899,2.01714115693019,5057.7
488,15.0,126216,0.40047875,0.0035785339505117943,2.024582734842341,5079.6
489,4.0,126472,0.39926275,0.003650060519021281,2.0364629444666207,5091.4
490,10.0,126847,0.39748150000000004,0.003326160102772216,2.033013384183248,5108.8
491,11.0,127310,0.39528225000000006,0.004098958183320332,2.042843666241442,5130.2
492,13.0,127786,0.3930212500000001,0.0031665933025930423,2.052600211706482,5152.4
493,11.0,128263,0.39075550000000003,0.0033607622074057005,2.0519966496861457,5174.8
494,8.0,128704,0.3886607500000001,0.0033196515601409213,2.0662682997126156,5196.5
495,8.0,129140,0.38658975000000007,0.003037073208636459,2.0632728302697525,5216.4
496,14.0,129674,0.38405325,0.003341051506808146,2.0809749704175227,5241.5
497,6.0,130042,0.38230525000000004,0.004067352024361278,2.082542793258377,5258.8
498,3.0,130296,0.38109875000000004,0.0032023484992802025,2.087722376106292,5270.9
499,15.0,131013,0.37769300000000006,0.003380887018454312,2.0941831299118085,5305.1
500,11.0,131580,0.3749997500000001,0.0037800494602095417,2.108370302425701,5331.0
501,6.0,131909,0.373437,0.0035335833438895755,2.1025440330563345,5346.0
502,7.0,132288,0.37163675000000007,0.003919107582368507,2.1191982273061547,5363.5
503,11.0,132817,0.369124,0.003614317720884894,2.119178664932179,5387.9
504,4.0,133077,0.367889,0.003421380729951824,2.1265389951375813,5399.8
505,12.0,133534,0.36571825,0.004388802169572004,2.1431741513621625,5420.5
506,11.0,134055,0.36324350000000005,0.0034884576275256494,2.1437063777744196,5444.5
507,6.0,134386,0.36167125,0.003087248286517939,2.163721981005366,5459.9
508,17.0,135019,0.35866450000000005,0.003478568762053087,2.168461802069798,5484.2
509,10.0,135582,0.35599025000000006,0.0033044314720555414,2.1838505884258614,5504.3
510,6.0,135943,0.35427549999999997,0.0030633022879228418,2.199506814129795,5516.9
511,8.0,136405,0.3520810000000001,0.0034825642149970016,2.1973507884260894,5533.1
512,10.0,136934,0.34956825,0.0038018761916149457,2.2017183360170103,5551.7
513,14.0,137536,0.34670875,0.0037442362467770733,2.218389713090916,5572.4
514,9.0,138057,0.34423400000000004,0.0037095072918755653,2.2183390878670046,5590.1
515,4.0,138315,0.34300850000000005,0.003539398306251554,2.2330110729202746,5599.2
516,11.0,138815,0.34063350000000003,0.0034320170509745365,2.2374177968502043,5617.6
517,13.0,139418,0.33776925,0.003633232282398957,2.2551915216604077,5638.9
518,9.0,139925,0.335361,0.003927466143276249,2.26987619089657,5656.8
519,9.0,140414,0.33303825,0.004026366590335584,2.2734993988750904,5674.4
520,13.0,141089,0.3298320000000001,0.003008215760087801,2.282655992154722,5698.3
521,14.0,141638,0.3272242500000001,0.0034739275770185544,2.2900550013682883,5717.2
522,21.0,142224,0.32444074999999994,0.003571221795459135,2.311473860065278,5737.9
523,16.0,142847,0.3214815,0.0036132013935178675,2.3251627475071106,5759.7
524,9.0,143274,0.31945325,0.0028821838289265905,2.3188077180670352,5774.9
525,5.0,143591,0.31794750000000005,0.003217392556269415,2.3265351737711333,5785.9
526,12.0,144121,0.31543,0.003886986333099282,2.323931622505188,5804.5
527,3.0,144362,0.31428524999999996,0.003430417901160064,2.342298953859638,5812.9
528,11.0,144868,0.31188175000000007,0.004398892901533213,2.3450240657734778,5830.5
529,3.0,145124,0.3106657500000001,0.0032605750770926534,2.3346371250227094,5839.5
530,8.0,145592,0.30844275,0.0036621387168226773,2.3482430398973646,5855.4
531,13.0,146121,0.30593000000000004,0.004491225032871748,2.3544185251729925,5874.1
532,10.0,146653,0.303403,0.0036974202128585874,2.356443864958627,5892.4
533,12.0,147333,0.300173,0.004201797495539615,2.3843549503999597,5918.5
534,12.0,147933,0.297323,0.004068481887031036,2.3972146395842233,5939.7
535,8.0,148370,0.29524725000000007,0.004388014249822223,2.4010506805620695,5956.0
536,11.0,148806,0.29317625,0.003985322411508521,2.411510218720917,5971.3
537,11.0,149322,0.29072525000000005,0.0038681107999841762,2.415368924307269,5988.8
538,17.0,149975,0.28762350000000003,0.00361201368658454,2.423810605433232,6011.8
539,16.0,150723,0.2840705,0.004157233651619116,2.4315565897819194,6039.4
540,5.0,151017,0.2826740000000001,0.004096799463961831,2.4242105005549734,6050.4
541,11.0,151537,0.280204,0.0036594687420382307,2.452966915644132,6069.1
542,14.0,152078,0.2776342500000001,0.003747590707981694,2.4503222291879423,6088.3
543,13.0,152665,0.27484600000000003,0.004175787581685372,2.4558537278508408,6110.2
544,14.0,153252,0.27205775,0.004488546532650956,2.4587003867914565,6131.0
545,10.0,153737,0.26975400000000005,0.004307389576780158,2.454076230648867,6149.0
546,11.0,154298,0.26708925000000006,0.004298243010723748,2.4645169784253507,6168.5
547,3.0,154601,0.26565000000000005,0.0043079159587541774,2.4595827049154653,6179.7
548,12.0,155031,0.2636075,0.003843651395318163,2.471445808299752,6194.1
549,15.0,155628,0.26077174999999997,0.0044056434705744265,2.4884522991563807,6215.8
550,14.0,156245,0.257841,0.003752189082817312,2.4825390444002817,6236.5
551,20.0,156908,0.2546917500000001,0.0042403219324792275,2.504453668766971,6258.7
552,4.0,157169,0.253452,0.004483619470450798,2.5180595706705846,6267.4
553,17.0,157780,0.25054975,0.004468301649806707,2.529401616457051,6287.9
554,13.0,158353,0.24782800000000005,0.004117532633803703,2.513838621958388,6307.2
555,7.0,158724,0.24606575000000008,0.004878363650037363,2.5071520869622654,6319.7
556,13.0,159354,0.24307325000000013,0.004748870934903001,2.5149573102829947,6341.4
557,14.0,159861,0.24066500000000002,0.004079759234486283,2.525777002763466,6358.7
558,14.0,160435,0.23793849999999994,0.004250638443085881,2.552943836105825,6378.3
559,18.0,161179,0.23440450000000002,0.004410313840649436,2.5562257975019436,6404.0
560,13.0,161640,0.23221475000000003,0.0039400773139573525,2.5767180536936265,6419.9
561,14.0,162153,0.22977800000000004,0.004467288690385886,2.5825738753491674,6437.5
562,24.0,162939,0.22604449999999998,0.0044952658492048055,2.5888165359885336,6464.3
563,13.0,163406,0.22382625,0.0044613454620028815,2.6064461482413575,6480.8
564,6.0,163798,0.22196425000000009,0.004194867243035221,2.604349574264215,6493.9
565,8.0,164232,0.21990275000000004,0.005066007021240555,2.608469364280525,6508.5
566,9.0,164668,0.21783175,0.00475631149618143,2.6108855637935324,6522.9
567,8.0,165113,0.21571800000000008,0.00473590612128963,2.607327968618843,6538.0
568,14.0,165800,0.21245475000000003,0.004599745404242987,2.6314383920450224,6561.1
569,7.0,166172,0.21068775000000006,0.005063042361808751,2.6373167678874028,6573.6
570,11.0,166726,0.20805625000000005,0.003956083516066638,2.6460908259725744,6592.4
571,9.0,167243,0.20560050000000007,0.0043651001155016154,2.641596637795926,6609.5
572,9.0,167757,0.2031590000000001,0.004149534783492785,2.6291740515816535,6626.5
573,13.0,168230,0.20091225000000001,0.005233475004409461,2.6362939223678623,6641.9
574,13.0,168706,0.19865125000000006,0.004468414728884867,2.6363352276697882,6658.0
575,13.0,169105,0.19675600000000004,0.0039472231874242425,2.6356874444430933,6671.4
576,9.0,169528,0.19474674999999997,0.004651025726942095,2.6415719112324094,6685.5
577,6.0,169871,0.19311749999999994,0.004577698895053357,2.636928081512451,6697.4
578,12.0,170406,0.19057625,0.004659119806204548,2.6522277537907395,6714.5
579,11.0,170932,0.18807774999999993,0.004688353743957455,2.653376690788414,6732.1
580,11.0,171506,0.18535125000000008,0.00483124417241481,2.651885779061799,6751.4
581,21.0,172191,0.18209750000000002,0.004911633808655243,2.662678802100411,6775.2
582,12.0,172791,0.1792475,0.004760753972514067,2.6764858718713125,6794.8
583,16.0,173384,0.17643075000000008,0.004729165775410071,2.681102864054765,6815.2
584,11.0,173941,0.17378499999999997,0.0055518882590324305,2.681448029872545,6833.9
585,7.0,174328,0.17194675000000004,0.005613308912203274,2.6953648615253063,6847.3
586,17.0,174978,0.16885925000000002,0.005218799951343009,2.7058381095299353,6868.7
587,13.0,175492,0.16641775000000003,0.00477176996010015,2.703296240665569,6886.4
588,5.0,175837,0.16477900000000012,0.005460411999914525,2.707864189147949,6898.1
589,16.0,176494,0.16165825,0.005091903055327004,2.727082581643463,6922.2
590,15.0,177064,0.15895075000000003,0.005621073413293057,2.719640280489336,6943.5
591,18.0,177712,0.15587275,0.004685601942818957,2.731879383325577,6966.5
592,19.0,178313,0.153018,0.00455337655259848,2.7329780099395906,6988.2
593,14.0,178883,0.1503105,0.0046349582334841485,2.7463694534803693,7008.1
594,10.0,179396,0.14787375000000003,0.004597189741460588,2.760062425922,7026.0
595,12.0,179916,0.14540375000000005,0.0049124761372625544,2.762710892695647,7043.4
596,13.0,180398,0.14311425,0.005143860747981662,2.748061733621779,7059.6
597,9.0,180707,0.1416465,0.004548362264308692,2.754741194950338,7069.9
598,12.0,181154,0.13952325,0.004725060092730102,2.7584309193911967,7084.6
599,13.0,181656,0.13713874999999998,0.004957015383214062,2.753635566548047,7101.2
600,13.0,182162,0.13473525000000008,0.004290332409977478,2.756958865836675,7118.0
601,19.0,182866,0.13139124999999996,0.004788832984889847,2.7816253937780857,7141.0
602,13.0,183304,0.12931075000000003,0.004987365805403623,2.772726306632229,7155.3
603,17.0,183932,0.12632775000000007,0.005337717697920817,2.7686938632066083,7176.5
604,9.0,184381,0.12419499999999994,0.005188924145059275,2.7817319305012114,7191.3
605,21.0,184940,0.12153974999999995,0.004635941454735027,2.7791733694844254,7210.1
606,18.0,185511,0.11882750000000009,0.0060167377010345025,2.7612199424235917,7229.7
607,19.0,186225,0.1154360000000001,0.004774172728879936,2.7730784549766563,7254.0
608,8.0,186631,0.11350749999999998,0.0048635047976572175,2.7784132135325463,7267.9
609,10.0,187184,0.11088074999999997,0.004474849539626201,2.7882115884025533,7286.8
610,19.0,187926,0.10735625000000004,0.004744210986187054,2.8155588615294094,7311.7
611,21.0,188578,0.10425925000000003,0.0048732505943426185,2.8060204953503756,7333.9
612,13.0,189164,0.10147575000000009,0.005170252028321879,2.8139179656123137,7353.6
613,16.0,189784,0.09853075000000011,0.005206746070630729,2.818825234905366,7374.6
614,9.0,190229,0.09641700000000009,0.006054245872982892,2.8166024138418475,7389.7
615,7.0,190617,0.09457400000000005,0.005303918330458512,2.8222469257325242,7403.0
616,13.0,191248,0.0915767500000001,0.005340623649401021,2.8197021907558533,7425.2
617,18.0,191975,0.08812350000000002,0.004885106551268124,2.821722794759716,7449.5
618,20.0,192699,0.08468450000000005,0.004737730828054038,2.8159645021949684,7474.2
619,14.0,193346,0.08161125000000014,0.004373676277995052,2.8027188542084494,7495.7
620,11.0,193924,0.07886575000000007,0.004694183043262254,2.8077394644694347,7515.0
621,27.0,194539,0.07594449999999997,0.005031998853134824,2.831512320526247,7535.6
622,15.0,195218,0.07271925000000001,0.004959908035955501,2.8512109523318125,7557.9
623,11.0,195831,0.06980750000000002,0.005099323299199914,2.8531391628414733,7578.2
624,11.0,196415,0.06703350000000008,0.005572486149939734,2.8726732828845716,7597.3
625,9.0,196923,0.06462050000000008,0.0053287046417450955,2.868817950796893,7614.2
626,11.0,197418,0.062269250000000054,0.004955153417717101,2.873557331586125,7631.1
627,7.0,197883,0.06006050000000007,0.004621080476014564,2.8628392563071303,7646.4
628,14.0,198263,0.058255500000000016,0.0047262053287244945,2.888860557581249,7659.5
629,11.0,199084,0.054355750000000036,0.00512367856675185,2.885467102118154,7686.7
630,25.0,199831,0.050807500000000005,0.005532861806463495,2.8947498045133617,7713.9
631,12.0,200311,0.050000000000000044,0.004442672911318368,2.8983867466449738,7729.7
632,19.0,200750,0.050000000000000044,0.005020762178362697,2.9121445822009737,7744.2
633,10.0,201299,0.050000000000000044,0.004901372512165484,2.924943615178593,7762.2
634,13.0,201925,0.050000000000000044,0.006200131312676203,2.9322305350257944,7783.0
635,16.0,202534,0.050000000000000044,0.005227383527230343,2.932702342864915,7803.4
636,18.0,203076,0.050000000000000044,0.005651964205901424,2.92270896135661,7821.0
637,16.0,203714,0.050000000000000044,0.0055084284582922706,2.9230351264947636,7842.9
638,11.0,204301,0.050000000000000044,0.0054064726192635856,2.938426228154457,7862.4
639,10.0,204792,0.050000000000000044,0.006350900631093529,2.965398471855583,7879.0
640,13.0,205331,0.050000000000000044,0.005592908491449627,2.963118215217661,7896.4
641,12.0,206039,0.050000000000000044,0.00554858924660537,2.9814019031443837,7919.6
642,18.0,206621,0.050000000000000044,0.0057316273044797994,3.0072130001697346,7938.7
643,11.0,207195,0.050000000000000044,0.005478190507201108,3.0172056649204744,7957.6
644,18.0,207968,0.050000000000000044,0.004905068636950187,3.034136927605909,7983.7
645,21.0,208641,0.050000000000000044,0.005716523667676361,3.051671647742103,8006.1
646,14.0,209251,0.050000000000000044,0.005966550180856444,3.053814031647854,8026.6
647,14.0,209832,0.050000000000000044,0.00573715460330421,3.062997628817665,8046.1
648,11.0,210242,0.050000000000000044,0.00497727346316934,3.088982540805165,8060.1
649,13.0,210871,0.050000000000000044,0.006188509324698788,3.09466039546912,8081.4
650,11.0,211409,0.050000000000000044,0.005638615458469741,3.0776707815858066,8100.4
651,10.0,211911,0.050000000000000044,0.0052299817135386855,3.073234999322321,8117.7
652,16.0,212405,0.050000000000000044,0.006133883710533969,3.083417338880933,8135.0
653,8.0,212781,0.050000000000000044,0.0058851755662893065,3.100926471517441,8148.0
654,15.0,213398,0.050000000000000044,0.0056532076008072975,3.0861902109421244,8168.3
655,15.0,213976,0.050000000000000044,0.006029768933737038,3.081422250576085,8188.1
656,19.0,214636,0.050000000000000044,0.005573787497688141,3.1367054877859175,8210.8
657,6.0,214962,0.050000000000000044,0.005171336760698743,3.13080940875539,8221.2
658,13.0,215620,0.050000000000000044,0.00629058740091847,3.1441276537248792,8242.6
659,26.0,216404,0.050000000000000044,0.005848239981602017,3.1743950633978355,8268.0
660,14.0,217052,0.050000000000000044,0.005846160526867427,3.1697592135564783,8290.1
661,10.0,217409,0.050000000000000044,0.005773707690807868,3.171338236298548,8302.4
662,10.0,217757,0.050000000000000044,0.0050360630821682855,3.1891005964114747,8314.2
663,14.0,218237,0.050000000000000044,0.0060385731463611595,3.1829882353544234,8330.5
664,6.0,218613,0.050000000000000044,0.00611548636547052,3.1899469577251596,8343.2
665,8.0,219072,0.050000000000000044,0.006641931241136734,3.202098913961506,8358.2
666,13.0,219551,0.050000000000000044,0.005577690318510683,3.1944977868822773,8374.4
667,15.0,220279,0.050000000000000044,0.005735228711033654,3.1933336696781955,8398.2
668,12.0,220730,0.050000000000000044,0.005844861714524566,3.1773789764243587,8413.3
669,12.0,221269,0.050000000000000044,0.005665459726282252,3.191782078627974,8431.5
670,14.0,222014,0.050000000000000044,0.005948928845483785,3.184503636584186,8456.8
671,7.0,222392,0.050000000000000044,0.006684051900202773,3.1864713670084717,8469.8
672,8.0,222753,0.050000000000000044,0.005839184425459076,3.2069493192054557,8481.9
673,21.0,223548,0.050000000000000044,0.006197345769618574,3.2088992343758638,8508.8
674,6.0,223872,0.050000000000000044,0.005165497643045253,3.204487947770107,8519.2
675,16.0,224478,0.050000000000000044,0.006224156211156447,3.19762386661945,8538.8
676,26.0,225237,0.050000000000000044,0.0055803537220916214,3.2131524205364888,8563.8
677,8.0,225654,0.050000000000000044,0.0053810591212578775,3.2151809001712204,8577.8
678,14.0,226191,0.050000000000000044,0.006002595321903113,3.2373710349063414,8595.8
679,7.0,226565,0.050000000000000044,0.006394068716108839,3.2334816219972415,8608.7
680,16.0,227213,0.050000000000000044,0.005963167707064982,3.252105357470336,8630.5
681,12.0,227820,0.050000000000000044,0.006047585056603716,3.2477426297189376,8650.6
682,7.0,228237,0.050000000000000044,0.006187988508255969,3.2474889017695148,8664.5
683,7.0,228592,0.050000000000000044,0.006257570469030507,3.2516078955690624,8676.1
684,15.0,229031,0.050000000000000044,0.0063473608502312,3.237424659294528,8690.7
685,9.0,229558,0.050000000000000044,0.006792719685119105,3.230793819029372,8707.8
686,11.0,229996,0.050000000000000044,0.006714326902834877,3.257449577388154,8722.5
687,18.0,230765,0.050000000000000044,0.0063394017338023675,3.270645206709367,8747.9
688,13.0,231381,0.050000000000000044,0.0061915809811733955,3.2853169495409187,8768.4
689,19.0,232183,0.050000000000000044,0.005655822199838993,3.311983870746489,8794.8
690,20.0,233063,0.050000000000000044,0.006250226813162126,3.30035932876847,8824.9
691,13.0,233599,0.050000000000000044,0.005861046693397255,3.299449035925652,8843.0
692,14.0,234223,0.050000000000000044,0.005792688465869735,3.2957134208618064,8865.1
693,23.0,234924,0.050000000000000044,0.005882538177840911,3.2959816360609677,8888.8
694,16.0,235578,0.050000000000000044,0.006070765712766962,3.301762792313135,8910.1
695,11.0,236084,0.050000000000000044,0.005741730915371461,3.299151124219178,8927.5
696,14.0,236989,0.050000000000000044,0.006428847683899784,3.3043417669791544,8957.8
697,20.0,237603,0.050000000000000044,0.007307479453632602,3.314464494925757,8978.7
698,14.0,238281,0.050000000000000044,0.0065527572423620785,3.33820248564436,9001.4
699,15.0,238884,0.050000000000000044,0.006259825095884922,3.3428985594121574,9021.5
700,19.0,239379,0.050000000000000044,0.006402587052669865,3.373679861877904,9038.1
701,9.0,239827,0.050000000000000044,0.007387644675743234,3.3828316809875623,9053.0
702,16.0,240389,0.050000000000000044,0.006184761538592853,3.388214650527438,9072.2
703,5.0,240789,0.050000000000000044,0.006957348634605296,3.3964389461278914,9086.0
704,28.0,241916,0.050000000000000044,0.006029488060920075,3.3915282685669945,9123.9
705,18.0,242763,0.050000000000000044,0.006827453356137259,3.385783951566802,9152.5
706,13.0,243255,0.050000000000000044,0.006338557895467942,3.398964202985531,9168.9
707,16.0,243702,0.050000000000000044,0.006338981890705074,3.412111000726687,9184.5
708,13.0,244431,0.050000000000000044,0.0068463065234474095,3.416949449743263,9209.6
709,19.0,245286,0.050000000000000044,0.006170828245329665,3.4339788570738676,9238.6
710,7.0,245719,0.050000000000000044,0.006905742254168415,3.434349789079838,9253.4
711,9.0,246142,0.050000000000000044,0.005812233200530141,3.439721514429043,9267.5
712,18.0,246758,0.050000000000000044,0.006625252584783155,3.4488247207232883,9287.8
713,12.0,247405,0.050000000000000044,0.006620828561964149,3.437394375410478,9309.8
714,15.0,247889,0.050000000000000044,0.006374118003699821,3.44233068355844,9325.8
715,22.0,248529,0.050000000000000044,0.006298588522258797,3.4297992065548897,9346.7
716,12.0,249096,0.050000000000000044,0.006056148535038166,3.434646421429131,9366.0
717,6.0,249453,0.050000000000000044,0.006284616580715596,3.487143200652606,9378.1
718,11.0,250136,0.050000000000000044,0.006205345344106567,3.4756989143952444,9400.2
719,19.0,250753,0.050000000000000044,0.006383395658800683,3.4913302294825423,9420.7
720,4.0,251077,0.050000000000000044,0.007361459111389531,3.4905504834504777,9431.8
721,20.0,251706,0.050000000000000044,0.00697853066606835,3.4979456755997456,9453.0
722,10.0,252142,0.050000000000000044,0.006218458376846216,3.4954298258921424,9467.6
723,7.0,252510,0.050000000000000044,0.006133603818180627,3.4995495676994324,9479.8
724,10.0,253049,0.050000000000000044,0.005898653090273156,3.4846812179225717,9497.4
725,9.0,253497,0.050000000000000044,0.0071224976474176015,3.496131673987423,9512.6
726,9.0,253982,0.050000000000000044,0.006172670350414845,3.5000054570817456,9528.1
727,18.0,254645,0.050000000000000044,0.006466459078527425,3.523535987370694,9549.4
728,9.0,255139,0.050000000000000044,0.007132278094049317,3.5262304896767804,9565.9
729,11.0,255658,0.050000000000000044,0.006401497060262557,3.550632893924309,9583.2
730,11.0,256199,0.050000000000000044,0.006956423424931447,3.5460042398209493,9617.6
731,8.0,256602,0.050000000000000044,0.0067188765226213944,3.569657016924534,9638.4
732,10.0,256974,0.050000000000000044,0.007161899993035902,3.579642484905899,9658.4
733,15.0,257551,0.050000000000000044,0.006239169848835874,3.569720924003905,9688.7
734,17.0,258080,0.050000000000000044,0.006728914175059344,3.563244486576217,9715.4
735,16.0,258585,0.050000000000000044,0.006781111561720914,3.5507404502075497,9739.5
736,17.0,259219,0.050000000000000044,0.006505079689539957,3.557898065645236,9769.3
737,14.0,259585,0.050000000000000044,0.006696121681601196,3.5617435629901992,9785.9
738,10.0,260045,0.050000000000000044,0.007899090711725875,3.5803513309229977,9807.7
739,13.0,260614,0.050000000000000044,0.006803056361441793,3.566867796105115,9835.4
740,7.0,260982,0.050000000000000044,0.006724031133078666,3.576416535222012,9854.1
741,10.0,261498,0.050000000000000044,0.007250280390212009,3.5773805633995885,9875.2
742,11.0,262037,0.050000000000000044,0.005776931151595651,3.573740139963012,9893.0
743,15.0,262794,0.050000000000000044,0.0065625154821120964,3.5718585405513505,9917.7
744,10.0,263469,0.050000000000000044,0.0068460555876501735,3.5971605064250807,9942.5
745,16.0,264030,0.050000000000000044,0.0062933809148004935,3.617924983063696,9964.2
746,12.0,264614,0.050000000000000044,0.007910587593246482,3.631601156845485,9985.4
747,11.0,265184,0.050000000000000044,0.006472192654639417,3.6312201558497916,10004.2
748,17.0,265792,0.050000000000000044,0.007484339613208584,3.6171210780739784,10024.6
749,12.0,266318,0.050000000000000044,0.006549967945988924,3.6241890858334735,10042.0
750,4.0,266593,0.050000000000000044,0.006664849267425862,3.641010988408869,10051.2
751,17.0,267079,0.050000000000000044,0.005881386531426843,3.6263077734919733,10066.8
752,15.0,267652,0.050000000000000044,0.007448790550238435,3.6270178991254505,10087.3
753,9.0,268123,0.050000000000000044,0.00565873748190788,3.6200940654535962,10102.8
754,7.0,268472,0.050000000000000044,0.006248631432884637,3.632806436380206,10115.9
755,14.0,269014,0.050000000000000044,0.00670592382664507,3.6406586086618065,10134.0
756,5.0,269309,0.050000000000000044,0.00580735593418575,3.614182216030056,10143.6
757,10.0,269777,0.050000000000000044,0.0062110150373704,3.6086226635509067,10159.0
758,13.0,270116,0.050000000000000044,0.005860899632060378,3.6126252184223637,10170.2
759,6.0,270466,0.050000000000000044,0.006304095371493271,3.619039658818926,10181.4
760,14.0,270975,0.050000000000000044,0.006203002088258596,3.6140604286156375,10198.1
761,9.0,271383,0.050000000000000044,0.0060196106747824555,3.5990150810456742,10211.6
762,11.0,271882,0.050000000000000044,0.006835860967540923,3.630157466880783,10228.1
763,16.0,272457,0.050000000000000044,0.0062791578248953045,3.596003238429194,10246.9
764,10.0,272966,0.050000000000000044,0.006571899977840176,3.5954138483186133,10263.2
765,11.0,273509,0.050000000000000044,0.006447917835368444,3.58132271872041,10281.1
766,17.0,274332,0.050000000000000044,0.006684143751840428,3.589715924037039,10308.1
767,11.0,274707,0.050000000000000044,0.0064204458467041455,3.59842338180542,10320.2
768,4.0,274945,0.050000000000000044,0.006487500913511617,3.621594468084704,10327.8
769,10.0,275453,0.050000000000000044,0.0063247693290999964,3.6442874313339475,10344.3
770,8.0,275922,0.050000000000000044,0.0065442726178877135,3.626481578294148,10359.1
771,17.0,276447,0.050000000000000044,0.005874769376324755,3.619909243356614,10376.0
772,10.0,276930,0.050000000000000044,0.005391662782872786,3.6234576391137163,10391.6
773,8.0,277402,0.050000000000000044,0.006644462392629929,3.607306910773455,10408.2
774,15.0,278103,0.050000000000000044,0.006325826716204751,3.606745048528391,10433.0
775,8.0,278525,0.050000000000000044,0.006062900128065922,3.6216515811133725,10447.0
776,10.0,279032,0.050000000000000044,0.005826339478323446,3.61761052932965,10463.6
777,6.0,279413,0.050000000000000044,0.0058077810896839215,3.6592845234658147,10476.3
778,9.0,279915,0.050000000000000044,0.00644929991966388,3.6569835275292872,10492.7
779,7.0,280307,0.050000000000000044,0.006229064737361076,3.660277802117017,10505.7
780,8.0,280740,0.050000000000000044,0.006709414020215116,3.655130712319742,10519.9
781,5.0,281308,0.050000000000000044,0.006131534307968022,3.657265181692553,10538.2
782,10.0,281797,0.050000000000000044,0.006136662445787211,3.683677503667726,10554.1
783,12.0,282443,0.050000000000000044,0.006249298758937432,3.6697857077276743,10574.6
784,14.0,283193,0.050000000000000044,0.006584458804999789,3.6621883856455484,10598.8
785,21.0,283912,0.050000000000000044,0.005853656903803037,3.6810183733991853,10621.8
786,13.0,284404,0.050000000000000044,0.006546206883300565,3.657498097516657,10637.5
787,9.0,284855,0.050000000000000044,0.006197803149396293,3.654025209980899,10652.3
788,15.0,285327,0.050000000000000044,0.005835853413712249,3.6428562296649156,10667.8
789,10.0,285834,0.050000000000000044,0.005943696221237528,3.6652198011823423,10684.0
790,17.0,286466,0.050000000000000044,0.006146423712069216,3.680705072381828,10704.7
791,11.0,286913,0.050000000000000044,0.006838899342264038,3.6926310062408447,10719.4
792,7.0,287331,0.050000000000000044,0.006439781602099983,3.6717787285170487,10732.9
793,7.0,287717,0.050000000000000044,0.0067653013643605995,3.684831860151933,10745.6
794,16.0,288322,0.050000000000000044,0.006730376315218481,3.6821561789709674,10765.5
795,6.0,288676,0.050000000000000044,0.006553708441821216,3.6872942232142734,10776.9
796,11.0,289187,0.050000000000000044,0.006126422247094869,3.689921460272981,10793.3
797,12.0,289593,0.050000000000000044,0.0058910305032006515,3.6942589171414304,10806.4
798,16.0,290189,0.050000000000000044,0.0067797433004805185,3.6829879531924354,10826.1
799,11.0,290721,0.050000000000000044,0.006311278981489262,3.70712985938653,10843.5
800,16.0,291396,0.050000000000000044,0.006719996449192641,3.706596138212416,10865.9
801,15.0,291960,0.050000000000000044,0.006326229227620097,3.7024799044250596,10883.8
802,21.0,292656,0.050000000000000044,0.006359484471044846,3.6859999792329194,10906.1
803,27.0,293448,0.050000000000000044,0.006190614353405603,3.6918477572575963,10931.2
804,9.0,293872,0.050000000000000044,0.006029728221276529,3.6940343222528136,10945.2
805,20.0,294660,0.050000000000000044,0.006539444918809269,3.7083608886312107,10970.3
806,5.0,294950,0.050000000000000044,0.005643599591587252,3.7012765095151705,10979.7
807,15.0,295612,0.050000000000000044,0.006506311507252667,3.7059726326127067,11000.7
808,8.0,295915,0.050000000000000044,0.007277025694792888,3.6912474270307585,11011.7
809,15.0,296461,0.050000000000000044,0.006591233714388158,3.680232512645232,11029.6
810,19.0,297019,0.050000000000000044,0.006298234100632142,3.686116448867278,11047.9
811,17.0,297606,0.050000000000000044,0.006002967362490433,3.706528201013854,11067.2
812,6.0,297957,0.050000000000000044,0.007004328391798626,3.706284281874654,11078.6
813,9.0,298435,0.050000000000000044,0.006568044556059317,3.6882458725733738,11094.0
814,25.0,299171,0.050000000000000044,0.0064229705415567405,3.700303004163763,11117.8
815,11.0,299784,0.050000000000000044,0.006215739462921186,3.6604506557178342,11137.7
816,9.0,300229,0.050000000000000044,0.006573845368673962,3.674554328168376,11151.8
817,21.0,300881,0.050000000000000044,0.006685333661242257,3.688281979297568,11172.8
818,9.0,301609,0.050000000000000044,0.006160476637088213,3.6737539165622586,11195.8
819,8.0,302056,0.050000000000000044,0.005946546794807068,3.6839975254647683,11209.8
820,14.0,302719,0.050000000000000044,0.006616848417337237,3.667866369537998,11230.7
821,11.0,303201,0.050000000000000044,0.006104003107397435,3.670044224291916,11246.3
822,5.0,303497,0.050000000000000044,0.006071317330163249,3.6829071560421505,11255.7
823,8.0,303907,0.050000000000000044,0.006021176611510582,3.6664565412009633,11268.6
824,15.0,304323,0.050000000000000044,0.006211692995678347,3.654177413536952,11281.7
825,8.0,304913,0.050000000000000044,0.0054370574588035,3.65523685035059,11302.2
826,11.0,305322,0.050000000000000044,0.005848811160315348,3.653215863010994,11315.4
827,6.0,305638,0.050000000000000044,0.005723384657323573,3.662219424790974,11325.5
828,11.0,306139,0.050000000000000044,0.005893731049211796,3.638742542552377,11341.6
829,10.0,306868,0.050000000000000044,0.005467626350179356,3.6537887314219533,11364.1
830,12.0,307599,0.050000000000000044,0.006192447767031115,3.689746334843042,11386.7
831,13.0,308215,0.050000000000000044,0.007507547519023095,3.7091530015716305,11406.2
832,15.0,308838,0.050000000000000044,0.0059373038075341104,3.7173200476418335,11427.1
833,14.0,309685,0.050000000000000044,0.005747149444026861,3.704339184192446,11455.4
834,11.0,310238,0.050000000000000044,0.005083030846751351,3.7025729303549686,11473.6
835,8.0,310808,0.050000000000000044,0.005349766721401625,3.690989529877378,11492.3
836,12.0,311265,0.050000000000000044,0.006054350306917822,3.7117425811108147,11507.2
837,11.0,311676,0.050000000000000044,0.005929934753415485,3.7084137587071626,11520.7
838,4.0,311954,0.050000000000000044,0.005881092494785812,3.699377300927965,11529.6
839,7.0,312341,0.050000000000000044,0.00547285953753818,3.7490148981720286,11542.2
840,10.0,312903,0.050000000000000044,0.005881802569076359,3.740809821573441,11560.4
841,11.0,313438,0.050000000000000044,0.006283827909599189,3.710860376714546,11577.6
842,9.0,313899,0.050000000000000044,0.006822734967140792,3.737718545433756,11592.3
843,18.0,314618,0.050000000000000044,0.005649000104459751,3.7027641058962932,11616.8
844,15.0,315371,0.050000000000000044,0.006228405199505903,3.6949244894354467,11641.4
845,8.0,315816,0.050000000000000044,0.006214322482125854,3.7023712415373726,11655.6
846,14.0,316434,0.050000000000000044,0.006173444003873417,3.707647112966741,11675.8
847,11.0,316934,0.050000000000000044,0.006109344738302752,3.7011209678649903,11691.9
848,8.0,317346,0.050000000000000044,0.005639890042270389,3.6908926327251694,11704.7
849,17.0,317844,0.050000000000000044,0.006962044941341826,3.6913410482636415,11720.4
850,17.0,318498,0.050000000000000044,0.006036002555433433,3.71141073135061,11741.2
851,15.0,319202,0.050000000000000044,0.005821172113676518,3.7205173437568275,11763.1
852,11.0,319624,0.050000000000000044,0.005366234292256342,3.713800208263488,11776.4
853,8.0,320073,0.050000000000000044,0.006443439870305309,3.701107471716696,11790.5
854,16.0,320887,0.050000000000000044,0.005691520001622563,3.662895823872353,11816.4
855,20.0,321339,0.050000000000000044,0.006316562685693111,3.6870085196157474,11830.7
856,14.0,321707,0.050000000000000044,0.006858983065720405,3.693385575128638,11842.4
857,6.0,322106,0.050000000000000044,0.005800923505882011,3.6839248662006887,11854.5
858,11.0,322595,0.050000000000000044,0.006558675931743775,3.6959631018843386,11870.1
859,11.0,323138,0.050000000000000044,0.006239475928179227,3.7190813298163934,11887.7
860,9.0,323622,0.050000000000000044,0.006380488087754111,3.7438154126986984,11902.8
861,16.0,324356,0.050000000000000044,0.0054576526968854126,3.770064975650174,11926.0
862,27.0,325094,0.050000000000000044,0.006312109591492369,3.794802400154796,11949.5
863,6.0,325418,0.050000000000000044,0.006635250817958472,3.7726378521801514,11959.7
864,10.0,325927,0.050000000000000044,0.006626860951741312,3.776515822982039,11975.7
865,21.0,326744,0.050000000000000044,0.0059017417886872365,3.7679860469323185,12001.7
866,7.0,327118,0.050000000000000044,0.005832478092774191,3.758983012826685,12013.5
867,10.0,327645,0.050000000000000044,0.005913255279185692,3.7554897863905614,12030.2
868,11.0,328330,0.050000000000000044,0.005790290132464066,3.736442602115826,12052.0
869,18.0,329014,0.050000000000000044,0.006423259827945577,3.7378542956553007,12073.1
870,9.0,329448,0.050000000000000044,0.006642744962816998,3.7574020816433813,12086.9
871,14.0,329991,0.050000000000000044,0.006246716645717772,3.7338687772030767,12104.4
872,15.0,330646,0.050000000000000044,0.006511447750714444,3.721238983314456,12125.1
873,9.0,331135,0.050000000000000044,0.006819812422865861,3.734967323412437,12140.4
874,14.0,331657,0.050000000000000044,0.005733202418965426,3.755848962228417,12157.2
875,13.0,332165,0.050000000000000044,0.006038823703076603,3.734889390900379,12173.0
876,6.0,332473,0.050000000000000044,0.005851918233138231,3.7669371467132073,12182.7
877,12.0,332922,0.050000000000000044,0.00709369458374308,3.7506570874449934,12197.0
878,10.0,333408,0.050000000000000044,0.007111701569634915,3.755476729369458,12214.2
879,19.0,334166,0.050000000000000044,0.006245188522865224,3.769321427181717,12238.2
880,14.0,334828,0.050000000000000044,0.00543016664264583,3.7610560914901088,12259.7
881,12.0,335320,0.050000000000000044,0.006514502014057158,3.7387353225452142,12275.1
882,9.0,335785,0.050000000000000044,0.006189990438200454,3.7309842545499086,12289.9
883,16.0,336393,0.050000000000000044,0.006036406327008368,3.752418065541669,12309.1
884,10.0,336923,0.050000000000000044,0.005558734946392196,3.7534050761528737,12325.6
885,19.0,337595,0.050000000000000044,0.0059615055529104125,3.7643585655660856,12347.1
886,10.0,338069,0.050000000000000044,0.00638621208137137,3.74811852883689,12362.6
887,10.0,338585,0.050000000000000044,0.005529704757978735,3.749196925828623,12378.6
888,18.0,339225,0.050000000000000044,0.005620984396864514,3.755066069960594,12398.9
889,19.0,339987,0.050000000000000044,0.005271653168919689,3.7605716759764305,12422.9
890,23.0,340464,0.050000000000000044,0.00527489202099987,3.7603180968286605,12438.4
891,20.0,341064,0.050000000000000044,0.005686146078514867,3.744966694911321,12457.5
892,15.0,341590,0.050000000000000044,0.005603290486553181,3.7088462218585576,12474.1
893,13.0,342088,0.050000000000000044,0.004546391046942627,3.7154477801188888,12489.8
894,15.0,342677,0.050000000000000044,0.005236563843288356,3.7152626259420036,12508.5
895,11.0,343188,0.050000000000000044,0.0053576121841231086,3.735154868571959,12524.9
896,8.0,343609,0.050000000000000044,0.006021740176602136,3.7412356475186743,12538.5
897,7.0,343994,0.050000000000000044,0.006176802952011878,3.730839052448025,12551.1
898,9.0,344428,0.050000000000000044,0.005404287505806917,3.695014019715621,12565.2
899,14.0,345083,0.050000000000000044,0.005530601176557679,3.6862344883780445,12586.5
900,14.0,345753,0.050000000000000044,0.005888777163918756,3.7094723377654804,12608.2
901,10.0,346217,0.050000000000000044,0.0052289317769965895,3.7021565863798402,12623.2
902,9.0,346654,0.050000000000000044,0.005786388609782117,3.7012034602787183,12637.5
903,16.0,347360,0.050000000000000044,0.00599434549449323,3.683620852383946,12660.4
904,4.0,347623,0.050000000000000044,0.005295352867765515,3.688633812697668,12668.7
905,9.0,348079,0.050000000000000044,0.0062318222302118345,3.687694844446684,12683.7
906,16.0,348940,0.050000000000000044,0.006741089461604945,3.6801503748566984,12711.4
907,12.0,349398,0.050000000000000044,0.005502431371806425,3.662160498606586,12726.1
908,10.0,349916,0.050000000000000044,0.006879397344880676,3.6769824184506095,12742.8
909,7.0,350265,0.050000000000000044,0.005080294052144262,3.6904192633478554,12754.0
910,30.0,350991,0.050000000000000044,0.006029472266228937,3.6926481881417517,12777.7
911,11.0,351516,0.050000000000000044,0.006725991219725638,3.6947505460466656,12794.6
912,9.0,352012,0.050000000000000044,0.005408809151577448,3.687084966609555,12812.0
913,11.0,352555,0.050000000000000044,0.005235818075359169,3.6807341413164227,12829.9
914,17.0,353183,0.050000000000000044,0.006532196194648292,3.678842634152455,12850.1
915,17.0,353818,0.050000000000000044,0.0058348719440363935,3.66148775618846,12870.7
916,8.0,354233,0.050000000000000044,0.005622252131284899,3.6606198850884497,12884.1
917,12.0,354829,0.050000000000000044,0.006134254225035942,3.6564550027751284,12903.4
918,9.0,355280,0.050000000000000044,0.006151977700115225,3.6221496012152694,12918.0
919,17.0,355794,0.050000000000000044,0.005209381707059763,3.6073399462124716,12934.4
920,13.0,356426,0.050000000000000044,0.005311099755654371,3.613364836837672,12955.1
921,16.0,357109,0.050000000000000044,0.005352832636121649,3.6141875460416646,12977.3
922,11.0,357633,0.050000000000000044,0.004792014150240437,3.6147845087160593,12994.0
923,14.0,358199,0.050000000000000044,0.004928218957708076,3.6029213473148145,13012.0
924,28.0,358722,0.050000000000000044,0.005453349470297127,3.6015217582308767,13028.8
925,11.0,359229,0.050000000000000044,0.0057291700440427725,3.603492407638881,13045.1
926,11.0,359665,0.050000000000000044,0.006266079489526194,3.5976213358957834,13059.2
927,9.0,360117,0.050000000000000044,0.005817503908925187,3.5934901332433244,13073.9
928,17.0,360731,0.050000000000000044,0.006042712164439067,3.5874004053370574,13093.4
929,11.0,361254,0.050000000000000044,0.004510909579133341,3.5725348273837088,13110.2
930,9.0,361703,0.050000000000000044,0.005383504197605054,3.593278059184153,13125.2
931,10.0,362194,0.050000000000000044,0.0051283006005789595,3.597550530540482,13141.0
932,5.0,362485,0.050000000000000044,0.006891196386815014,3.6115083129135606,13150.4
933,17.0,363332,0.050000000000000044,0.004764626042751338,3.603254544270503,13177.8
934,6.0,363685,0.050000000000000044,0.004798932952434352,3.618303369192496,13189.3
935,6.0,364051,0.050000000000000044,0.004232660899399347,3.603549064834261,13201.1
936,20.0,364777,0.050000000000000044,0.0054865048530565435,3.6076587537103446,13224.4
937,21.0,365358,0.050000000000000044,0.004851136323831585,3.619875617363777,13242.9
938,12.0,365851,0.050000000000000044,0.006438176639748333,3.5975708260255703,13258.6
939,22.0,366519,0.050000000000000044,0.004848867522003296,3.5958585596370125,13279.3
940,6.0,366847,0.050000000000000044,0.005120723065707219,3.5770564798901723,13289.4
941,24.0,367393,0.050000000000000044,0.004500699869183066,3.603091375731723,13307.1
942,17.0,367955,0.050000000000000044,0.004800119033138006,3.626529553606841,13325.3
943,8.0,368426,0.050000000000000044,0.005099121433477097,3.6311556958848503,13340.4
944,14.0,369008,0.050000000000000044,0.0048302551518439206,3.63769234783461,13358.9
945,16.0,369563,0.050000000000000044,0.005575384066633142,3.6459508294457788,13376.3
946,6.0,369905,0.050000000000000044,0.00533768339137062,3.6562013047480444,13387.0
947,16.0,370641,0.050000000000000044,0.005164771961932749,3.641251671249452,13411.3
948,18.0,371299,0.050000000000000044,0.0049852833060171214,3.6299988853895195,13432.1
949,20.0,372058,0.050000000000000044,0.005343866750106525,3.6339852169097178,13455.8
950,16.0,372494,0.050000000000000044,0.005833397881360725,3.62416910742401,13469.9
951,6.0,372842,0.050000000000000044,0.004852858463692982,3.628039588873414,13480.7
952,13.0,373362,0.050000000000000044,0.005070986069488124,3.634268239369759,13497.6
953,11.0,373768,0.050000000000000044,0.005350633157621335,3.6453132030411894,13511.2
954,16.0,374346,0.050000000000000044,0.005916756827337506,3.638740617098693,13530.1
955,12.0,374877,0.050000000000000044,0.005346371716619758,3.6392071449150474,13546.6
956,10.0,375233,0.050000000000000044,0.005124992710273985,3.6617042663392056,13557.6
957,14.0,375788,0.050000000000000044,0.005190594090350173,3.6552567116849057,13575.4
958,7.0,376163,0.050000000000000044,0.005700746560934931,3.6502029813130696,13587.4
959,11.0,376615,0.050000000000000044,0.005700189273328463,3.6677983060347294,13601.8
960,16.0,377318,0.050000000000000044,0.005426429540059989,3.6781504116899426,13624.2
961,10.0,377698,0.050000000000000044,0.004968228421823465,3.6650365773000213,13636.5
962,15.0,378396,0.050000000000000044,0.005049934508819347,3.657401114958405,13659.0
963,9.0,378851,0.050000000000000044,0.0060933936835051725,3.6453078537196903,13674.6
964,12.0,379312,0.050000000000000044,0.005128477150554124,3.645056260640606,13690.1
965,15.0,379972,0.050000000000000044,0.004909462884428319,3.633245153499372,13712.1
966,9.0,380471,0.050000000000000044,0.004536267809167631,3.6479025436546615,13728.2
967,15.0,381140,0.050000000000000044,0.005252115640048667,3.6477257100634155,13749.6
968,15.0,381794,0.050000000000000044,0.005881501109405515,3.6560217521241682,13770.4
969,26.0,382326,0.050000000000000044,0.0053855128338143815,3.6412879605042305,13787.3
970,6.0,382682,0.050000000000000044,0.004566331767788408,3.658274158333125,13798.7
971,10.0,383196,0.050000000000000044,0.005356845277309933,3.664369335434316,13814.9
972,12.0,383781,0.050000000000000044,0.004830637626433506,3.68908506703173,13833.2
973,12.0,384233,0.050000000000000044,0.004385277386667183,3.688057878903583,13847.8
974,6.0,384588,0.050000000000000044,0.005237161063156287,3.6618150731207617,13858.8
975,9.0,385024,0.050000000000000044,0.005240740375742829,3.672117196091818,13872.3
976,11.0,385443,0.050000000000000044,0.004855346462249241,3.678565060039693,13885.7
977,7.0,385840,0.050000000000000044,0.0051530874533677285,3.6720308963237542,13897.9
978,9.0,386296,0.050000000000000044,0.005269551823802064,3.689658125764445,13912.3
979,11.0,386807,0.050000000000000044,0.004463027452151501,3.6996264877617944,13928.2
980,15.0,387352,0.050000000000000044,0.005162781330867918,3.710502963547313,13945.6
981,21.0,388027,0.050000000000000044,0.0046951916005841835,3.722577380427608,13966.5
982,11.0,388591,0.050000000000000044,0.004542243462084819,3.705294039655239,13984.2
983,12.0,389025,0.050000000000000044,0.00490633043402072,3.7191547605848534,13997.7
984,10.0,389381,0.050000000000000044,0.005304877163274632,3.7181550532244563,14009.9
985,8.0,389826,0.050000000000000044,0.005302191604179948,3.734861775194661,14024.3
986,12.0,390427,0.050000000000000044,0.00462321621251948,3.7260966142283105,14043.6
987,19.0,391033,0.050000000000000044,0.005266530344165898,3.738512397599299,14062.5
988,13.0,391673,0.050000000000000044,0.005347025107857917,3.71976663954556,14082.6
989,8.0,392069,0.050000000000000044,0.005065166140962957,3.710418347758476,14095.1
990,11.0,392589,0.050000000000000044,0.0057911134533172185,3.724742078781128,14111.3
991,11.0,393098,0.050000000000000044,0.0042912463631484595,3.689247131816062,14127.5
992,12.0,393672,0.050000000000000044,0.004823502875785003,3.6864813940034926,14146.2
993,8.0,394092,0.050000000000000044,0.004375569417052681,3.699244487285614,14159.4
994,11.0,394657,0.050000000000000044,0.005522692466950027,3.690433511058841,14176.9
995,20.0,395294,0.050000000000000044,0.005235022803921299,3.7011480058193955,14197.2
996,16.0,395939,0.050000000000000044,0.004529648636153704,3.709522092434787,14218.0
997,11.0,396438,0.050000000000000044,0.005008856021007803,3.734949864462048,14233.3
998,20.0,397112,0.050000000000000044,0.004340232652111134,3.7305280992468317,14254.5
999,13.0,397843,0.050000000000000044,0.0049989507684902006,3.743366420513628,14277.9
1000,20.0,398345,0.050000000000000044,0.004733357973099014,3.7342279897743014,14294.4
1001,20.0,399098,0.050000000000000044,0.004716189665525687,3.733273053074263,14318.5
1002,10.0,399538,0.050000000000000044,0.005158566044834019,3.695401212302121,14332.0
1003,14.0,400098,0.050000000000000044,0.005379075394012034,3.690582349044936,14349.7
1004,11.0,400630,0.050000000000000044,0.005205016139863213,3.7034501912898588,14366.8
1005,10.0,401106,0.050000000000000044,0.0050998661978201585,3.702217344977275,14382.1
1006,11.0,401603,0.050000000000000044,0.005659721959223015,3.710159739258304,14398.0
1007,12.0,402068,0.050000000000000044,0.005059986358498454,3.696023350377237,14412.7
1008,7.0,402474,0.050000000000000044,0.00573158689907619,3.7177733993295377,14425.6
1009,9.0,402890,0.050000000000000044,0.005101214381004236,3.726426477042528,14439.3
1010,13.0,403318,0.050000000000000044,0.005640091644066917,3.7156775086839624,14453.3
1011,15.0,403918,0.050000000000000044,0.005063512458388383,3.71333979288737,14472.5
1012,10.0,404447,0.050000000000000044,0.005108859323120072,3.712743606819773,14489.4
1013,17.0,404908,0.050000000000000044,0.004795731876374762,3.7286491440588896,14504.1
1014,22.0,405764,0.050000000000000044,0.0050650902938915885,3.704470021980945,14530.9
1015,10.0,406213,0.050000000000000044,0.005530777265720136,3.725759471710647,14545.0
1016,17.0,406704,0.050000000000000044,0.005908269537830926,3.732004991616834,14560.6
1017,8.0,407124,0.050000000000000044,0.004952583533096393,3.7179447957447596,14574.6
1018,22.0,407701,0.050000000000000044,0.005421784585963231,3.709476671764301,14592.4
1019,17.0,408340,0.050000000000000044,0.005341052124531814,3.7145084319913146,14613.6
1020,17.0,408821,0.050000000000000044,0.005662361552247588,3.7088629981336374,14628.7
1021,11.0,409342,0.050000000000000044,0.00468355751638399,3.7141535707719036,14645.2
1022,20.0,410047,0.050000000000000044,0.0045690171534512585,3.7044894370626897,14668.9
1023,27.0,410794,0.050000000000000044,0.005397322073851873,3.6906847149492745,14692.2
1024,12.0,411340,0.050000000000000044,0.0048860774973352806,3.720049799143613,14709.4
1025,10.0,411826,0.050000000000000044,0.0052988559434979906,3.734985227447478,14724.7
1026,13.0,412286,0.050000000000000044,0.005219581564027897,3.7181533212247104,14739.5
1027,14.0,412791,0.050000000000000044,0.006276581768582732,3.7038920468623093,14755.4
1028,11.0,413313,0.050000000000000044,0.005387631832721011,3.7131251256584665,14771.8
1029,20.0,414085,0.050000000000000044,0.005421949189652115,3.70361154468566,14796.2
1030,12.0,414510,0.050000000000000044,0.00513915657367119,3.7380212172339946,14809.4
1031,12.0,415138,0.050000000000000044,0.005144891349778949,3.7393272944316744,14829.4
1032,9.0,415545,0.050000000000000044,0.004719325322978181,3.6817890678049596,14842.4
1033,13.0,416279,0.050000000000000044,0.005154546892349113,3.702132841546789,14865.7
1034,5.0,416608,0.050000000000000044,0.005496109695680507,3.6962608696841905,14876.2
1035,7.0,417148,0.050000000000000044,0.0052776584511674525,3.709335967346474,14893.3
1036,16.0,417730,0.050000000000000044,0.005704640630269391,3.7208476463953652,14914.3
1037,18.0,418356,0.050000000000000044,0.004917182746962957,3.7184928274764038,14936.0
1038,13.0,418847,0.050000000000000044,0.0058810948906371525,3.7156519982091276,14952.1
1039,10.0,419616,0.050000000000000044,0.005449857984388536,3.7252772000118104,14976.8
1040,13.0,420288,0.050000000000000044,0.005290445739644513,3.717487684672787,14998.0
1041,23.0,421123,0.050000000000000044,0.005332910369950609,3.7317695166536433,15024.5
1042,8.0,421509,0.050000000000000044,0.00480500547790784,3.7325130027810527,15036.3
1043,14.0,421881,0.050000000000000044,0.0057676095266385825,3.733864079239548,15048.2
1044,16.0,422681,0.050000000000000044,0.0054844633398170115,3.7267899921536447,15073.0
1045,13.0,423192,0.050000000000000044,0.0054483184295454935,3.7227729925204165,15088.8
1046,16.0,423667,0.050000000000000044,0.00540119266750193,3.7199356375242534,15103.7
1047,7.0,424036,0.050000000000000044,0.004586169091722143,3.7239944165961205,15115.3
1048,12.0,424631,0.050000000000000044,0.004794828149004831,3.73066797056118,15134.6
1049,21.0,425131,0.050000000000000044,0.0047690184514503926,3.7207628555297854,15150.2
1050,23.0,425778,0.050000000000000044,0.005679885491547412,3.7324090324561046,15171.0
1051,5.0,426098,0.050000000000000044,0.00577241193059308,3.71710916608572,15181.3
1052,11.0,426487,0.050000000000000044,0.004939027542995342,3.7487491721665647,15193.7
1053,5.0,426800,0.050000000000000044,0.005160629452308848,3.7204247869241733,15203.7
1054,20.0,427455,0.050000000000000044,0.0054967713567165245,3.7427780478965236,15225.4
1055,13.0,427844,0.050000000000000044,0.0055683686043037665,3.74916101911687,15237.6
1056,16.0,428260,0.050000000000000044,0.005135948380344557,3.753894218458579,15250.8
1057,6.0,428577,0.050000000000000044,0.005935044277955892,3.7590559070418688,15260.9
1058,17.0,429150,0.050000000000000044,0.005398927316602716,3.765026886009629,15278.7
1059,15.0,429614,0.050000000000000044,0.005762213347695471,3.791542198637436,15293.0
1060,16.0,430383,0.050000000000000044,0.005226989850987437,3.76842485974762,15316.7
1061,8.0,430847,0.050000000000000044,0.004710319209372192,3.7729956019541313,15331.4
1062,21.0,431578,0.050000000000000044,0.005294019907630761,3.7726011781783826,15354.4
1063,17.0,432323,0.050000000000000044,0.004879895322362348,3.774751834741375,15378.1
1064,8.0,432728,0.050000000000000044,0.005698310616023747,3.757653522491455,15391.0
1065,14.0,433247,0.050000000000000044,0.005062263777258811,3.7726689533461495,15407.6
1066,7.0,433604,0.050000000000000044,0.004936651775094287,3.7576959767595395,15418.6
1067,15.0,434145,0.050000000000000044,0.0050304963799148745,3.767211951521981,15436.1
1068,19.0,434699,0.050000000000000044,0.005343987735909568,3.7502929010976525,15453.4
1069,14.0,435254,0.050000000000000044,0.005287197783698437,3.760239365294173,15470.6
1070,13.0,435711,0.050000000000000044,0.005617493927872106,3.7823856555137385,15485.1
1071,18.0,436300,0.050000000000000044,0.0051660561342747385,3.799537087134473,15503.9
1072,14.0,436961,0.050000000000000044,0.00516961097034644,3.786942401199225,15524.9
1073,9.0,437430,0.050000000000000044,0.004990997349670621,3.804467269352504,15539.5
1074,16.0,438173,0.050000000000000044,0.005327238547734786,3.797128115175229,15562.9
1075,8.0,438581,0.050000000000000044,0.005088513235700792,3.8199774400860655,15575.7
1076,10.0,439057,0.050000000000000044,0.004492656484553434,3.8141789847061416,15590.7
1077,6.0,439381,0.050000000000000044,0.0059707911698044175,3.8159066173765392,15601.1
1078,7.0,439781,0.050000000000000044,0.005365220735548064,3.7967061805725097,15613.8
1079,9.0,440244,0.050000000000000044,0.005884455570239035,3.8013964240030904,15628.1
1080,10.0,440772,0.050000000000000044,0.005172232849872671,3.795710719444535,15644.7
1081,13.0,441413,0.050000000000000044,0.005545975446541955,3.7798183410662385,15664.2
1082,12.0,441877,0.050000000000000044,0.005431196493285322,3.792090199630836,15678.4
1083,13.0,442685,0.050000000000000044,0.0050049896846470045,3.7873562533076446,15703.9
1084,12.0,443088,0.050000000000000044,0.004731698743952785,3.7891409408957433,15716.5
1085,16.0,443596,0.050000000000000044,0.005588949845661959,3.7831129286232894,15732.0
1086,6.0,443956,0.050000000000000044,0.004792907958876135,3.7882567074563767,15743.2
1087,7.0,444352,0.050000000000000044,0.004439648108073567,3.788114253318671,15755.7
1088,10.0,444844,0.050000000000000044,0.0051937676304610585,3.802250042678864,15771.0
1089,21.0,445539,0.050000000000000044,0.004764940306835761,3.808788562678605,15792.6
1090,16.0,446141,0.050000000000000044,0.005117156090712998,3.8165835938184363,15813.0
1091,18.0,446653,0.050000000000000044,0.006287875298085055,3.8248192742466927,15829.1
1092,14.0,447243,0.050000000000000044,0.004932047018063081,3.8265946238727895,15847.6
1093,14.0,447744,0.050000000000000044,0.0053072771575197785,3.8497238549405703,15863.4
1094,24.0,448529,0.050000000000000044,0.004949188181036003,3.8556678261726525,15887.5
1095,12.0,449100,0.050000000000000044,0.005278074393279674,3.8732044475508656,15905.3
1096,14.0,449673,0.050000000000000044,0.005682886911744665,3.8314272263079205,15923.3
1097,20.0,450305,0.050000000000000044,0.005148898040922948,3.8479506237597407,15943.2
1098,5.0,450600,0.050000000000000044,0.006795268975813889,3.8576059090889108,15952.4
1099,10.0,451096,0.050000000000000044,0.005461569251624056,3.8492814711024685,15967.8
1100,14.0,451671,0.050000000000000044,0.005781843650316739,3.8559781655021337,15985.4
1101,15.0,452259,0.050000000000000044,0.005625866395187704,3.84073397537478,16003.3
1102,8.0,452669,0.050000000000000044,0.005504317562629628,3.833888039356325,16016.0
1103,2.0,452866,0.050000000000000044,0.005478023180884644,3.8405511948057844,16022.1
1104,18.0,453460,0.050000000000000044,0.005692778559525494,3.8105128979442093,16040.7
1105,9.0,453928,0.050000000000000044,0.005960092726850118,3.8169761422352915,16055.6
1106,13.0,454356,0.050000000000000044,0.005266191844206095,3.812068619460703,16069.0
1107,10.0,454840,0.050000000000000044,0.00582549027441462,3.8248722070504813,16083.9
1108,8.0,455272,0.050000000000000044,0.006689062379101179,3.8344950068880013,16097.2
1109,18.0,455952,0.050000000000000044,0.004867072786916705,3.827953138070948,16118.0
1110,9.0,456409,0.050000000000000044,0.004898386227916641,3.8150468044781842,16132.2
1111,19.0,456834,0.050000000000000044,0.0052506144903600215,3.7921017461664537,16145.5
1112,15.0,457394,0.050000000000000044,0.005647915316928577,3.80495177762849,16163.4
1113,22.0,457906,0.050000000000000044,0.005592698891859982,3.8228536751121283,16179.7
1114,12.0,458732,0.050000000000000044,0.0047859873123874,3.8205583551605447,16205.7
1115,9.0,459171,0.050000000000000044,0.004929629048164976,3.8078023241429775,16219.5
1116,19.0,459808,0.050000000000000044,0.005174821328036955,3.8013107832784367,16240.0
1117,10.0,460204,0.050000000000000044,0.004473660276606538,3.82727651162581,16252.4
1118,10.0,460685,0.050000000000000044,0.005655082669002614,3.8397727280297547,16267.8
1119,8.0,461067,0.050000000000000044,0.005020841865017718,3.84242549117323,16279.9
1120,8.0,461505,0.050000000000000044,0.005503540556424948,3.831375434518405,16293.8
1121,10.0,461971,0.050000000000000044,0.005503819437743496,3.84290905213663,16308.9
1122,4.0,462249,0.050000000000000044,0.005397640583030008,3.846241730580227,16317.8
1123,7.0,462630,0.050000000000000044,0.0049619255025242885,3.8342268629649805,16329.7
1124,15.0,463203,0.050000000000000044,0.0053886560511687545,3.8174622192016656,16347.4
1125,14.0,463684,0.050000000000000044,0.005618097807818989,3.8276157755861657,16362.2
1126,10.0,464024,0.050000000000000044,0.004500832787016407,3.8295395248076494,16372.6
1127,11.0,464519,0.050000000000000044,0.004761107768299001,3.8116003128013225,16388.1
1128,18.0,465081,0.050000000000000044,0.0051836340921828225,3.8022875098571234,16406.9
1129,19.0,465841,0.050000000000000044,0.006420441232636988,3.8149504272561323,16430.5
1130,16.0,466492,0.050000000000000044,0.004903070486566272,3.8262790981708767,16450.9
1131,10.0,466966,0.050000000000000044,0.005742887250159549,3.816070180905016,16465.9
1132,7.0,467356,0.050000000000000044,0.0055663900909563285,3.809694449106852,16478.1
1133,23.0,467850,0.050000000000000044,0.006154921015881017,3.8102893061966068,16493.7
1134,14.0,468498,0.050000000000000044,0.005182980524823731,3.800731505508776,16514.3
1135,11.0,469031,0.050000000000000044,0.0063233261248254085,3.8065998742101788,16530.9
1136,9.0,469471,0.050000000000000044,0.005775897578727878,3.8163556765426287,16545.0
1137,7.0,469834,0.050000000000000044,0.005045338401688935,3.8053800146770214,16556.2
1138,18.0,470420,0.050000000000000044,0.005097032833165797,3.8351345029707247,16574.2
1139,16.0,471264,0.050000000000000044,0.005528630335540488,3.8463212121719432,16600.6
1140,11.0,471771,0.050000000000000044,0.006484792637133592,3.8638937242872853,16616.4
1141,8.0,472231,0.050000000000000044,0.005012000123615903,3.8272481902785924,16630.6
1142,17.0,472719,0.050000000000000044,0.0061614173588526175,3.849300253098128,16645.7
1143,13.0,473211,0.050000000000000044,0.005254725768037777,3.8463225195078348,16660.9
1144,13.0,473910,0.050000000000000044,0.005004442835613707,3.8470038381939453,16682.3
1145,13.0,474386,0.050000000000000044,0.005587105883848893,3.842825692741811,16697.1
1146,7.0,474784,0.050000000000000044,0.005286602042621264,3.8392180114535233,16709.6
1147,24.0,475330,0.050000000000000044,0.005115158826704632,3.833855172216674,16726.8
1148,19.0,476058,0.050000000000000044,0.004969359061231064,3.8200754860600274,16750.1
1149,10.0,476527,0.050000000000000044,0.005133940388750372,3.844680430284187,16765.0
1150,12.0,477077,0.050000000000000044,0.0052477573731448506,3.8340096660093828,16782.4
1151,11.0,477662,0.050000000000000044,0.005023602852757033,3.8302847858168123,16800.4
1152,13.0,478144,0.050000000000000044,0.005480187951830598,3.829993887560991,16815.4
1153,13.0,478699,0.050000000000000044,0.004895330311076061,3.8297782988161653,16832.6
1154,10.0,479187,0.050000000000000044,0.005054898076613442,3.8408211112999524,16847.9
1155,8.0,479711,0.050000000000000044,0.005800341921685199,3.8612210354732195,16863.9
1156,7.0,480086,0.050000000000000044,0.004564734754618258,3.854818349202474,16875.4
1157,13.0,480695,0.050000000000000044,0.0046861920018691095,3.8561926420490535,16894.6
1158,14.0,481305,0.050000000000000044,0.005561537947505713,3.8647264492316324,16913.6
1159,15.0,481884,0.050000000000000044,0.005930718413710157,3.852189066908314,16932.0
1160,7.0,482131,0.050000000000000044,0.004806857903936674,3.849615301680468,16939.6
1161,7.0,482565,0.050000000000000044,0.005162263411142292,3.8743363723227504,16953.3
1162,12.0,483083,0.050000000000000044,0.005120130106591005,3.8593551316316526,16969.1
1163,13.0,483705,0.050000000000000044,0.0057168076865950004,3.865923476372501,16988.0
1164,19.0,484337,0.050000000000000044,0.004799860360504635,3.8845434864110584,17008.3
1165,11.0,484838,0.050000000000000044,0.005525331568956271,3.8927191217502433,17024.1
1166,5.0,485131,0.050000000000000044,0.005604605230982749,3.8796969306346907,17033.1
1167,21.0,485691,0.050000000000000044,0.005621309261290922,3.8360349753073284,17050.2
1168,11.0,486197,0.050000000000000044,0.004781609533972148,3.860877287717676,17065.9
1169,11.0,486743,0.050000000000000044,0.005667199548069497,3.856655838725331,17082.7
1170,11.0,487270,0.050000000000000044,0.00572454270544909,3.8679088912833572,17098.8
1171,7.0,487651,0.050000000000000044,0.005499916730798155,3.859109064412555,17110.4
1172,13.0,488252,0.050000000000000044,0.00598940807441172,3.861088740052082,17128.8
1173,5.0,488542,0.050000000000000044,0.0046785783755255795,3.850570119660476,17138.1
1174,19.0,489079,0.050000000000000044,0.005148080953924086,3.852895489396108,17154.7
1175,12.0,489538,0.050000000000000044,0.004671059722590112,3.848495171220734,17169.2
1176,21.0,490412,0.050000000000000044,0.005065619476601477,3.8523523387428824,17195.6
1177,17.0,490977,0.050000000000000044,0.005185106123459682,3.884275689167259,17213.6
1178,12.0,491562,0.050000000000000044,0.005226953103581173,3.8650896329146165,17231.8
1179,8.0,491956,0.050000000000000044,0.005015388559278214,3.880265854942012,17244.3
1180,12.0,492483,0.050000000000000044,0.0054913504210219455,3.8519579911820125,17261.0
1181,16.0,493018,0.050000000000000044,0.005662577633450034,3.866522711459721,17277.7
1182,19.0,493758,0.050000000000000044,0.0050530036653366845,3.8675724673915552,17300.7
1183,15.0,494440,0.050000000000000044,0.005151132421938107,3.8381962758704713,17321.9
1184,16.0,495029,0.050000000000000044,0.005142303250579034,3.837551389363909,17339.8
1185,15.0,495775,0.050000000000000044,0.005705051903345125,3.8167905008505243,17363.1
1186,19.0,496431,0.050000000000000044,0.005487942330879244,3.805142073733051,17383.7
1187,11.0,497034,0.050000000000000044,0.005126185740489408,3.793234064013606,17402.7
1188,15.0,497471,0.050000000000000044,0.005196942786368577,3.79535042175712,17416.7
1189,17.0,497959,0.050000000000000044,0.005072407496970941,3.8277405397813826,17431.7
1190,15.0,498491,0.050000000000000044,0.004665076055260256,3.8055331205066882,17448.0
1191,8.0,498906,0.050000000000000044,0.004884543734131359,3.822956154719893,17460.7
1192,13.0,499536,0.050000000000000044,0.004689962665886721,3.772131580019754,17480.1
1193,9.0,499956,0.050000000000000044,0.0052400881625501265,3.7681921351523626,17493.3
1194,20.0,500811,0.050000000000000044,0.004871736200422876,3.766760285974246,17520.2
1195,7.0,501214,0.050000000000000044,0.005371357107889739,3.776277219687147,17532.9
1196,8.0,501654,0.050000000000000044,0.005377392123310446,3.7771264504302633,17546.9
1197,8.0,502076,0.050000000000000044,0.00532005526764336,3.7990685096849197,17560.1
1198,8.0,502486,0.050000000000000044,0.005662728945594054,3.775942936176207,17573.3
1199,12.0,503279,0.050000000000000044,0.0052285937442353835,3.7941449755828587,17598.1
1200,7.0,503683,0.050000000000000044,0.005232229934876213,3.781315388655899,17611.6
1201,14.0,504113,0.050000000000000044,0.004977369887840956,3.7894535031429557,17625.3
1202,13.0,504598,0.050000000000000044,0.005603972443537882,3.8144592009868816,17640.6
1203,12.0,505177,0.050000000000000044,0.004758999732424327,3.806211477322488,17659.2
1204,5.0,505468,0.050000000000000044,0.004776407628883431,3.7835012375284305,17668.6
1205,7.0,505837,0.050000000000000044,0.004546620826259619,3.7741651799943714,17680.1
1206,15.0,506572,0.050000000000000044,0.004872551700654661,3.7722120748896177,17703.2
1207,10.0,507122,0.050000000000000044,0.005006577959284187,3.7639741533452815,17720.3
1208,12.0,507715,0.050000000000000044,0.005311171345971839,3.7694204392360797,17739.2
1209,11.0,508218,0.050000000000000044,0.005201881297097484,3.772652317468025,17755.5
1210,15.0,508645,0.050000000000000044,0.005397552110563388,3.755749912954326,17768.6
1211,10.0,509187,0.050000000000000044,0.005670364533840572,3.7750156567985282,17785.0
1212,16.0,509792,0.050000000000000044,0.005097789898676382,3.764402572773705,17803.6
1213,11.0,510325,0.050000000000000044,0.004777839744776333,3.7480120189194386,17820.0
1214,11.0,510834,0.050000000000000044,0.005248789468433429,3.7632923669571494,17836.0
1215,14.0,511369,0.050000000000000044,0.004397456025461031,3.759883453690003,17852.5
1216,12.0,511827,0.050000000000000044,0.004655533310841346,3.7709857095276944,17867.0
1217,7.0,512214,0.050000000000000044,0.004099752465792443,3.7859383929299444,17879.0
1218,7.0,512669,0.050000000000000044,0.0048365779200589265,3.772513152740814,17892.8
1219,11.0,513378,0.050000000000000044,0.004666501272693723,3.79070873590047,17914.5
1220,19.0,513902,0.050000000000000044,0.004536211886532064,3.7883395871133296,17931.1
1221,13.0,514375,0.050000000000000044,0.004238003133289146,3.7743195408746506,17945.4
1222,11.0,514873,0.050000000000000044,0.0046181537170733615,3.7838924194435517,17961.1
1223,10.0,515318,0.050000000000000044,0.00473180709281162,3.7986890749984914,17975.0
1224,15.0,515851,0.050000000000000044,0.004921177048087609,3.803039931893125,17992.2
1225,16.0,516363,0.050000000000000044,0.004569598232592398,3.8118177731521428,18008.5
1226,10.0,516834,0.050000000000000044,0.004457737099687765,3.833629329239993,18023.3
1227,11.0,517326,0.050000000000000044,0.004681574443484869,3.811315362530995,18039.3
1228,13.0,517978,0.050000000000000044,0.0047741678871565775,3.7982129012148804,18059.9
1229,16.0,518520,0.050000000000000044,0.004734502558109292,3.8035804635924166,18077.3
1230,9.0,518935,0.050000000000000044,0.0047889155704606634,3.791162136951125,18090.3
1231,14.0,519310,0.050000000000000044,0.004392773481706779,3.8193228766123455,18102.0
1232,19.0,519935,0.050000000000000044,0.005097089453414082,3.786493185043335,18121.5
1233,12.0,520548,0.050000000000000044,0.004983829661784465,3.8104793582032594,18140.6
1234,15.0,521015,0.050000000000000044,0.004859153620302438,3.794057752641927,18155.3
1235,11.0,521545,0.050000000000000044,0.004889415158837471,3.8187857938262653,18171.7
1236,10.0,521923,0.050000000000000044,0.004970993312930679,3.81085421988573,18183.9
1237,7.0,522328,0.050000000000000044,0.004483737391247242,3.835987659148228,18196.5
1238,8.0,522782,0.050000000000000044,0.004502080091801451,3.827315888740943,18211.2
1239,20.0,523372,0.050000000000000044,0.004858279459955865,3.8118563122668507,18229.8
1240,15.0,523923,0.050000000000000044,0.004729063239560451,3.829569187873937,18247.0
1241,8.0,524298,0.050000000000000044,0.004876264135663708,3.849745009104411,18258.8
1242,11.0,524872,0.050000000000000044,0.0058843870949444686,3.8346612960204016,18276.6
1243,9.0,525208,0.050000000000000044,0.005015382166069078,3.853780278137752,18287.3
1244,3.0,525436,0.050000000000000044,0.0044653039311238546,3.8347458138800503,18294.2
1245,10.0,525876,0.050000000000000044,0.005089893959864805,3.8266759536483073,18308.1
1246,8.0,526325,0.050000000000000044,0.005113332554773699,3.8317529640112795,18322.1
1247,15.0,526791,0.050000000000000044,0.004773658276470618,3.8286810867776175,18337.0
1248,18.0,527463,0.050000000000000044,0.004500739628080434,3.816468555302847,18357.5
1249,7.0,527820,0.050000000000000044,0.006303331640083343,3.84306742497185,18368.4
1250,14.0,528321,0.050000000000000044,0.00469782574640442,3.833040673813658,18383.8
1251,8.0,528732,0.050000000000000044,0.004876867072359905,3.837848927272787,18396.7
1252,6.0,529075,0.050000000000000044,0.00445923690311475,3.850003854873924,18407.1
1253,10.0,529558,0.050000000000000044,0.005547324859770497,3.858707919624281,18422.0
1254,15.0,530051,0.050000000000000044,0.004438276359557342,3.850303344262299,18437.9
1255,12.0,530593,0.050000000000000044,0.0050362577193418375,3.847475095428664,18454.9
1256,10.0,530967,0.050000000000000044,0.004475415774862616,3.8522976350019325,18466.6
1257,20.0,531661,0.050000000000000044,0.0050585791034159664,3.8524159550323267,18488.1
1258,7.0,532074,0.050000000000000044,0.00568159496508647,3.8692455955625444,18501.4
1259,4.0,532322,0.050000000000000044,0.005109639372676611,3.8756414565347854,18510.0
1260,11.0,532914,0.050000000000000044,0.0045867960968304965,3.8684998939971664,18528.4
1261,10.0,533428,0.050000000000000044,0.005045451062363627,3.888403363264952,18544.6
1262,16.0,533985,0.050000000000000044,0.004739918218318647,3.905617886428559,18562.2
1263,9.0,534445,0.050000000000000044,0.004843288133902799,3.9070249754449597,18576.3
1264,18.0,534868,0.050000000000000044,0.005046694836580364,3.89733578690964,18589.3
1265,18.0,535425,0.050000000000000044,0.0050869902425121245,3.888221803644615,18607.0
1266,14.0,535902,0.050000000000000044,0.005556742957596954,3.8643136494314647,18622.1
1267,14.0,536490,0.050000000000000044,0.0051633201946970075,3.9006639925801023,18640.6
1268,12.0,537130,0.050000000000000044,0.004632032833615085,3.8784765504300593,18660.6
1269,13.0,537627,0.050000000000000044,0.005235827297100636,3.8573262365291296,18676.0
1270,20.0,538265,0.050000000000000044,0.004828658320052041,3.862294207172334,18695.4
1271,11.0,538819,0.050000000000000044,0.004632206480497904,3.8912192389422806,18712.3
1272,16.0,539373,0.050000000000000044,0.0048019787087987785,3.8931684347696685,18729.4
1273,12.0,539838,0.050000000000000044,0.005143024253043076,3.8848757969435823,18743.8
1274,9.0,540399,0.050000000000000044,0.00536629685977683,3.892471759289556,18761.4
1275,9.0,540819,0.050000000000000044,0.004902876886383941,3.900876732099624,18774.4
1276,13.0,541421,0.050000000000000044,0.004962789942220354,3.8916516589167904,18793.1
1277,13.0,542072,0.050000000000000044,0.005268088400474078,3.895163675973309,18814.9
1278,9.0,542578,0.050000000000000044,0.004398437642737148,3.9229991883628452,18830.7
1279,17.0,543248,0.050000000000000044,0.0046854886311495595,3.9063606304908864,18851.6
1280,12.0,543556,0.050000000000000044,0.005659776238774482,3.9067291826396793,18861.0
1281,18.0,544091,0.050000000000000044,0.0052038946820022625,3.877112187180564,18878.0
1282,14.0,544750,0.050000000000000044,0.005044626572953003,3.9086411813322077,18898.3
1283,7.0,545136,0.050000000000000044,0.005648244255574642,3.872857459468545,18910.1
1284,6.0,545460,0.050000000000000044,0.005498499862841089,3.8594203620781133,18920.1
1285,13.0,545913,0.050000000000000044,0.004788422241224137,3.881459724034695,18934.4
1286,11.0,546408,0.050000000000000044,0.005347786560617011,3.8458702496807984,18950.1
1287,12.0,546916,0.050000000000000044,0.0049540503144192725,3.862451726057398,18966.0
1288,20.0,547477,0.050000000000000044,0.004892813526973819,3.8293688072027794,18983.9
1289,18.0,548352,0.050000000000000044,0.00500776842063559,3.8223029738834926,19010.6
1290,8.0,548787,0.050000000000000044,0.0049807627848617135,3.8240014015943156,19023.9
1291,5.0,549102,0.050000000000000044,0.005336249491111154,3.82958856612917,19033.5
1292,8.0,549480,0.050000000000000044,0.0049500955504651065,3.8242705757655795,19045.1
1293,17.0,550263,0.050000000000000044,0.005202841791853613,3.818876201317837,19070.6
1294,15.0,551002,0.050000000000000044,0.004904774690052577,3.806765861214417,19094.3
1295,7.0,551380,0.050000000000000044,0.004398128757390031,3.81751746727676,19106.2
1296,7.0,551774,0.050000000000000044,0.005070639585693211,3.81106999864433,19118.8
1297,22.0,552396,0.050000000000000044,0.0048955260630744925,3.8144660107192503,19137.7
1298,12.0,552908,0.050000000000000044,0.005218307086806817,3.812199078500271,19153.2
1299,16.0,553348,0.050000000000000044,0.004983531387088905,3.8015898861668327,19167.0
1300,19.0,553799,0.050000000000000044,0.004867487377822688,3.804239986212449,19181.1
1301,6.0,554193,0.050000000000000044,0.004120881923623289,3.812594496659216,19193.7
1302,8.0,554584,0.050000000000000044,0.004378077261598871,3.7949052021631497,19205.8
1303,12.0,555235,0.050000000000000044,0.004908956575422718,3.808290369865898,19226.3
1304,22.0,555895,0.050000000000000044,0.004875678443314621,3.8348990844957758,19246.6
1305,25.0,556547,0.050000000000000044,0.004392069403494229,3.8255803939754975,19266.7
1306,9.0,557022,0.050000000000000044,0.004608774151604034,3.8235998710833097,19281.3
1307,10.0,557529,0.050000000000000044,0.005099219420219402,3.8237763208280184,19297.1
1308,21.0,558181,0.050000000000000044,0.005348337613431125,3.8210921887239797,19317.5
1309,13.0,558796,0.050000000000000044,0.004570428015686935,3.81332659488771,19336.7
1310,12.0,559371,0.050000000000000044,0.004841654506188048,3.8108434884444526,19355.0
1311,19.0,559825,0.050000000000000044,0.004743197892324811,3.817500189537519,19369.4
1312,25.0,560507,0.050000000000000044,0.00483016631130028,3.8106099922985623,19390.8
1313,12.0,561067,0.050000000000000044,0.004436808397648357,3.7941907793283463,19409.7
1314,10.0,561576,0.050000000000000044,0.005133514067026364,3.831848055065732,19427.9
1315,12.0,562131,0.050000000000000044,0.0044490514204602455,3.83348461228448,19446.3
1316,24.0,562748,0.050000000000000044,0.004823562170633958,3.81669392771234,19466.1
1317,10.0,563196,0.050000000000000044,0.005130784393778802,3.8267612302941933,19480.3
1318,8.0,563724,0.050000000000000044,0.004703935058249485,3.822069130160592,19497.1
1319,15.0,564154,0.050000000000000044,0.00458002703543211,3.823141027051349,19511.0
1320,10.0,564730,0.050000000000000044,0.004945220708881,3.8306902311742306,19529.1
1321,15.0,565633,0.050000000000000044,0.004750791161075123,3.830856301063715,19557.6
1322,12.0,566199,0.050000000000000044,0.004414657908516472,3.848803441853068,19575.5
1323,18.0,566831,0.050000000000000044,0.0047416920033931925,3.8490718301338487,19595.0
1324,7.0,567207,0.050000000000000044,0.004256717075824123,3.86910191558777,19606.9
1325,4.0,567466,0.050000000000000044,0.004639075437028494,3.8472585309886562,19615.3
1326,20.0,567981,0.050000000000000044,0.0048237788764470555,3.852210562900432,19631.5
1327,10.0,568544,0.050000000000000044,0.004656354316715383,3.8774750190348652,19649.5
1328,6.0,568895,0.050000000000000044,0.004875331953734403,3.8692855726280104,19660.6
1329,16.0,569506,0.050000000000000044,0.005049629063755517,3.8310901022191524,19679.5
1330,24.0,570172,0.050000000000000044,0.004621757595822937,3.8417041394803615,19699.9
1331,6.0,570499,0.050000000000000044,0.005172224925932068,3.8629878923433636,19710.2
1332,19.0,570948,0.050000000000000044,0.005155798333504119,3.848250602560744,19723.9
1333,10.0,571339,0.050000000000000044,0.005067355440431715,3.8708623406832174,19736.1
1334,14.0,572097,0.050000000000000044,0.004713926770869338,3.868907846372801,19759.7
1335,17.0,572663,0.050000000000000044,0.004859121461841524,3.8640761110049677,19777.4
1336,20.0,573400,0.050000000000000044,0.0050618075946531685,3.863433984435559,19800.3
1337,9.0,573926,0.050000000000000044,0.004815964467784553,3.8831310693755348,19816.8
1338,15.0,574334,0.050000000000000044,0.004821325321887236,3.8742166149849986,19829.7
1339,10.0,574785,0.050000000000000044,0.005320864975578389,3.868731185232192,19844.1
1340,19.0,575230,0.050000000000000044,0.00488989731333522,3.8954085017857927,19858.1
1341,19.0,575818,0.050000000000000044,0.004634417951733451,3.8823652356660285,19877.0
1342,15.0,576370,0.050000000000000044,0.00432523191936881,3.9032902410928756,19894.3
1343,10.0,576829,0.050000000000000044,0.004896324816005698,3.899041459451314,19908.7
1344,17.0,577323,0.050000000000000044,0.00450763326215554,3.913715063801661,19924.4
1345,14.0,577943,0.050000000000000044,0.004511817189068684,3.9165910636225054,19944.3
1346,17.0,578344,0.050000000000000044,0.004892527856492435,3.888874599761202,19956.5
1347,20.0,578958,0.050000000000000044,0.00470221509943877,3.87666083469453,19976.4
1348,10.0,579336,0.050000000000000044,0.003963203595337709,3.8721354979055898,19988.4
1349,8.0,579795,0.050000000000000044,0.004674048557134917,3.8939492260968245,20003.2
1350,16.0,580370,0.050000000000000044,0.004615940624119147,3.8937595068890114,20022.2
1351,10.0,580846,0.050000000000000044,0.005425394290887962,3.9103309006250204,20037.5
1352,11.0,581328,0.050000000000000044,0.00474231159548793,3.911109596367199,20052.7
1353,10.0,581828,0.050000000000000044,0.00450786301388871,3.9216150760650637,20068.3
1354,10.0,582378,0.050000000000000044,0.004908770142885094,3.913900012969971,20085.8
1355,18.0,582776,0.050000000000000044,0.004574452681892818,3.90535298244438,20098.0
1356,9.0,583225,0.050000000000000044,0.0049666661106958524,3.9175623541154416,20111.8
1357,7.0,583589,0.050000000000000044,0.004767947469500231,3.9159856111138733,20123.2
1358,7.0,583930,0.050000000000000044,0.005046000434809482,3.884980779938684,20134.1
1359,12.0,584573,0.050000000000000044,0.004979424785842908,3.9041167036000157,20154.5
1360,13.0,585063,0.050000000000000044,0.005317231666710114,3.9094890652870644,20169.7
1361,5.0,585335,0.050000000000000044,0.004657368864761391,3.9098749108174267,20178.1
1362,11.0,585839,0.050000000000000044,0.004359250174491622,3.9028717530152153,20193.7
1363,8.0,586223,0.050000000000000044,0.0049952650648871595,3.879960734397173,20206.3
1364,25.0,586906,0.050000000000000044,0.004908510129612436,3.8720645398381515,20228.0
1365,15.0,587444,0.050000000000000044,0.004298517787110642,3.8684128230389168,20245.0
1366,17.0,588300,0.050000000000000044,0.004954556461802258,3.8841070858674627,20271.7
1367,14.0,588938,0.050000000000000044,0.00506351516344132,3.8843072962985143,20291.3
1368,17.0,589526,0.050000000000000044,0.004528434314768204,3.891192227399268,20310.0
1369,16.0,589967,0.050000000000000044,0.004616828164922035,3.896913924184786,20323.6
1370,19.0,590666,0.050000000000000044,0.004580177199521844,3.9027436731199336,20345.7
1371,7.0,591055,0.050000000000000044,0.004718616890606104,3.880232993005787,20357.9
1372,9.0,591383,0.050000000000000044,0.0044744545001133415,3.884190381300159,20368.4
1373,17.0,591897,0.050000000000000044,0.004543316277860146,3.8827163774215756,20384.7
1374,16.0,592312,0.050000000000000044,0.004476471985017051,3.886855288011482,20397.7
1375,16.0,593013,0.050000000000000044,0.004404853557777218,3.89017769341462,20420.1
1376,16.0,593544,0.050000000000000044,0.004568827895380963,3.9008288459813754,20437.0
1377,24.0,594272,0.050000000000000044,0.004700011618267157,3.888162747844235,20460.2
1378,6.0,594618,0.050000000000000044,0.004757340810049024,3.896636378558385,20471.0
1379,9.0,595052,0.050000000000000044,0.004681409420182688,3.8857342729920066,20484.5
1380,3.0,595262,0.050000000000000044,0.005522961752666604,3.911547010285514,20491.1
1381,13.0,595816,0.050000000000000044,0.004945840509204927,3.9172085020085965,20508.8
1382,14.0,596442,0.050000000000000044,0.005313683501496828,3.9131712281285003,20528.2
1383,9.0,596923,0.050000000000000044,0.003987767983285087,3.9160938580169997,20543.4
1384,15.0,597605,0.050000000000000044,0.004357317497044299,3.927702327278003,20564.9
1385,5.0,597915,0.050000000000000044,0.005599426722995216,3.899490096492152,20574.8
1386,13.0,598436,0.050000000000000044,0.00498029414862448,3.8895384446215493,20591.4
1387,8.0,598998,0.050000000000000044,0.004369123794616522,3.905415652061272,20609.8
1388,8.0,599384,0.050000000000000044,0.0044459983521898715,3.9270930197572462,20622.0
1389,12.0,599919,0.050000000000000044,0.004510213218620656,3.92505508226769,20639.0
1390,21.0,600553,0.050000000000000044,0.0046504062176454366,3.919773637684362,20659.2
1391,19.0,600989,0.050000000000000044,0.004122220066540507,3.9118224787055897,20673.1
1392,9.0,601453,0.050000000000000044,0.0049842479054169764,3.9433763546162637,20688.0
1393,13.0,601790,0.050000000000000044,0.004576534408666968,3.959866449457955,20698.6
1394,9.0,602119,0.050000000000000044,0.004087894295461159,3.9547691171292474,20709.0
1395,10.0,602476,0.050000000000000044,0.005191861146719244,3.955969822506945,20720.1
1396,14.0,602996,0.050000000000000044,0.00461671577717285,3.9534679820904364,20736.7
1397,13.0,603488,0.050000000000000044,0.004669980658975437,3.95561480715992,20752.1
1398,15.0,603897,0.050000000000000044,0.004876336785008297,3.954743779375967,20765.0
1399,7.0,604308,0.050000000000000044,0.0043470073785064085,3.9288283885250417,20777.9
1400,19.0,604970,0.050000000000000044,0.004918141327738576,3.923544639186917,20798.5
1401,16.0,605805,0.050000000000000044,0.004575976097543618,3.879531305849909,20824.0
1402,15.0,606368,0.050000000000000044,0.004626842896779917,3.9052459655815923,20842.3
1403,16.0,607081,0.050000000000000044,0.004190078835857988,3.897510592098156,20864.6
1404,6.0,607416,0.050000000000000044,0.004559220282235809,3.8989014170063077,20874.8
1405,10.0,607899,0.050000000000000044,0.004380032679983887,3.911630606305772,20889.8
1406,7.0,608261,0.050000000000000044,0.004853394227256762,3.901526104020809,20900.8
1407,22.0,608686,0.050000000000000044,0.004780281897059039,3.903665733898387,20914.2
1408,14.0,609053,0.050000000000000044,0.0055891889691789326,3.892510175704956,20925.6
1409,11.0,609594,0.050000000000000044,0.004177513975514935,3.9305151632665045,20942.6
1410,11.0,610040,0.050000000000000044,0.003988476480031595,3.931767481324919,20956.5
1411,5.0,610331,0.050000000000000044,0.0048166253888832335,3.926296996087143,20965.5
1412,8.0,610612,0.050000000000000044,0.004695582418376083,3.9146864524515497,20974.4
1413,14.0,611168,0.050000000000000044,0.004644840181446735,3.929718970823631,20992.2
1414,16.0,611735,0.050000000000000044,0.005234744340449085,3.9306763126736595,21009.9
1415,14.0,612321,0.050000000000000044,0.004886089650808385,3.92933316076168,21028.1
1416,16.0,612776,0.050000000000000044,0.004843222593586728,3.92922533423036,21042.1
1417,9.0,613215,0.050000000000000044,0.004148509563954551,3.9091353372995292,21056.0
1418,9.0,613649,0.050000000000000044,0.004555692665562171,3.9025018467881165,21069.9
1419,7.0,614008,0.050000000000000044,0.004568244177526418,3.9306546127563733,21081.3
1420,10.0,614520,0.050000000000000044,0.004943771448665757,3.925955214072019,21097.7
1421,15.0,615072,0.050000000000000044,0.004992953173485517,3.9127649949944536,21114.6
1422,9.0,615486,0.050000000000000044,0.0048174983712142684,3.9271489099603922,21127.5
1423,12.0,615938,0.050000000000000044,0.004725748926645301,3.9136500295284575,21141.6
1424,10.0,616405,0.050000000000000044,0.004539397632283392,3.9172691864936713,21156.6
1425,14.0,617091,0.050000000000000044,0.004596184316425891,3.9232556656567765,21177.7
1426,12.0,617722,0.050000000000000044,0.004092260884864938,3.9419197783039412,21197.5
1427,17.0,618466,0.050000000000000044,0.004772003477746596,3.9344341383185437,21222.1
1428,13.0,619087,0.050000000000000044,0.00431958164267269,3.9354007543573055,21241.7
1429,7.0,619454,0.050000000000000044,0.004392928851619921,3.944696264630767,21253.4
1430,18.0,620111,0.050000000000000044,0.0043545875616288,3.9212553668058443,21274.7
1431,20.0,620833,0.050000000000000044,0.005322762509827938,3.9177203624202273,21297.7
1432,8.0,621254,0.050000000000000044,0.004614639428201974,3.922908001444402,21311.1
1433,15.0,621800,0.050000000000000044,0.004236742487282155,3.934216456098871,21328.7
1434,10.0,622325,0.050000000000000044,0.004472348850020872,3.9494453148614794,21345.2
1435,7.0,622713,0.050000000000000044,0.00401980560674985,3.944764666336099,21357.4
1436,11.0,623506,0.050000000000000044,0.00483400933804169,3.972305496884475,21382.4
1437,9.0,623955,0.050000000000000044,0.00477016070403391,3.979868383874872,21396.5
1438,8.0,624527,0.050000000000000044,0.004332187711717105,3.9912371377011278,21414.5
1439,14.0,625125,0.050000000000000044,0.004398351015420288,3.995159345725707,21433.4
1440,10.0,625526,0.050000000000000044,0.004661102173908003,3.9710139265084208,21446.1
1441,9.0,625988,0.050000000000000044,0.004578239427329126,3.9871028383056837,21461.1
1442,19.0,626659,0.050000000000000044,0.004834353211165813,3.9531195504832373,21482.3
1443,5.0,626948,0.050000000000000044,0.004227923252901777,3.9755983765150025,21491.2
1444,15.0,627638,0.050000000000000044,0.004542420942343069,3.9599138677984045,21512.9
1445,13.0,627989,0.050000000000000044,0.0050467129879991956,3.9346076817254394,21524.0
1446,14.0,628516,0.050000000000000044,0.0042099616507093015,3.940272676424464,21540.6
1447,14.0,629062,0.050000000000000044,0.004087375632709834,3.937907079200605,21557.8
1448,24.0,629775,0.050000000000000044,0.004409025061328936,3.960933157304226,21580.2
1449,16.0,630223,0.050000000000000044,0.0040011352450944416,3.9317650060568536,21594.0
1450,13.0,630686,0.050000000000000044,0.00422102076249885,3.914671129078381,21608.4
1451,18.0,631241,0.050000000000000044,0.004380388301797211,3.916469604904587,21625.6
1452,14.0,631865,0.050000000000000044,0.004449289467559608,3.9181946309713216,21645.3
1453,12.0,632445,0.050000000000000044,0.004178780941633861,3.9359072331724496,21664.2
1454,15.0,633067,0.050000000000000044,0.004917710917137887,3.9356120560330212,21683.6
1455,18.0,633744,0.050000000000000044,0.004997228161088622,3.924110830270381,21705.0
1456,27.0,634753,0.050000000000000044,0.004100453757544346,3.920711743701674,21737.1
1457,13.0,635346,0.050000000000000044,0.004409446745787388,3.9043575607705074,21756.4
1458,13.0,635863,0.050000000000000044,0.004956032038595153,3.901564417309641,21773.4
1459,15.0,636312,0.050000000000000044,0.004396610869326004,3.925671046454551,21788.0
1460,6.0,636639,0.050000000000000044,0.00412088591713652,3.914641222822557,21798.4
1461,11.0,637191,0.050000000000000044,0.0041724939079174055,3.9192888477574224,21817.1
1462,14.0,637550,0.050000000000000044,0.004862694873625003,3.9415973654032417,21828.7
1463,20.0,638320,0.050000000000000044,0.004722012017094591,3.9401272522938715,21853.4
1464,14.0,638923,0.050000000000000044,0.005119040777333773,3.9577997956505264,21872.9
1465,9.0,639373,0.050000000000000044,0.004476176996637757,3.9317998356289334,21887.3
1466,13.0,639880,0.050000000000000044,0.0043963702584761954,3.945622494940222,21903.0
1467,10.0,640324,0.050000000000000044,0.004788730871656003,3.9463132426545426,21917.0
1468,16.0,640751,0.050000000000000044,0.004525136976722035,3.953116516877114,21930.6
1469,11.0,641360,0.050000000000000044,0.004649139416582992,3.943804335711625,21950.2
1470,16.0,641885,0.050000000000000044,0.004052302139545125,3.9438968672071186,21967.0
1471,7.0,642241,0.050000000000000044,0.004820076648500392,3.928825088431326,21978.0
1472,3.0,642469,0.050000000000000044,0.00464595963523862,3.9451996548133983,21985.3
1473,9.0,642904,0.050000000000000044,0.004362326070275586,3.9204215866395797,21999.3
1474,6.0,643251,0.050000000000000044,0.004376021459073322,3.959112901165437,22010.1
1475,33.0,644206,0.050000000000000044,0.0046194372865668845,3.9620472987908966,22039.4
1476,11.0,644760,0.050000000000000044,0.0049109804426783876,3.9336839669017585,22056.7
1477,12.0,645331,0.050000000000000044,0.00453518812247795,3.9419432124824323,22074.4
1478,10.0,645772,0.050000000000000044,0.004738558949364134,3.955769963275278,22088.3
1479,6.0,646137,0.050000000000000044,0.005014532988680501,3.941424026227977,22099.9
1480,8.0,646580,0.050000000000000044,0.004697275011638352,3.936496275004092,22114.4
1481,9.0,647024,0.050000000000000044,0.004461269570841781,3.937361003042341,22129.0
1482,11.0,647416,0.050000000000000044,0.0053787837207391,3.9368145070513902,22141.2
1483,11.0,647819,0.050000000000000044,0.0045644938633788755,3.937877036205888,22154.0
1484,12.0,648288,0.050000000000000044,0.005173368512023328,3.951395555854098,22169.6
1485,11.0,648810,0.050000000000000044,0.004894474259679388,3.9487259374267754,22186.7
1486,7.0,649315,0.050000000000000044,0.005106978587077765,3.9794549040275045,22203.0
1487,20.0,649785,0.050000000000000044,0.005278216869609945,3.9971740940783884,22218.0
1488,7.0,650165,0.050000000000000044,0.004880147492114797,3.9916496345871373,22230.1
1489,14.0,650552,0.050000000000000044,0.005397180794709355,3.9873339187267214,22243.0
1490,17.0,651068,0.050000000000000044,0.004615199262124681,3.987889137378959,22259.6
1491,8.0,651515,0.050000000000000044,0.004952164281157556,4.0015666772855205,22273.9
1492,14.0,651925,0.050000000000000044,0.004848235933161227,3.993814805658852,22286.9
1493,27.0,652660,0.050000000000000044,0.004510813400301398,3.99980421455539,22310.3
1494,3.0,652885,0.050000000000000044,0.004768971563316881,4.0072193728552925,22317.3
1495,8.0,653290,0.050000000000000044,0.004901279638417893,3.9776635434892444,22330.0
1496,15.0,653849,0.050000000000000044,0.005574673720992009,3.9549213522022226,22347.7
1497,6.0,654176,0.050000000000000044,0.005624736073948101,3.971159631688296,22357.8
1498,6.0,654517,0.050000000000000044,0.005244563840318722,3.9927722477842984,22368.3
1499,11.0,655284,0.050000000000000044,0.005178742372018626,3.989009596378272,22392.7
1500,8.0,655673,0.050000000000000044,0.005058739569868921,3.9950175898240587,22405.7
1501,12.0,656275,0.050000000000000044,0.00496322653583944,3.990605534905215,22424.7
1502,16.0,656815,0.050000000000000044,0.004768118785513151,3.988589989255976,22441.9
1503,11.0,657783,0.050000000000000044,0.0049757392121400025,3.970878119803657,22472.3
1504,9.0,658276,0.050000000000000044,0.0046213840289819706,3.973270066127816,22488.4
1505,8.0,658732,0.050000000000000044,0.0045373662754795265,3.9701983065981614,22502.7
1506,15.0,659412,0.050000000000000044,0.00431767569611753,3.9898501525906958,22524.6
1507,18.0,660375,0.050000000000000044,0.004778421298249674,3.9977308646664564,22555.3
1508,10.0,661004,0.050000000000000044,0.0045235082958728695,3.9843315782531836,22574.9
1509,8.0,661412,0.050000000000000044,0.004852799884176028,3.9774164574987747,22587.9
1510,10.0,661975,0.050000000000000044,0.004309435470565677,3.9784812164984205,22605.8
1511,19.0,662522,0.050000000000000044,0.0041002732432588685,3.983638385967973,22622.9
1512,11.0,662915,0.050000000000000044,0.004650928424884572,3.9822139369925775,22635.5
1513,13.0,663371,0.050000000000000044,0.005194504065832262,3.969133934430909,22649.7
1514,13.0,664012,0.050000000000000044,0.004840134696776335,3.97691991957785,22670.4
1515,13.0,664537,0.050000000000000044,0.004262943396655222,3.9770732888721283,22687.1
1516,14.0,665024,0.050000000000000044,0.004567180645343268,3.9766013191465968,22702.6
1517,19.0,665596,0.050000000000000044,0.005343301013320476,3.971505038804941,22720.6
1518,13.0,666059,0.050000000000000044,0.0046091965798461575,3.9818491498028483,22735.1
1519,13.0,666409,0.050000000000000044,0.00420760228331866,3.9878879008974346,22745.9
1520,19.0,667115,0.050000000000000044,0.004667981237944126,4.005953277136719,22768.0
1521,20.0,668044,0.050000000000000044,0.004824696932252661,4.004853763159432,22798.0
1522,20.0,668555,0.050000000000000044,0.004847280721001531,3.9996212429263123,22814.2
1523,8.0,668931,0.050000000000000044,0.004958719346874166,4.005948602519137,22826.3
1524,7.0,669334,0.050000000000000044,0.0044398207524236726,3.9983658388294003,22839.1
1525,7.0,669677,0.050000000000000044,0.004340149147935624,4.009367313746461,22850.1
1526,11.0,670189,0.050000000000000044,0.005056954457586471,3.972519946284592,22866.3
1527,6.0,670515,0.050000000000000044,0.00521878689881757,3.9580521700572384,22876.6
1528,9.0,670944,0.050000000000000044,0.004504170348283798,3.9631181958116297,22889.9
1529,8.0,671371,0.050000000000000044,0.005266294174361974,3.9508552875116782,22903.7
1530,16.0,671936,0.050000000000000044,0.005105046159278734,3.941145068987281,22921.9
1531,15.0,672484,0.050000000000000044,0.004726059214032703,3.962769329547882,22939.3
1532,18.0,673113,0.050000000000000044,0.00490397510776927,3.9535407951791637,22958.7
1533,7.0,673508,0.050000000000000044,0.004114687627865167,3.935317035868198,22970.9
1534,10.0,674035,0.050000000000000044,0.004222748114107145,3.934251670366899,22987.2
1535,14.0,674672,0.050000000000000044,0.004465697457216347,3.9511249379797295,23008.2
1536,29.0,675366,0.050000000000000044,0.0047807979845523735,3.9636280749648036,23030.6
1537,14.0,675925,0.050000000000000044,0.004726758847043938,3.9426280117205517,23048.3
1538,20.0,676604,0.050000000000000044,0.00493451192351305,3.92860601963105,23069.9
1539,27.0,677294,0.050000000000000044,0.0050264978016207025,3.924395473798116,23091.6
1540,7.0,677671,0.050000000000000044,0.004597933326053633,3.920983147557914,23103.5
1541,19.0,678845,0.050000000000000044,0.004603843849572374,3.9299899664607527,23141.9
1542,9.0,679296,0.050000000000000044,0.004811074568202385,3.9240893159895935,23156.1
1543,22.0,679876,0.050000000000000044,0.004319201321903102,3.9131848618902008,23175.0
1544,2.0,680073,0.050000000000000044,0.004499485454436978,3.914208672373428,23181.6
1545,10.0,680557,0.050000000000000044,0.004588735873511731,3.9513833606538693,23197.6
1546,13.0,681076,0.050000000000000044,0.005017768555528956,3.949373338952919,23214.6
1547,12.0,681643,0.050000000000000044,0.005135954998583883,3.938171168904246,23232.7
1548,16.0,682138,0.050000000000000044,0.004134585066919563,3.953470696343316,23248.9
1549,14.0,682537,0.050000000000000044,0.004709693317285232,3.9862367557104967,23261.8
1550,16.0,683051,0.050000000000000044,0.004465447128378942,3.960111216348433,23278.2
1551,9.0,683686,0.050000000000000044,0.004495178971817262,3.959738953282514,23298.2
1552,17.0,684302,0.050000000000000044,0.004419006990282434,3.9653383648240723,23317.9
1553,14.0,684809,0.050000000000000044,0.00486271891557415,3.9664145404770528,23334.2
1554,19.0,685336,0.050000000000000044,0.00441624796609138,3.946601537870954,23350.8
1555,11.0,686043,0.050000000000000044,0.004373735712499976,3.95228684370049,23374.1
1556,9.0,686508,0.050000000000000044,0.0049493335594262885,3.9548368823143742,23389.5
1557,6.0,686838,0.050000000000000044,0.0050031721396160056,3.95720530278755,23400.2
1558,12.0,687396,0.050000000000000044,0.004425870971904407,3.9423855453409176,23418.2
1559,19.0,687965,0.050000000000000044,0.005672236957185475,3.9262897323011723,23436.6
1560,18.0,688345,0.050000000000000044,0.004039771658809562,3.940067090486225,23448.9
1561,15.0,688806,0.050000000000000044,0.005093213156625273,3.945953101242959,23464.0
1562,6.0,689103,0.050000000000000044,0.004241764195802737,3.967486923391169,23473.9
1563,19.0,689723,0.050000000000000044,0.004813691709310778,3.937929090761369,23494.0
1564,12.0,690139,0.050000000000000044,0.005234674328676192,3.9460901331443052,23506.9
1565,11.0,690618,0.050000000000000044,0.005430982655472275,3.945374430594713,23521.8
1566,15.0,691182,0.050000000000000044,0.005730724209673531,3.9580831151482063,23540.3
1567,9.0,691635,0.050000000000000044,0.004471332973761537,3.9626195141284932,23555.6
1568,12.0,692183,0.050000000000000044,0.004817958603813619,3.9699893545930403,23573.7
1569,10.0,692560,0.050000000000000044,0.004649388166922651,3.9923353075032524,23585.6
1570,17.0,693147,0.050000000000000044,0.004847646720554311,3.9845035518860694,23604.2
1571,11.0,693688,0.050000000000000044,0.004342810456213229,3.991680890927694,23622.0
1572,23.0,694349,0.050000000000000044,0.004478337403204371,3.9818638640705286,23642.8
1573,20.0,695076,0.050000000000000044,0.004525247577528509,3.984228085290943,23665.9
1574,13.0,695571,0.050000000000000044,0.005905094176337988,3.9903621326793326,23681.9
1575,20.0,696085,0.050000000000000044,0.004812060027964892,3.9982743281798605,23698.7
1576,23.0,696776,0.050000000000000044,0.004590768607632511,4.001383973617112,23721.0
1577,20.0,697281,0.050000000000000044,0.004297996053269299,4.025033044815063,23737.5
1578,8.0,697676,0.050000000000000044,0.0060490026430498,4.025537559050548,23750.4
1579,16.0,698264,0.050000000000000044,0.005020475213425424,4.012742135800472,23769.5
1580,15.0,698931,0.050000000000000044,0.004877272821059437,4.024665769965931,23791.0
1581,11.0,699543,0.050000000000000044,0.005035812070108554,4.02700910614986,23810.7
1582,9.0,700021,0.050000000000000044,0.004789102168619305,4.042180223445015,23825.8
1583,11.0,700668,0.050000000000000044,0.005246090358684567,4.017430827274942,23846.5
1584,13.0,700992,0.050000000000000044,0.0059671845997792934,4.01832440753042,23856.9
1585,17.0,701674,0.050000000000000044,0.004921688226425796,4.038224147212121,23879.2
1586,10.0,702137,0.050000000000000044,0.005861708299849246,4.036225346200667,23894.3
1587,15.0,702785,0.050000000000000044,0.005315450934210309,4.051425041607868,23917.3
1588,9.0,703256,0.050000000000000044,0.00445856557538112,4.010820329568948,23933.7
1589,9.0,703800,0.050000000000000044,0.005021400911145439,4.009793699664228,23951.4
1590,6.0,704143,0.050000000000000044,0.006572886933531862,3.9867212285800857,23962.8
1591,14.0,704690,0.050000000000000044,0.005224257525843202,4.002223652067307,23980.5
1592,15.0,705257,0.050000000000000044,0.004504695202296229,3.9931482146025967,23999.1
1593,11.0,705646,0.050000000000000044,0.004656867392134918,4.003952356720951,24011.9
1594,11.0,706149,0.050000000000000044,0.0042924783618428245,3.9991221821331835,24028.4
1595,18.0,706812,0.050000000000000044,0.004982549331409416,3.983692538864113,24049.8
1596,14.0,707390,0.050000000000000044,0.004743219427981939,3.9981844623196086,24068.8
1597,9.0,707977,0.050000000000000044,0.005009818836226362,3.9987516106698133,24088.3
1598,13.0,708594,0.050000000000000044,0.004785116560318669,3.978425070377764,24108.5
1599,23.0,709104,0.050000000000000044,0.004997895080048372,3.9638519240360632,24125.2
1600,4.0,709347,0.050000000000000044,0.0049331698421994415,3.937233114438783,24133.2
1601,10.0,709797,0.050000000000000044,0.005611607799332382,3.9524863555696275,24148.0
1602,4.0,710058,0.050000000000000044,0.005496512501682529,3.9540643911252076,24156.5
1603,16.0,710633,0.050000000000000044,0.005167182109156705,3.9517431234276814,24175.2
1604,4.0,710890,0.050000000000000044,0.005500211685729224,3.9345001042584964,24183.5
1605,6.0,711227,0.050000000000000044,0.005154441134280108,3.941628623786949,24194.4
1606,9.0,711685,0.050000000000000044,0.004994056736857236,3.9383029823219933,24210.1
1607,9.0,712149,0.050000000000000044,0.006117086945370579,3.930530423748082,24225.6
1608,5.0,712445,0.050000000000000044,0.005569003161941214,3.90242720777924,24235.3
1609,10.0,712951,0.050000000000000044,0.005752781964309344,3.929437723084401,24251.8
1610,15.0,713577,0.050000000000000044,0.004931449353250083,3.9288922220754166,24272.2
1611,13.0,714018,0.050000000000000044,0.00511280080206405,3.919315823622031,24286.7
1612,10.0,714497,0.050000000000000044,0.0054393693715302826,3.931220771375429,24302.8
1613,10.0,715042,0.050000000000000044,0.005039818301463688,3.948461560153086,24320.6
1614,12.0,715990,0.050000000000000044,0.005498248723520748,3.967436277162174,24351.7
1615,9.0,716459,0.050000000000000044,0.004275242872000026,3.961947757806351,24367.0
1616,10.0,716957,0.050000000000000044,0.005200818687140657,3.937056035880583,24382.5
1617,11.0,717672,0.050000000000000044,0.004801297519059683,3.9711003270182577,24405.8
1618,9.0,718146,0.050000000000000044,0.005009331792752153,3.95700183045512,24421.0
1619,26.0,718892,0.050000000000000044,0.004636611009981663,3.961057000121866,24445.0
1620,15.0,719453,0.050000000000000044,0.004364232619109592,3.971826364649808,24464.0
1621,20.0,720093,0.050000000000000044,0.005020113938735448,3.9590294804424047,24485.6
1622,20.0,720906,0.050000000000000044,0.0048931181346476395,3.9693990762529925,24512.2
1623,5.0,721208,0.050000000000000044,0.0056888284967342604,3.9976040898569374,24521.7
1624,10.0,721565,0.050000000000000044,0.004822162932165864,4.0173977930672695,24533.3
1625,9.0,722008,0.050000000000000044,0.004432847884848386,3.9990628115479616,24548.2
1626,9.0,722444,0.050000000000000044,0.004842664217661827,3.9886961141857533,24562.6
1627,7.0,722825,0.050000000000000044,0.004978659834707855,4.00032949635363,24575.3
1628,7.0,723205,0.050000000000000044,0.004549604205194077,3.9973406057608756,24587.8
1629,10.0,723729,0.050000000000000044,0.004740977772126749,3.9869783889246353,24604.9
1630,11.0,724289,0.050000000000000044,0.005074686948916808,3.988449964778764,24622.8
1631,20.0,724840,0.050000000000000044,0.004710032319301019,3.988713502883911,24640.3
1632,19.0,725453,0.050000000000000044,0.0053481982047039085,4.000792007072909,24659.9
1633,17.0,726026,0.050000000000000044,0.005005034737745674,3.997920390407036,24678.0
1634,10.0,726662,0.050000000000000044,0.005293590430431683,3.9691946499002806,24698.4
1635,23.0,727130,0.050000000000000044,0.004983545050649848,3.9594088991483054,24713.9
1636,16.0,727717,0.050000000000000044,0.004975787310201034,3.95242171718071,24733.2
1637,16.0,728254,0.050000000000000044,0.004810017637441931,3.977749455130522,24751.0
1638,12.0,728864,0.050000000000000044,0.005031319920710273,3.984526499763864,24771.1
1639,15.0,729360,0.050000000000000044,0.005403392567161298,3.983727202780785,24786.7
1640,5.0,729682,0.050000000000000044,0.004461215192384104,3.967624775371196,24796.8
1641,18.0,730689,0.050000000000000044,0.004957850059252066,3.983016678687951,24829.2
1642,14.0,731346,0.050000000000000044,0.0054899801650223476,3.9967014237988847,24849.9
1643,15.0,731867,0.050000000000000044,0.0047917148445137635,3.996437103414261,24866.7
1644,17.0,732267,0.050000000000000044,0.006156595985812601,4.003356328606605,24879.4
1645,7.0,732635,0.050000000000000044,0.004989352432502252,3.982770722845326,24891.1
1646,8.0,733029,0.050000000000000044,0.004665259902098401,3.9947059983529414,24903.4
1647,8.0,733444,0.050000000000000044,0.004988138467713023,3.9857349183185993,24916.6
1648,20.0,733951,0.050000000000000044,0.004905228863775186,3.9927950413269406,24932.9
1649,13.0,734283,0.050000000000000044,0.004745494541522755,4.024148644453072,24943.5
1650,16.0,734900,0.050000000000000044,0.00543057118396077,3.9964248307133805,24963.2
1651,18.0,735385,0.050000000000000044,0.005332583902864573,4.025613692372116,24978.9
1652,13.0,735945,0.050000000000000044,0.005486733652443425,4.013102373055049,24996.7
1653,13.0,736350,0.050000000000000044,0.004853571156028336,4.044105006441658,25009.4
1654,13.0,736826,0.050000000000000044,0.005170969669648423,4.047045881507778,25024.3
1655,8.0,737251,0.050000000000000044,0.004968478989595657,4.040871589324054,25038.1
1656,5.0,737710,0.050000000000000044,0.005190870101707694,4.043440546605062,25053.0
1657,14.0,738086,0.050000000000000044,0.004643030405512694,4.054984051496424,25065.1
1658,14.0,738474,0.050000000000000044,0.0047051772630062995,4.0497134143544224,25077.2
1659,10.0,738870,0.050000000000000044,0.004803647860447227,4.064969379492481,25090.0
1660,15.0,739441,0.050000000000000044,0.0049675469482056605,4.059188215619837,25108.4
1661,15.0,740133,0.050000000000000044,0.00500949189006997,4.067920834687404,25131.0
1662,18.0,740654,0.050000000000000044,0.004801071772929245,4.09485620454726,25147.9
1663,4.0,740895,0.050000000000000044,0.0049960556431843505,4.098825185625385,25155.5
1664,12.0,741318,0.050000000000000044,0.005276219935836733,4.091306132909536,25169.6
1665,12.0,741786,0.050000000000000044,0.0055028372974051405,4.085466765949869,25184.6
1666,18.0,742268,0.050000000000000044,0.005070465282368941,4.0845918220108475,25199.7
1667,14.0,742921,0.050000000000000044,0.004614952278047498,4.107472870652928,25220.4
1668,6.0,743286,0.050000000000000044,0.005979389297833334,4.107100183669835,25232.2
1669,10.0,743769,0.050000000000000044,0.00549290967453464,4.097811608581069,25247.7
1670,13.0,744255,0.050000000000000044,0.004888202733965783,4.102606433409232,25263.4
1671,13.0,744604,0.050000000000000044,0.00702203676287341,4.1030712441933535,25275.0
1672,13.0,744953,0.050000000000000044,0.004045986001517218,4.102498417939019,25286.6
1673,19.0,745569,0.050000000000000044,0.00540568485737751,4.115566440216907,25306.1
1674,15.0,745997,0.050000000000000044,0.005513300616283265,4.078357547800118,25319.7
1675,10.0,746512,0.050000000000000044,0.0045097338742106355,4.103476651663919,25335.9
1676,5.0,746804,0.050000000000000044,0.004834213682007019,4.081351920349957,25345.2
1677,5.0,747083,0.050000000000000044,0.005432100198398541,4.115476239966663,25354.2
1678,16.0,747625,0.050000000000000044,0.0049314288009212415,4.117652908902326,25371.6
1679,17.0,748234,0.050000000000000044,0.005302297345676867,4.106507309943389,25391.2
1680,15.0,748946,0.050000000000000044,0.005309797639649863,4.105821489283208,25414.9
1681,17.0,749511,0.050000000000000044,0.0050900296615107,4.128181589599205,25432.5
1682,10.0,750027,0.050000000000000044,0.004926787847707178,4.13667862821919,25448.8
1683,20.0,750528,0.050000000000000044,0.005151704425213416,4.146193797478895,25464.3
1684,17.0,751209,0.050000000000000044,0.005041812322267965,4.160184695682162,25486.2
1685,15.0,751675,0.050000000000000044,0.00505614523186804,4.160172225068056,25501.0
1686,10.0,752138,0.050000000000000044,0.004978240335352124,4.174119684660152,25516.3
1687,20.0,752742,0.050000000000000044,0.005332093655412388,4.1825792781564575,25535.1
1688,20.0,753246,0.050000000000000044,0.005700924274158694,4.184236811267005,25551.4
1689,5.0,753541,0.050000000000000044,0.005078566513592535,4.2096253508228365,25560.6
1690,22.0,754285,0.050000000000000044,0.005047052752875012,4.19972157510378,25584.6
1691,12.0,755118,0.050000000000000044,0.004994255606736876,4.179082853882825,25611.9
1692,12.0,755674,0.050000000000000044,0.005524914760918109,4.164360867129813,25629.9
1693,24.0,756443,0.050000000000000044,0.00491969412152131,4.161423852136759,25655.4
1694,20.0,757175,0.050000000000000044,0.005050316131247533,4.152792316968323,25679.5
1695,20.0,757750,0.050000000000000044,0.005235945015092907,4.160692615923674,25698.0
1696,9.0,758217,0.050000000000000044,0.005069521236845653,4.158718446082171,25716.0
1697,23.0,758805,0.050000000000000044,0.005255941381768266,4.169870052207895,25735.4
1698,20.0,759392,0.050000000000000044,0.005459777224298052,4.162621531413402,25754.5
1699,8.0,759818,0.050000000000000044,0.00544362000742831,4.149416489220561,25768.2
1700,17.0,760462,0.050000000000000044,0.005607008561275043,4.160268956459827,25789.1
1701,11.0,760982,0.050000000000000044,0.005159623108920641,4.174499616714624,25806.4
1702,6.0,761324,0.050000000000000044,0.00503607786346325,4.16999470072183,25817.9
1703,6.0,761664,0.050000000000000044,0.005035110240158461,4.172270803591784,25829.4
1704,7.0,762056,0.050000000000000044,0.00504656332872846,4.195578341581384,25842.3
1705,15.0,762650,0.050000000000000044,0.005621501221870283,4.199366912295923,25861.5
1706,11.0,763206,0.050000000000000044,0.0053609302880915834,4.192711352444381,25879.6
1707,23.0,764050,0.050000000000000044,0.005715776924253552,4.207316449750656,25907.4
1708,10.0,764518,0.050000000000000044,0.005886640010399616,4.194954059572301,25922.7
1709,18.0,765113,0.050000000000000044,0.0058550873769353294,4.182427048482815,25942.7
1710,8.0,765494,0.050000000000000044,0.005860779083668794,4.169586238585745,25955.4
1711,14.0,765968,0.050000000000000044,0.005129618903244787,4.158422681852735,25971.0
1712,10.0,766448,0.050000000000000044,0.005448397655466882,4.132127522925535,25986.8
1713,10.0,767056,0.050000000000000044,0.004881956535284285,4.126834815270023,26007.7
1714,10.0,767558,0.050000000000000044,0.005014349349804104,4.13938089290938,26024.1
1715,7.0,767927,0.050000000000000044,0.005493381897335857,4.125732171180125,26035.7
1716,18.0,768460,0.050000000000000044,0.004947106375343273,4.15827520166508,26052.8
1717,12.0,768902,0.050000000000000044,0.005519227611745931,4.1621990710901455,26067.3
1718,11.0,769290,0.050000000000000044,0.0046876185398414425,4.151136991289473,26080.5
1719,16.0,770074,0.050000000000000044,0.005159754373343443,4.175320281666153,26105.9
1720,17.0,770421,0.050000000000000044,0.006246808315130751,4.159264417477918,26117.1
1721,9.0,770876,0.050000000000000044,0.005153434636240191,4.1572710817986795,26131.7
1722,17.0,771399,0.050000000000000044,0.004838186778848453,4.157903564135841,26148.2
1723,8.0,771869,0.050000000000000044,0.005241257223137159,4.16433253136087,26163.9
1724,12.0,772403,0.050000000000000044,0.0052400105033324484,4.170184909627679,26182.1
1725,18.0,772813,0.050000000000000044,0.005701618472954667,4.14916718936548,26195.8
1726,15.0,773235,0.050000000000000044,0.00525549951509321,4.1650962806990925,26209.6
1727,12.0,773676,0.050000000000000044,0.004903759123903199,4.162862127330027,26223.8
1728,17.0,774141,0.050000000000000044,0.005475505805193817,4.173275439969955,26238.9
1729,20.0,774669,0.050000000000000044,0.005992180540598576,4.179528221036449,26256.2
1730,19.0,775247,0.050000000000000044,0.005532131004058611,4.184175529281986,26274.9
1731,11.0,775771,0.050000000000000044,0.0052345856942657655,4.189021715681061,26292.0
1732,10.0,776105,0.050000000000000044,0.005591531108833381,4.166515435287338,26303.1
1733,23.0,776809,0.050000000000000044,0.005828990085236993,4.175701178948987,26325.8
1734,20.0,777420,0.050000000000000044,0.0053250900737990044,4.183856824806201,26345.4
1735,20.0,777942,0.050000000000000044,0.004954479958360722,4.184412565267863,26362.5
1736,7.0,778293,0.050000000000000044,0.005453441645273477,4.17912360813543,26373.7
1737,4.0,778606,0.050000000000000044,0.005230000515218479,4.174930505478344,26383.7
1738,8.0,779019,0.050000000000000044,0.00508319171169236,4.182752059100615,26396.8
1739,14.0,779657,0.050000000000000044,0.0051945966776448735,4.19193008588773,26417.4
1740,13.0,780148,0.050000000000000044,0.004591513720062199,4.186545893519571,26433.2
1741,20.0,780605,0.050000000000000044,0.005290790096983004,4.193650730329217,26448.0
1742,14.0,781233,0.050000000000000044,0.004856635824366395,4.201311607269725,26468.3
1743,15.0,781650,0.050000000000000044,0.005955502708002532,4.181085539664582,26481.4
1744,13.0,782147,0.050000000000000044,0.005224654596238968,4.205210515910711,26497.1
1745,14.0,782614,0.050000000000000044,0.004871699167814353,4.199465016991985,26512.0
1746,14.0,783034,0.050000000000000044,0.005911635698257236,4.173809246789841,26525.7
1747,8.0,783460,0.050000000000000044,0.005714037056089742,4.163024263762532,26539.9
1748,11.0,783868,0.050000000000000044,0.004931483912229191,4.182549020238951,26553.6
1749,9.0,784332,0.050000000000000044,0.004851524027642505,4.181693577047052,26568.0
1750,20.0,784689,0.050000000000000044,0.005197023189266627,4.165954514377925,26579.2
1751,22.0,785217,0.050000000000000044,0.005205922210624329,4.166080776940692,26596.2
1752,9.0,785657,0.050000000000000044,0.005154518457526468,4.187347536195408,26611.8
1753,11.0,786200,0.050000000000000044,0.005494180378979192,4.188754319705577,26629.6
1754,11.0,786740,0.050000000000000044,0.005115030257406438,4.190814529524909,26647.2
1755,14.0,787354,0.050000000000000044,0.005734770276457836,4.172960794321489,26666.7
1756,6.0,787700,0.050000000000000044,0.0053518315877447795,4.148337561271094,26678.0
1757,10.0,788047,0.050000000000000044,0.005359557965536862,4.162806918366842,26689.1
1758,15.0,788582,0.050000000000000044,0.005371906357886983,4.160949679401433,26706.7
1759,15.0,789115,0.050000000000000044,0.005227412248954638,4.162771282679144,26724.2
1760,17.0,789653,0.050000000000000044,0.00558224245066301,4.150207174311784,26742.1
1761,7.0,790034,0.050000000000000044,0.005601883746116493,4.132890507305075,26754.3
1762,11.0,790506,0.050000000000000044,0.005573170136766887,4.132744600712242,26769.3
1763,10.0,790838,0.050000000000000044,0.005961309464827898,4.140959216887692,26779.9
1764,23.0,791549,0.050000000000000044,0.005308434961864047,4.141493384177507,26803.0
1765,14.0,792022,0.050000000000000044,0.005446572319198849,4.133792101958841,26818.3
1766,9.0,792404,0.050000000000000044,0.005824043349355596,4.146543346150383,26831.0
1767,14.0,792955,0.050000000000000044,0.005410420381719291,4.145184867827732,26849.2
1768,12.0,793273,0.050000000000000044,0.0055662309436080686,4.158994377034265,26859.6
1769,13.0,793741,0.050000000000000044,0.005861345892493478,4.149326089610401,26874.8
1770,15.0,794367,0.050000000000000044,0.00541611536206624,4.128116951202052,26895.5
1771,24.0,794891,0.050000000000000044,0.005254839425453319,4.109657695275227,26912.6
1772,8.0,795168,0.050000000000000044,0.005397093684886606,4.109458759803634,26921.6
1773,16.0,795613,0.050000000000000044,0.0051686552353203295,4.116816553373015,26935.9
1774,10.0,795989,0.050000000000000044,0.005253082301351242,4.108468916187895,26948.0
1775,5.0,796281,0.050000000000000044,0.005206104462060516,4.115617437721932,26957.6
1776,13.0,796823,0.050000000000000044,0.00522294032496548,4.1187079564231786,26974.9
1777,6.0,797143,0.050000000000000044,0.0047495230432105014,4.094880889356136,26985.0
1778,28.0,797772,0.050000000000000044,0.005652248281770828,4.091729596991607,27005.8
1779,12.0,798241,0.050000000000000044,0.005607125080768455,4.048997248159543,27021.0
1780,14.0,798655,0.050000000000000044,0.005254556761789113,4.0509481274563335,27034.2
1781,17.0,799280,0.050000000000000044,0.004873942391388118,4.044877410507202,27054.4
1782,12.0,799722,0.050000000000000044,0.004828309322648357,4.0557898067241345,27068.2
1783,8.0,800157,0.050000000000000044,0.005421547815953007,4.03596193050516,27082.4
1784,16.0,800732,0.050000000000000044,0.00525230954684641,4.062853443311608,27100.6
1785,8.0,801160,0.050000000000000044,0.005703684967446411,4.062623137625579,27114.6
1786,11.0,801674,0.050000000000000044,0.005266842836602899,4.072138760340353,27131.3
1787,10.0,802193,0.050000000000000044,0.005417582292741376,4.056061888016718,27148.1
1788,17.0,802679,0.050000000000000044,0.005025794134339233,4.0604643998322665,27164.0
1789,8.0,803067,0.050000000000000044,0.00523575084504777,4.071716258820799,27177.2
1790,8.0,803566,0.050000000000000044,0.005163758581495827,4.061015967615621,27193.1
1791,9.0,804006,0.050000000000000044,0.005006260585188019,4.07149196212942,27208.0
1792,22.0,804659,0.050000000000000044,0.005600307893562794,4.087860365556539,27229.9
1793,12.0,805105,0.050000000000000044,0.005237112321364672,4.074352375595025,27244.0
1794,20.0,805620,0.050000000000000044,0.005105004701153059,4.092321746326188,27260.7
1795,14.0,806121,0.050000000000000044,0.005333839523923879,4.063373243975306,27276.7
1796,18.0,806515,0.050000000000000044,0.0048187218776662944,4.101334280774073,27290.0
1797,18.0,807180,0.050000000000000044,0.004857034290198909,4.088949757052544,27311.6
1798,12.0,807810,0.050000000000000044,0.005684498893947059,4.064871086771526,27331.7
1799,9.0,808258,0.050000000000000044,0.00501361845376128,4.091814741492271,27346.9
1800,14.0,808821,0.050000000000000044,0.005346677319409712,4.0710590537869065,27365.4
1801,17.0,809349,0.050000000000000044,0.004691254899102425,4.105816488464673,27382.7
1802,9.0,809673,0.050000000000000044,0.005352109289055483,4.087799761030409,27393.2
1803,8.0,810106,0.050000000000000044,0.004837056109735497,4.1119653237058715,27407.0
1804,19.0,810592,0.050000000000000044,0.005231673721225986,4.08350625842687,27422.4
1805,5.0,810884,0.050000000000000044,0.005549511059318121,4.085080206394196,27432.3
1806,13.0,811359,0.050000000000000044,0.005047134195552453,4.085539211473967,27447.7
1807,14.0,811868,0.050000000000000044,0.0055757928550451965,4.10901599736017,27464.4
1808,27.0,812523,0.050000000000000044,0.0053862261203764614,4.123733638079112,27485.5
1809,10.0,812987,0.050000000000000044,0.0053181494520937,4.136530565804448,27500.5
1810,10.0,813472,0.050000000000000044,0.005627764257621596,4.124369682724943,27516.5
1811,11.0,813827,0.050000000000000044,0.004623295874728388,4.129746666760512,27528.0
1812,12.0,814356,0.050000000000000044,0.005472283964203794,4.144691012982835,27544.9
1813,11.0,814873,0.050000000000000044,0.005525452209698717,4.108051067625301,27561.1
1814,4.0,815118,0.050000000000000044,0.005414955607824483,4.1035069426711726,27569.3
1815,7.0,815494,0.050000000000000044,0.0052764764228375,4.114363097764076,27581.4
1816,10.0,815964,0.050000000000000044,0.004828424314581888,4.126342501538865,27596.4
1817,8.0,816372,0.050000000000000044,0.005183180818373027,4.104244389370376,27610.4
1818,5.0,816681,0.050000000000000044,0.005157847775366387,4.094167687746314,27620.7
1819,3.0,816893,0.050000000000000044,0.004652544965348119,4.086442706719884,27627.4
1820,5.0,817203,0.050000000000000044,0.004913150807917719,4.075356508070422,27637.3
1821,12.0,817685,0.050000000000000044,0.00497070427622194,4.0844361628734225,27654.0
1822,22.0,818093,0.050000000000000044,0.004946008571149672,4.103584267929489,27666.8
1823,19.0,818592,0.050000000000000044,0.005269416894405364,4.098764444400887,27682.8
1824,22.0,819124,0.050000000000000044,0.005040066891469769,4.085643008687442,27700.2
1825,12.0,819575,0.050000000000000044,0.005460127918132294,4.063544981759827,27714.7
1826,6.0,819920,0.050000000000000044,0.004832914049494202,4.075470175950423,27726.0
1827,8.0,820199,0.050000000000000044,0.005559458273402866,4.077371020470896,27735.0
1828,11.0,820740,0.050000000000000044,0.006067064899112857,4.075795710858047,27752.0
1829,9.0,821203,0.050000000000000044,0.005445855861775111,4.038424583027224,27767.6
1830,11.0,821686,0.050000000000000044,0.004824026699870146,4.060634817395892,27783.4
1831,6.0,822006,0.050000000000000044,0.00583427096134983,4.068292542546987,27793.6
1832,16.0,822587,0.050000000000000044,0.004835500782828541,4.070516879710396,27813.3
1833,18.0,823244,0.050000000000000044,0.005256180482267302,4.078759215556686,27834.3
1834,16.0,823680,0.050000000000000044,0.0050936075105810314,4.090915371518617,27848.0
1835,24.0,824209,0.050000000000000044,0.005508804894959121,4.100017557973447,27864.8
1836,13.0,824678,0.050000000000000044,0.005201441693186227,4.076291387777593,27879.7
1837,6.0,824997,0.050000000000000044,0.005316783385030155,4.078193985930057,27889.7
1838,10.0,825469,0.050000000000000044,0.005502626753187249,4.091980476500624,27904.9
1839,2.0,825651,0.050000000000000044,0.004368668638302812,4.075058537525135,27910.9
1840,17.0,826571,0.050000000000000044,0.005016671228045395,4.076738353138385,27941.5
1841,11.0,826947,0.050000000000000044,0.005315776796394741,4.077929014221151,27953.8
1842,19.0,827638,0.050000000000000044,0.005199076134665005,4.0603099956181214,27976.7
1843,14.0,828114,0.050000000000000044,0.005944150995987491,4.063389486124535,27992.2
1844,8.0,828540,0.050000000000000044,0.005309305667271619,4.059275861077466,28006.0
1845,13.0,829059,0.050000000000000044,0.005068064943182072,4.073139283009347,28022.8
1846,11.0,829536,0.050000000000000044,0.005537109569581987,4.041009011758448,28038.1
1847,7.0,829910,0.050000000000000044,0.005173341558815383,4.05322980816989,28049.9
1848,11.0,830306,0.050000000000000044,0.00503160018442114,4.045488299745502,28062.3
1849,6.0,830628,0.050000000000000044,0.005260668259138611,4.01658921286186,28073.3
1850,10.0,831078,0.050000000000000044,0.005664688384988242,4.029766345024109,28088.4
1851,23.0,831512,0.050000000000000044,0.0050301512935057215,4.040100266856532,28102.0
1852,19.0,831991,0.050000000000000044,0.004921334457830652,4.038707003464032,28117.7
1853,18.0,832389,0.050000000000000044,0.005637365592826139,4.020788253851272,28130.6
1854,15.0,832814,0.050000000000000044,0.005556999738602077,4.0158696107303395,28144.7
1855,14.0,833411,0.050000000000000044,0.005004860736098971,4.020792277414396,28164.3
1856,12.0,833969,0.050000000000000044,0.00556925887408446,4.020234787335959,28182.5
1857,6.0,834325,0.050000000000000044,0.004707364861531643,4.016152150175545,28194.4
1858,9.0,834769,0.050000000000000044,0.004835860679966507,4.029056902404304,28209.0
1859,23.0,835326,0.050000000000000044,0.0044226215381503,4.024915755116105,28227.1
1860,16.0,835871,0.050000000000000044,0.004677063578615871,4.025607949440633,28245.0
1861,13.0,836374,0.050000000000000044,0.005468531715161506,4.0249584346831915,28261.5
1862,10.0,836719,0.050000000000000044,0.005012089742239619,4.026182390295941,28273.0
1863,12.0,837150,0.050000000000000044,0.005438112187320302,4.041351654689993,28286.8
1864,19.0,837674,0.050000000000000044,0.0047086037361935736,4.019815593730402,28303.3
1865,7.0,838025,0.050000000000000044,0.005749573282687858,4.034444783827518,28314.6
1866,15.0,838454,0.050000000000000044,0.0055180945287682205,4.039583984232727,28328.6
1867,19.0,839034,0.050000000000000044,0.005008022528310338,4.0355830196676585,28347.3
1868,9.0,839467,0.050000000000000044,0.005133023822688719,4.023227778097774,28361.2
1869,11.0,839999,0.050000000000000044,0.004886866342565185,4.021131760195682,28378.0
1870,21.0,840511,0.050000000000000044,0.004844042935701509,4.037154738791287,28394.4
1871,13.0,841067,0.050000000000000044,0.004646825130104268,4.041058352096475,28413.8
1872,24.0,841728,0.050000000000000044,0.005147815270929875,4.0487120638456355,28437.1
1873,13.0,842207,0.050000000000000044,0.004745342750014788,4.048337631783057,28452.5
1874,10.0,842567,0.050000000000000044,0.005067546308338125,4.034728078709708,28464.1
1875,14.0,843062,0.050000000000000044,0.00564210241039594,4.0428667718713935,28479.7
1876,12.0,843578,0.050000000000000044,0.004978983940862574,4.026920740918595,28496.8
1877,16.0,844182,0.050000000000000044,0.005380267659179089,4.0209815774532345,28516.5
1878,5.0,844474,0.050000000000000044,0.005074818624376498,4.016878825344452,28526.0
1879,11.0,844897,0.050000000000000044,0.005833167424502543,4.023918695201829,28539.8
1880,13.0,845337,0.050000000000000044,0.004740080158543688,4.0023500285365365,28554.1
1881,5.0,845624,0.050000000000000044,0.005415352479188025,4.023125101880329,28563.2
1882,6.0,845962,0.050000000000000044,0.00514734798584949,3.9941084660016575,28574.0
1883,11.0,846658,0.050000000000000044,0.005126905707835123,3.9942859880540564,28596.0
1884,6.0,846989,0.050000000000000044,0.005164445371203845,3.982406909372151,28606.7
1885,8.0,847441,0.050000000000000044,0.004691931485781545,3.9989687199086212,28621.1
1886,17.0,848117,0.050000000000000044,0.004785124640966925,4.009283978558151,28642.9
1887,11.0,848595,0.050000000000000044,0.0049560609104104,3.9769725360630943,28658.0
1888,14.0,849247,0.050000000000000044,0.005182250084332619,3.979270883133075,28678.8
1889,19.0,849684,0.050000000000000044,0.004851519119381282,3.989471289331362,28692.9
1890,9.0,850064,0.050000000000000044,0.005136379936256593,3.99763735909211,28704.7
1891,7.0,850435,0.050000000000000044,0.005115848869923753,4.008922375116065,28716.5
1892,4.0,850778,0.050000000000000044,0.005235800990677349,3.9986512577568476,28727.4
1893,18.0,851282,0.050000000000000044,0.005039135068410173,3.9889408260110826,28743.6
1894,11.0,851808,0.050000000000000044,0.004927087124807144,4.002279327396204,28760.5
1895,8.0,852227,0.050000000000000044,0.005128511659432034,3.9790375773263715,28774.0
1896,20.0,852875,0.050000000000000044,0.005280332071659943,3.9842867689368164,28794.6
1897,9.0,853510,0.050000000000000044,0.005246544228481701,3.974579123249204,28814.4
1898,9.0,853938,0.050000000000000044,0.004561151785310358,3.9548634140290946,28827.9
1899,8.0,854449,0.050000000000000044,0.005016516870864596,3.9485964079892333,28844.6
1900,13.0,854796,0.050000000000000044,0.004936041696915022,3.9510789144279634,28855.5
1901,10.0,855314,0.050000000000000044,0.0045069080746452175,3.943827225434734,28872.1
1902,18.0,855728,0.050000000000000044,0.004880499177677602,3.9327619824432523,28885.4
1903,19.0,856142,0.050000000000000044,0.005014074274005845,3.9243360907559235,28899.0
1904,9.0,856450,0.050000000000000044,0.005301990320636927,3.928824141428068,28908.8
1905,8.0,856875,0.050000000000000044,0.005145056965103483,3.9231942827561324,28922.5
1906,21.0,857407,0.050000000000000044,0.004326889374997131,3.9327379675736105,28939.6
1907,10.0,857786,0.050000000000000044,0.00440032238823836,3.9211039083928734,28952.1
1908,10.0,858244,0.050000000000000044,0.004947122990526869,3.947959959767271,28966.8
1909,13.0,858829,0.050000000000000044,0.004785396591123417,3.938176817364163,28985.6
1910,9.0,859295,0.050000000000000044,0.00493068191662027,3.924241438955708,29000.3
1911,13.0,859855,0.050000000000000044,0.005180896260052188,3.9126154231173653,29019.5
1912,6.0,860181,0.050000000000000044,0.004573265739796581,3.94804732492365,29029.8
1913,11.0,860625,0.050000000000000044,0.005140294415272168,3.9162505741591924,29044.3
1914,15.0,861057,0.050000000000000044,0.0046937961357158475,3.9336607699041015,29058.2
1915,12.0,861612,0.050000000000000044,0.004670846162716279,3.924486306766132,29075.9
1916,19.0,862245,0.050000000000000044,0.0048558379988381745,3.9412402564315436,29096.1
1917,12.0,862816,0.050000000000000044,0.004693106782415493,3.9392003386743015,29114.3
1918,12.0,863262,0.050000000000000044,0.005429419803990661,3.927613363672265,29128.4
1919,7.0,863657,0.050000000000000044,0.005073163012938598,3.961230365535881,29140.9
1920,19.0,864249,0.050000000000000044,0.004887598732976413,3.938891706031722,29159.5
1921,12.0,864863,0.050000000000000044,0.00527122317804236,3.9430794300396204,29179.6
1922,11.0,865386,0.050000000000000044,0.005382167782419028,3.949581871980919,29196.6
1923,7.0,865789,0.050000000000000044,0.004784097896759438,3.962271912813778,29209.6
1924,9.0,866220,0.050000000000000044,0.004629001035970871,3.9724854344281684,29223.2
1925,17.0,866756,0.050000000000000044,0.005070838636767341,3.986378632819475,29240.1
1926,9.0,867240,0.050000000000000044,0.005057909812399163,3.981142407606456,29255.3
1927,17.0,867856,0.050000000000000044,0.005542013725770831,3.9774191259563745,29275.3
1928,8.0,868272,0.050000000000000044,0.004886817502035858,3.963878040130322,29288.5
1929,8.0,868666,0.050000000000000044,0.005374531175641031,3.95814412075856,29301.4
1930,26.0,869323,0.050000000000000044,0.0052398119582135454,3.9659369623280005,29325.6
1931,27.0,870133,0.050000000000000044,0.004948620979507442,3.9564200675046,29352.0
1932,12.0,870568,0.050000000000000044,0.004752614860417557,3.9762394028148433,29366.9
1933,10.0,871045,0.050000000000000044,0.004482543838856668,3.9898415541498915,29382.6
1934,7.0,871427,0.050000000000000044,0.005004183614458303,3.9698849229912483,29395.1
1935,14.0,872015,0.050000000000000044,0.005548317905208159,3.9709082598588905,29414.3
1936,16.0,872463,0.050000000000000044,0.005024552553420237,3.965719553508929,29429.1
1937,22.0,872926,0.050000000000000044,0.004980639986277479,3.965123136924101,29445.3
1938,5.0,873216,0.050000000000000044,0.005276684140272696,3.9491173604439043,29454.9
1939,8.0,873638,0.050000000000000044,0.005425829818015432,3.955608145320585,29468.7
1940,15.0,874060,0.050000000000000044,0.005053679262380605,3.950822839804735,29482.6
1941,16.0,874385,0.050000000000000044,0.004957376304440773,3.9401737330510067,29493.1
1942,7.0,874772,0.050000000000000044,0.004942078286546068,3.9887752126353657,29506.0
1943,14.0,875267,0.050000000000000044,0.00506781941077512,3.943301373780376,29521.6
1944,7.0,875679,0.050000000000000044,0.004978451042580735,3.9597330793593692,29535.8
1945,9.0,876025,0.050000000000000044,0.0053203704281080235,3.963602119098509,29546.7
1946,13.0,876601,0.050000000000000044,0.005137661876182796,3.991514191031456,29565.6
1947,26.0,877040,0.050000000000000044,0.0050456184545926465,3.9809153981523795,29579.4
1948,12.0,877510,0.050000000000000044,0.004997102891223783,3.964713372575476,29594.8
1949,11.0,877894,0.050000000000000044,0.004426880052354439,3.9786511342972517,29608.2
1950,8.0,878295,0.050000000000000044,0.005075085534542298,3.9752880444847736,29621.1
1951,10.0,878645,0.050000000000000044,0.005718964765879459,3.966334968975612,29632.2
1952,18.0,879319,0.050000000000000044,0.004870473169542031,3.9728499658029937,29653.5
1953,13.0,880019,0.050000000000000044,0.005045407930156216,3.988960508959634,29675.6
1954,25.0,880710,0.050000000000000044,0.005075833049242947,3.981755132785582,29697.3
1955,22.0,881370,0.050000000000000044,0.0050956053318893255,3.9602871880386816,29718.5
1956,5.0,881665,0.050000000000000044,0.005452177055985114,3.984210505727994,29728.0
1957,13.0,882258,0.050000000000000044,0.005420982470173659,3.9757823839557513,29746.8
1958,12.0,882817,0.050000000000000044,0.005031272326845989,3.975475148352826,29764.2
1959,19.0,883338,0.050000000000000044,0.005190798283452722,3.9892264561094843,29780.9
1960,11.0,883785,0.050000000000000044,0.005034673731655333,3.9867003380052197,29795.1
1961,21.0,884168,0.050000000000000044,0.0045451166116761395,3.996998973677115,29807.3
1962,7.0,884540,0.050000000000000044,0.00439866355955801,4.024489796930744,29819.1
1963,9.0,884967,0.050000000000000044,0.00563909803515527,4.023147003991263,29832.6
1964,12.0,885437,0.050000000000000044,0.0050786656432814815,4.011824642343724,29847.6
1965,10.0,885912,0.050000000000000044,0.005601334788248335,4.026519850178769,29862.9
1966,6.0,886291,0.050000000000000044,0.0047689409758207586,4.017180710165985,29875.2
1967,19.0,887063,0.050000000000000044,0.005066146939290793,4.031645623822286,29900.3
1968,13.0,887645,0.050000000000000044,0.004768343088581127,4.03075758247441,29918.9
1969,13.0,888144,0.050000000000000044,0.005157149849899994,4.0383818498355355,29935.2
1970,7.0,888517,0.050000000000000044,0.004625540123078922,4.060885427464749,29947.6
1971,19.0,889035,0.050000000000000044,0.005525064640602054,4.03821933775795,29964.1
1972,10.0,889538,0.050000000000000044,0.005492395010386144,4.0515713990327145,29980.0
1973,7.0,889924,0.050000000000000044,0.005157397540015955,4.060260715879925,29992.1
1974,9.0,890356,0.050000000000000044,0.0048446140097911225,4.056433884633912,30006.1
1975,22.0,890887,0.050000000000000044,0.005009095194809167,4.047392952913619,30023.0
1976,14.0,891472,0.050000000000000044,0.005553162490558994,4.052751224876469,30041.5
1977,7.0,891820,0.050000000000000044,0.00568684947880349,4.037512424348415,30052.9
1978,5.0,892112,0.050000000000000044,0.005471045194011922,4.061436662935231,30062.5
1979,21.0,892672,0.050000000000000044,0.004753272110039169,4.053856907572065,30080.4
1980,5.0,892983,0.050000000000000044,0.0049133477985209085,4.055038256660535,30090.8
1981,15.0,893526,0.050000000000000044,0.004703262316480683,4.047193881117398,30107.7
1982,22.0,894040,0.050000000000000044,0.00538326768489493,4.043022818138628,30123.7
1983,5.0,894353,0.050000000000000044,0.005997178140661706,4.060207710479395,30133.6
1984,6.0,894682,0.050000000000000044,0.005079666930703747,4.058169385944819,30144.3
1985,10.0,895193,0.050000000000000044,0.004785824102329531,4.038786531661121,30160.5
1986,12.0,895512,0.050000000000000044,0.005063144095989417,4.032371359559062,30171.2
1987,11.0,895923,0.050000000000000044,0.005055798589276861,4.040359484308247,30184.6
1988,17.0,896454,0.050000000000000044,0.0057307256652277296,4.01276046003999,30202.6
1989,3.0,896679,0.050000000000000044,0.005044109649542305,4.032490454779731,30211.9
1990,8.0,897086,0.050000000000000044,0.0051635911442792495,4.018988982465402,30225.2
1991,7.0,897475,0.050000000000000044,0.00467380100264451,4.025115747991135,30238.1
1992,13.0,898175,0.050000000000000044,0.0050526698726961125,4.029236950533731,30261.8
1993,14.0,898669,0.050000000000000044,0.005056064354745022,3.9936431858703676,30278.2
1994,10.0,899043,0.050000000000000044,0.005874319834993246,4.021019607304252,30290.4
1995,10.0,899415,0.050000000000000044,0.006215089582212229,3.9943193402341617,30302.3
1996,18.0,899943,0.050000000000000044,0.005160342664704799,4.032607420827404,30319.4
1997,19.0,900465,0.050000000000000044,0.005079349456087354,4.03764805802897,30335.9
1998,16.0,901014,0.050000000000000044,0.005184718056112012,4.036152080977115,30353.2
1999,17.0,901845,0.050000000000000044,0.005208199227225398,4.017882238082794,30379.7
2000,14.0,902465,0.050000000000000044,0.005679193177756162,4.046732907141409,30400.0
