episode,reward,steps,epsilon,avg_loss,avg_q,elapsed_sec
1,-21.0,871,0.9958675,0.0,0.0,0.6
2,-21.0,1751,0.9916875,0.0,0.0,1.4
3,-20.0,2683,0.9872605,0.0,0.0,2.1
4,-21.0,3569,0.983052,0.0,0.0,2.9
5,-21.0,4421,0.979005,0.0,0.0,3.5
6,-21.0,5354,0.97457325,0.01077878660160448,-0.016879925076213574,14.9
7,-21.0,6206,0.97052625,0.012256675087140227,-0.004923669849499183,41.6
8,-20.0,7138,0.96609925,0.011460109346175034,-0.010145163594541748,72.0
9,-21.0,7930,0.96233725,0.010935285933923334,-0.021684224016475257,102.1
10,-21.0,8968,0.95740675,0.01156986202077231,-0.0400339236944153,141.4
11,-20.0,9838,0.95327425,0.011254447620465454,-0.06188688239660756,174.6
12,-19.0,10964,0.94792575,0.011888681791201852,-0.07644290220965078,217.3
13,-20.0,11884,0.94355575,0.011332275229177985,-0.09353149870167608,250.7
14,-21.0,12858,0.93892925,0.01069130702801949,-0.11884582916263192,290.3
15,-20.0,13792,0.93449275,0.011179639392385868,-0.1362955496273536,332.7
16,-19.0,14791,0.9297475,0.011158906246646848,-0.15384273774720528,371.5
17,-21.0,15574,0.92602825,0.011230903345733696,-0.1725183385465946,402.6
18,-19.0,16629,0.921017,0.011430278292908698,-0.17936345025261433,453.3
19,-21.0,17393,0.917388,0.011594592779256726,-0.18843534875524606,495.1
20,-21.0,18308,0.91304175,0.010950143605846601,-0.20000105952955985,545.0
21,-20.0,19332,0.90817775,0.010515901135304873,-0.21612055182049517,601.1
22,-21.0,20245,0.903841,0.011557316110094773,-0.22354765251066702,649.6
23,-21.0,21069,0.899927,0.012360660663180346,-0.24422702862365733,692.4
24,-21.0,21861,0.896165,0.010555635633727203,-0.26948212320455395,733.4
25,-21.0,22732,0.89202775,0.010785997089028889,-0.2881268313503156,766.8
26,-20.0,23574,0.88802825,0.011178540703846516,-0.30733410546870243,798.3
27,-21.0,24338,0.88439925,0.011275575547957079,-0.3106684069982998,828.0
28,-21.0,25130,0.88063725,0.011250580286376575,-0.3125057845856204,859.6
29,-21.0,26151,0.8757874999999999,0.010809909799492038,-0.3311424851125648,898.0
30,-21.0,26996,0.87177375,0.011811027398243554,-0.34946525936296,930.9
31,-21.0,28103,0.8665155,0.011249637873149138,-0.36187490411674855,972.3
32,-19.0,29141,0.861585,0.011077671522353373,-0.3628675352803544,1013.0
33,-21.0,30102,0.85702025,0.01157057702973033,-0.3683881761194144,1050.3
34,-20.0,31121,0.85218,0.011102848184023476,-0.3927240338947869,1089.2
35,-20.0,32139,0.8473445,0.010548122167652186,-0.41350780275224,1129.3
36,-21.0,32964,0.84342575,0.011371245456521965,-0.4356491736209754,1161.7
37,-21.0,33845,0.839241,0.011817091728409607,-0.45013521457773875,1197.6
38,-20.0,34765,0.834871,0.01117929592664357,-0.4797715404111406,1234.6
39,-20.0,35638,0.83072425,0.010970984230297909,-0.49942398190771453,1272.0
40,-20.0,36656,0.8258887500000001,0.011397775676836003,-0.5169376656266701,1330.8
41,-21.0,37480,0.82197475,0.011298199485171282,-0.534349663743695,1376.3
42,-19.0,38493,0.8171630000000001,0.011305230476671797,-0.5591763678684404,1439.1
43,-20.0,39544,0.8121707499999999,0.010679641201759028,-0.5860685738464632,1495.9
44,-21.0,40458,0.80782925,0.01132390630054027,-0.60682367828534,1549.5
45,-21.0,41342,0.80363025,0.011971297043771499,-0.6305312082104014,1600.6
46,-20.0,42380,0.79869975,0.010752207049792493,-0.6596122829096396,1662.7
47,-21.0,43374,0.79397825,0.010642821399862397,-0.6738630711312745,1722.4
48,-21.0,44288,0.78963675,0.011145148403626614,-0.6805700736703184,1764.0
49,-19.0,45282,0.7849152500000001,0.011070432363386597,-0.6892131716312777,1806.7
50,-20.0,46125,0.780911,0.011023708290446254,-0.6924196931391,1848.7
51,-21.0,46977,0.776864,0.010308801644102241,-0.7084127288189292,1901.2
52,-21.0,47769,0.773102,0.01091307299815861,-0.7245471254743711,1953.3
53,-20.0,48658,0.76887925,0.011405957899288503,-0.7295890282190021,2008.6
54,-19.0,49635,0.7642385,0.011481467234727252,-0.7494747099393222,2070.7
55,-21.0,50538,0.75994925,0.011112152829638204,-0.7732506822774049,2129.9
56,-20.0,51440,0.75566475,0.01148948221810833,-0.7939714527050831,2188.0
57,-21.0,52321,0.75148,0.011449465313271958,-0.8040643703788688,2243.9
58,-20.0,53223,0.7471955,0.010509495909680767,-0.8051827989369961,2300.0
59,-21.0,54105,0.743006,0.010824453102431934,-0.816496311942466,2356.9
60,-20.0,54947,0.7390065,0.01124182527998059,-0.8293596171992975,2413.1
61,-19.0,55886,0.73454625,0.010521450016851413,-0.844281319675608,2473.5
62,-20.0,56819,0.7301145,0.010605230639867673,-0.8687291803978392,2534.2
63,-21.0,57731,0.7257825,0.010817904005153279,-0.8797351131705862,2595.5
64,-20.0,58754,0.72092325,0.011278597396113837,-0.8964831161359188,2663.7
65,-21.0,59664,0.71660075,0.011164202607306124,-0.9211744393621172,2723.8
66,-21.0,60604,0.7121357500000001,0.011181936438561992,-0.9381696094857885,2789.8
67,-20.0,61571,0.7075425,0.011326120486849636,-0.9490611126652179,2856.8
68,-19.0,62575,0.7027735,0.010936026739924849,-0.9723925916440933,2929.9
69,-21.0,63386,0.6989212499999999,0.011037337081370256,-0.9808009586557654,2989.7
70,-21.0,64210,0.69500725,0.01145446463868507,-0.9734858035751917,3045.1
71,-20.0,65160,0.69049475,0.01101696695219959,-0.9802039838464637,3118.2
72,-18.0,66278,0.68518425,0.010539176262709962,-1.0040008497685993,3193.4
73,-19.0,67443,0.6796504999999999,0.011491794988554743,-1.0038564359169662,3270.9
74,-21.0,68283,0.6756605,0.01148248895563137,-1.0102716493464652,3327.3
75,-21.0,69136,0.6716087500000001,0.011542010772502664,-1.009854682444967,3384.6
76,-19.0,70134,0.66686825,0.011107536158894886,-1.0146744626915765,3451.0
77,-21.0,71081,0.66237,0.011985271739323611,-1.020762074270621,3514.9
78,-20.0,72069,0.6576770000000001,0.01123567827561866,-1.0454389432422546,3581.6
79,-20.0,72911,0.6536775,0.010885542253568354,-1.0269232490708313,3639.0
80,-21.0,73785,0.649526,0.010804803020685746,-1.0378147655548164,3697.7
81,-19.0,74850,0.64446725,0.011006869418451116,-1.070698109926752,3772.6
82,-21.0,75722,0.6403252500000001,0.011003008802930741,-1.0887118232086164,3834.5
83,-21.0,76576,0.6362687499999999,0.011058678880538513,-1.0840691801256541,3891.4
84,-20.0,77492,0.63191775,0.010881431820840335,-1.093542256730092,3950.6
85,-21.0,78256,0.6282887500000001,0.011148613146591676,-1.1001935713578268,4001.7
86,-20.0,79200,0.62380475,0.0116451694879735,-1.096164340816312,4064.6
87,-20.0,80138,0.61934925,0.01164135083783514,-1.100455337623035,4125.4
88,-21.0,81024,0.61514075,0.011599566636911689,-1.1081593876229452,4183.9
89,-19.0,82023,0.6103955000000001,0.010495509930549431,-1.136855621118326,4248.3
90,-20.0,83049,0.605522,0.011005893181863478,-1.152776867906485,4331.9
91,-21.0,83813,0.601893,0.011355386285652776,-1.1510580776561616,4398.3
92,-20.0,84712,0.59762275,0.010410389040088527,-1.157415653760229,4483.3
93,-19.0,85753,0.592678,0.011189583701927472,-1.1603172582347845,4591.0
94,-21.0,86607,0.5886215,0.011068624488964856,-1.164653402720458,4674.0
95,-21.0,87399,0.5848595000000001,0.0109411172998559,-1.1650283767117395,4749.2
96,-20.0,88358,0.58030425,0.011437819701103316,-1.1752797757995017,4840.1
97,-21.0,89388,0.57541175,0.011192064608776402,-1.1788345420244828,4936.9
98,-21.0,90272,0.5712127499999999,0.01166144604049739,-1.1689888752693505,5018.7
99,-20.0,91296,0.56634875,0.010528716442494535,-1.156264704070054,5114.2
100,-21.0,92302,0.56157025,0.011448713489835517,-1.1703202815700477,5209.5
101,-20.0,93237,0.557129,0.011775023514582473,-1.1784172807785278,5274.1
102,-21.0,94063,0.5532055,0.011256876544562356,-1.1711499602973605,5333.8
103,-21.0,95005,0.5487310000000001,0.010785244779058428,-1.1645001116072295,5403.6
104,-20.0,95848,0.5447267499999999,0.010813966722363684,-1.1626754019184045,5464.7
105,-19.0,96873,0.539858,0.011002220173275684,-1.1940812931991205,5545.3
106,-21.0,97665,0.536096,0.011538312118401254,-1.210243455538846,5607.9
107,-21.0,98518,0.53204425,0.010687943029085108,-1.2089400508059986,5676.4
108,-20.0,99499,0.5273845,0.011583854674301043,-1.2421589984077197,5747.5
109,-20.0,100341,0.523385,0.011434258047537612,-1.270561753570892,5806.5
110,-21.0,101105,0.5197560000000001,0.011186464319733833,-1.282409748013731,5866.1
111,-21.0,102082,0.51511525,0.011300382809939507,-1.2855832862268328,5919.8
112,-21.0,102846,0.5114862499999999,0.010450877446047672,-1.2762655572117312,5959.8
113,-18.0,104003,0.5059905,0.010921176471887568,-1.2604668904916934,6044.8
114,-21.0,104829,0.502067,0.010315619755780176,-1.2553820497475872,6098.7
115,-21.0,105654,0.49814825000000007,0.010941560477217673,-1.2723107528686524,6150.3
116,-21.0,106538,0.49394925,0.011166862193306058,-1.2922433122520534,6202.1
117,-19.0,107478,0.48948425000000007,0.010654365804440843,-1.3178849570294644,6253.2
118,-20.0,108502,0.48462025,0.01088323602851915,-1.3382018450647593,6310.8
119,-21.0,109384,0.48043075,0.01145321386255817,-1.3491077798834734,6360.8
120,-20.0,110250,0.47631725,0.01171226175718373,-1.3661136289942346,6406.2
121,-21.0,111014,0.47268825000000003,0.011721076407106849,-1.3811603399159396,6445.5
122,-21.0,111917,0.468399,0.012491485061034239,-1.4010691060576328,6493.4
123,-21.0,112743,0.46447549999999993,0.013407332064007741,-1.4233414878568118,6538.6
124,-20.0,113693,0.459963,0.013139588912569085,-1.4408453398001821,6586.9
125,-21.0,114547,0.4559065000000001,0.01295748866158832,-1.4442627170326001,6632.5
126,-21.0,115371,0.4519925,0.013094850957607828,-1.4454979223823083,6677.1
127,-21.0,116163,0.4482305,0.013215597520665867,-1.4513670076625516,6719.8
128,-20.0,117006,0.44422625000000004,0.012349353964040874,-1.4278609806391127,6763.2
129,-20.0,117867,0.44013650000000004,0.012379208083508448,-1.4431219480317368,6807.4
130,-19.0,118911,0.4351775,0.011650752100109575,-1.4330510938989705,6862.8
131,-21.0,119875,0.4305985000000001,0.011391027645170264,-1.4605881916784151,6912.4
132,-21.0,120718,0.42659424999999995,0.010399666914499828,-1.4919736352820978,6963.4
133,-19.0,121773,0.42158300000000004,0.009769072499892,-1.48820740826322,7034.6
134,-21.0,122537,0.41795400000000005,0.00929356001340967,-1.4646875678868818,7086.7
135,-20.0,123379,0.4139545,0.008509075513409313,-1.472510531792448,7142.8
136,-21.0,124323,0.40947050000000007,0.008239953277876277,-1.4909330905746605,7205.9
137,-20.0,125285,0.40490100000000007,0.008635647113233119,-1.4758492642529542,7270.8
138,-21.0,126290,0.40012725000000005,0.008206996359614497,-1.4769067407247438,7340.2
139,-21.0,127054,0.39649825000000005,0.0075130442358752715,-1.4726548876749908,7393.0
140,-20.0,127992,0.39204275,0.007990990017815284,-1.4583655951628045,7457.8
141,-21.0,128872,0.38786275000000003,0.007592736135682737,-1.4973048918626526,7516.6
142,-19.0,129805,0.38343099999999997,0.0074181173216738205,-1.480686606957087,7577.5
143,-19.0,130879,0.3783295,0.007406039830473697,-1.4424336299549934,7647.3
144,-21.0,131765,0.37412100000000004,0.0070411318309148395,-1.4260670475443114,7704.6
145,-21.0,132649,0.369922,0.006853347424317912,-1.4313090826591215,7762.8
146,-21.0,133561,0.3655900000000001,0.00680342096673389,-1.4510546777593463,7823.3
147,-21.0,134385,0.3616760000000001,0.006716156620084414,-1.4680962600175618,7877.6
148,-21.0,135265,0.35749600000000004,0.006549427594059539,-1.4757822463458234,7935.9
149,-20.0,136167,0.3532115,0.006577739394551242,-1.4861475350851494,7994.4
150,-20.0,137097,0.34879400000000005,0.006876899980250195,-1.4957511568582187,8057.8
151,-20.0,138060,0.34421975000000005,0.006643392761317222,-1.4869532358609256,8124.0
152,-21.0,138915,0.34015850000000003,0.006120979498557159,-1.5067240256315086,8180.9
153,-21.0,139820,0.33585975,0.006231559956708707,-1.4985302789435202,8240.8
154,-19.0,140857,0.33093400000000006,0.006305891038034256,-1.5157316292033476,8308.4
155,-21.0,141700,0.32692975,0.006306798217283984,-1.5352190445892044,8364.7
156,-19.0,142744,0.3219707500000001,0.006366181347263358,-1.5276508050403377,8436.5
157,-20.0,143720,0.31733475,0.006019610246722386,-1.513558817813631,8503.7
158,-19.0,144655,0.31289350000000005,0.0059552664828690935,-1.5330669148083038,8565.5
159,-21.0,145437,0.309179,0.005711662970483898,-1.5424046769471425,8617.7
160,-21.0,146201,0.3055500000000001,0.005716519070786475,-1.5471333984617164,8669.2
161,-21.0,147101,0.30127499999999996,0.006051541398919653,-1.5704768889480167,8730.4
162,-21.0,147925,0.297361,0.005730615536927006,-1.5976934553060718,8787.5
163,-20.0,148873,0.29285800000000006,0.006340641377077199,-1.6086459982244274,8852.6
164,-20.0,149735,0.28876350000000006,0.005905490250838813,-1.6006915426862764,8912.8
165,-21.0,150619,0.2845645,0.005467891663978481,-1.6054503561684448,8998.9
166,-21.0,151411,0.28080250000000007,0.0057105341597108615,-1.601998497590874,9058.4
167,-21.0,152299,0.2765845,0.005245492935468031,-1.59899907632991,9121.4
168,-21.0,153202,0.27229525,0.00547136364468984,-1.5911033867733555,9196.0
169,-21.0,153966,0.2686662500000001,0.00514188768562016,-1.5860265129835818,9249.8
170,-20.0,154808,0.26466675000000006,0.00553560390707737,-1.5853085423025552,9309.0
171,-21.0,155632,0.26075275,0.005216015561053459,-1.5767384518697425,9373.1
172,-21.0,156456,0.25683875,0.0051952225638036975,-1.575088520651882,9434.0
173,-21.0,157248,0.2530767500000001,0.005404800044367092,-1.573681052586045,9489.7
174,-21.0,158122,0.24892525,0.005181670931484379,-1.5807106580832457,9553.7
175,-21.0,158886,0.24529625,0.005260675543515714,-1.5866319332759418,9608.7
176,-21.0,159788,0.24101175000000008,0.005356910473664762,-1.6007809780389401,9670.6
177,-21.0,160580,0.23724975000000004,0.005032976556009604,-1.626857224889476,9728.6
178,-20.0,161446,0.23313625000000004,0.0052606705012924835,-1.6315969144774916,9789.7
179,-20.0,162473,0.22825800000000007,0.004965977371889534,-1.6164511190301138,9860.6
180,-21.0,163265,0.22449600000000003,0.004870485791880955,-1.6199521562366774,9915.3
181,-21.0,164108,0.22049175,0.005563484005254946,-1.6581307109423238,9976.1
182,-20.0,165090,0.21582725000000003,0.004494401061876114,-1.6572016007788555,10049.1
183,-21.0,165854,0.21219825000000003,0.005030005085736108,-1.6223190729530694,10101.9
184,-21.0,166661,0.20836500000000002,0.0048310472488592585,-1.6310513632595909,10159.5
185,-21.0,167472,0.20451275000000002,0.004740058339795766,-1.6132389143862649,10226.4
186,-20.0,168434,0.19994325000000002,0.004871177809395713,-1.6002126116762538,10296.3
187,-21.0,169306,0.19580125000000004,0.005239898693166276,-1.6092740965819141,10357.9
188,-21.0,170149,0.191797,0.004800168665819625,-1.6132373686787072,10415.1
189,-20.0,170991,0.18779750000000006,0.005083440601234789,-1.6183462859332702,10471.2
190,-21.0,171965,0.18317099999999997,0.005224763697588881,-1.6167448005147538,10537.0
191,-21.0,172729,0.1795420000000001,0.004848963632719184,-1.5976284712709057,10589.1
192,-21.0,173553,0.175628,0.005369409147251027,-1.5946804196799842,10646.0
193,-21.0,174379,0.17170450000000004,0.005048150755704626,-1.6045406303451943,10712.7
194,-21.0,175265,0.1674960000000001,0.00516862584867685,-1.6230875532191171,10777.6
195,-21.0,176164,0.16322575000000006,0.005087525334138759,-1.644240926051962,10846.8
196,-20.0,177085,0.15885100000000008,0.00525703107350153,-1.6422048348945593,10917.9
197,-20.0,178047,0.15428150000000007,0.005272779454297547,-1.6528076820710593,10989.7
198,-21.0,178858,0.15042925000000007,0.005180892786476187,-1.6526534507365762,11047.6
199,-19.0,179915,0.14540850000000005,0.004795830502373482,-1.66442277020966,11131.7
200,-20.0,180849,0.140972,0.004494127281679726,-1.664566153887763,11207.5
201,-21.0,181673,0.13705800000000012,0.004838830916800432,-1.6754312181067699,11278.1
202,-21.0,182465,0.13329599999999997,0.004375755335418907,-1.670543321455368,11339.6
203,-21.0,183248,0.12957675000000002,0.004785462937229771,-1.6656228608403016,11398.2
204,-21.0,184130,0.12538724999999995,0.00447201410566125,-1.6651601200741706,11467.4
205,-21.0,185010,0.12120724999999999,0.004820156593037113,-1.6786033501679247,11536.5
206,-19.0,185944,0.11677075000000003,0.004480527256522228,-1.680392116627295,11604.9
207,-21.0,186856,0.11243875000000003,0.004679695156562701,-1.6843896361819484,11672.5
208,-21.0,187681,0.10852000000000006,0.00460849901738887,-1.6883624205444798,11740.0
209,-21.0,188505,0.10460599999999998,0.004663493694237137,-1.6832571481038066,11805.7
210,-20.0,189469,0.10002700000000009,0.004526522709781312,-1.689906360202805,11876.7
211,-21.0,190289,0.0961320000000001,0.004522667015283709,-1.7009716222925884,11936.1
212,-21.0,191053,0.092503,0.00423456502804674,-1.6982087681742863,11989.2
213,-21.0,191845,0.08874100000000007,0.003938687285743513,-1.6930116126031587,12049.9
214,-21.0,192727,0.0845515,0.003995647536136121,-1.7062046731951015,12115.1
215,-20.0,193625,0.08028600000000008,0.004588383112586558,-1.7121447908851777,12190.8
216,-21.0,194531,0.07598250000000006,0.004486480911537824,-1.7318836075580673,12267.0
217,-21.0,195323,0.07222050000000002,0.00445862427420592,-1.7235795024669531,12330.7
218,-20.0,196225,0.067936,0.004167050807509662,-1.7196176776336196,12396.5
219,-21.0,197049,0.06402200000000002,0.004474040154641487,-1.7322209203995547,12460.9
220,-21.0,197892,0.06001775000000009,0.004284664651009996,-1.729357704290433,12527.8
221,-21.0,198716,0.05610375000000001,0.004078056861950792,-1.7178272652683906,12590.2
222,-21.0,199480,0.052474750000000014,0.004058750459975538,-1.73746712560429,12648.2
223,-21.0,200304,0.050000000000000044,0.004501729209224119,-1.7501146948163948,12710.0
224,-21.0,201096,0.050000000000000044,0.004360428173594751,-1.7596302166430637,12772.3
225,-21.0,201920,0.050000000000000044,0.004511882150165671,-1.7681875862542866,12833.5
226,-21.0,202744,0.050000000000000044,0.004219146589570548,-1.7594488821562053,12892.6
227,-21.0,203568,0.050000000000000044,0.0044569566807606785,-1.7598482730608542,12951.9
228,-21.0,204389,0.050000000000000044,0.004246299455098889,-1.7575255373944318,13010.8
229,-20.0,205232,0.050000000000000044,0.004409182592060899,-1.7530608888481294,13071.5
230,-21.0,206116,0.050000000000000044,0.00436255590081119,-1.7393199113699107,13138.2
231,-21.0,206997,0.050000000000000044,0.004146655696807862,-1.7312352925234566,13210.8
232,-20.0,207841,0.050000000000000044,0.004258818359902378,-1.7354807754828467,13273.2
233,-21.0,208665,0.050000000000000044,0.004213082052444309,-1.7370828008188786,13337.0
234,-20.0,209503,0.050000000000000044,0.004249631003868435,-1.7280995333678397,13401.0
235,-21.0,210286,0.050000000000000044,0.00406957667350405,-1.71839204449611,13459.5
236,-20.0,211188,0.050000000000000044,0.0041798212684349195,-1.7148683796700777,13526.0
237,-20.0,212058,0.050000000000000044,0.004263929504768698,-1.7231087402365675,13591.9
238,-21.0,213000,0.050000000000000044,0.003880150996341623,-1.7236633207134886,13659.3
239,-21.0,213811,0.050000000000000044,0.0039742982477804075,-1.7312627949932207,13716.6
240,-21.0,214603,0.050000000000000044,0.004167916724749963,-1.7393976657679586,13773.2
241,-21.0,215469,0.050000000000000044,0.003953121892867801,-1.748089936258611,13836.4
242,-21.0,216355,0.050000000000000044,0.004094301881602362,-1.744595702560976,13898.7
243,-21.0,217147,0.050000000000000044,0.004070182782162752,-1.7422849188248317,13955.2
244,-21.0,217972,0.050000000000000044,0.0038296708847381966,-1.7263760302283546,14013.0
245,-20.0,218904,0.050000000000000044,0.0038803350755906374,-1.7209868072951813,14078.3
246,-21.0,219757,0.050000000000000044,0.0040943155444313414,-1.7259216231729613,14138.5
247,-21.0,220521,0.050000000000000044,0.004157666243501227,-1.7227680185390393,14192.2
248,-21.0,221479,0.050000000000000044,0.004004203310075443,-1.7303040653529396,14257.8
249,-21.0,222322,0.050000000000000044,0.0038447545573152913,-1.7462553695144745,14317.0
250,-21.0,223174,0.050000000000000044,0.0038535378520413053,-1.7654552323997301,14376.9
251,-19.0,224156,0.050000000000000044,0.003845097766123388,-1.7952348631171249,14445.8
252,-21.0,225041,0.050000000000000044,0.003902709924143681,-1.7924758058483319,14507.9
253,-21.0,225824,0.050000000000000044,0.003861836636186807,-1.767399112992512,14563.6
254,-20.0,226829,0.050000000000000044,0.0036977691750218213,-1.7840491355355106,14633.7
255,-21.0,227803,0.050000000000000044,0.003760390634008098,-1.7818082535536137,14701.3
256,-21.0,228595,0.050000000000000044,0.004089647578788425,-1.7942971460746997,14756.1
257,-21.0,229539,0.050000000000000044,0.0038082815754023613,-1.790096607753786,14821.0
258,-21.0,230394,0.050000000000000044,0.003406322774666563,-1.7798269029249225,14880.2
259,-20.0,231231,0.050000000000000044,0.003748474804044166,-1.7814641118476895,14938.1
260,-21.0,232023,0.050000000000000044,0.0035881255844471545,-1.7888030150924066,14993.7
261,-20.0,232865,0.050000000000000044,0.003535311563480247,-1.7990678074524125,15053.1
262,-20.0,233811,0.050000000000000044,0.0038045868522132674,-1.7901950138315843,15119.1
263,-20.0,234676,0.050000000000000044,0.003796597439129541,-1.8052513045382637,15180.0
264,-20.0,235613,0.050000000000000044,0.003980093876649342,-1.7893227303168053,15248.9
265,-20.0,236560,0.050000000000000044,0.003758068708819706,-1.7966931226261063,15318.2
266,-21.0,237352,0.050000000000000044,0.0034558767030022056,-1.8047061938830096,15372.7
267,-21.0,238176,0.050000000000000044,0.003763945836467031,-1.801947966941352,15427.0
268,-21.0,238968,0.050000000000000044,0.003789754820790029,-1.815930944048997,15480.0
269,-21.0,239844,0.050000000000000044,0.0036797090178713326,-1.8120115106780779,15537.9
270,-21.0,240636,0.050000000000000044,0.0034357538066302883,-1.8168599760592585,15590.9
271,-21.0,241428,0.050000000000000044,0.0034828268426189417,-1.8323236392302946,15645.0
272,-21.0,242267,0.050000000000000044,0.003597138392209232,-1.8516965419657891,15701.1
273,-21.0,243091,0.050000000000000044,0.003566327707339598,-1.8665646055659044,15758.1
274,-21.0,243885,0.050000000000000044,0.0037398145767075413,-1.8635161461998293,15812.4
275,-20.0,244727,0.050000000000000044,0.0036547702369103185,-1.864206881251301,15871.6
276,-21.0,245519,0.050000000000000044,0.003932131432189966,-1.8535566984704046,15925.9
277,-20.0,246361,0.050000000000000044,0.0035894497606647254,-1.847506183060218,15983.2
278,-19.0,247315,0.050000000000000044,0.003290481113343533,-1.8524990702825022,16051.2
279,-21.0,248107,0.050000000000000044,0.003230993368910129,-1.8530762976769246,16108.2
280,-21.0,248959,0.050000000000000044,0.003328972205122334,-1.84836431680151,16168.1
281,-21.0,249723,0.050000000000000044,0.0037606292813287985,-1.845431370572894,16223.5
282,-21.0,250547,0.050000000000000044,0.003752191212521052,-1.8491970348416022,16282.9
283,-21.0,251399,0.050000000000000044,0.003428249542939995,-1.849186658019751,16344.6
284,-21.0,252224,0.050000000000000044,0.0032176833599100283,-1.8592029466051043,16407.6
285,-21.0,253072,0.050000000000000044,0.0033868307330195886,-1.8750212056175717,16468.6
286,-21.0,253924,0.050000000000000044,0.003314820750197833,-1.8664761269596262,16529.6
287,-20.0,254854,0.050000000000000044,0.003210469728031556,-1.8497122082658994,16596.9
288,-21.0,255721,0.050000000000000044,0.0033245103611909453,-1.8456413528635978,16656.9
289,-20.0,256648,0.050000000000000044,0.00362520584277884,-1.8497078185971372,16721.8
290,-20.0,257537,0.050000000000000044,0.003936597340163032,-1.8394653866878377,16784.4
291,-21.0,258625,0.050000000000000044,0.003502184154031591,-1.832855712293702,16862.3
292,-21.0,259417,0.050000000000000044,0.0035253354720712515,-1.8394575868592118,16917.4
293,-21.0,260394,0.050000000000000044,0.003597342524893902,-1.8484317625557265,16988.4
294,-19.0,261665,0.050000000000000044,0.0036828808145642276,-1.8443530606623244,17086.7
295,-21.0,262457,0.050000000000000044,0.0037004405466076504,-1.8405099155926945,17143.3
296,-20.0,263496,0.050000000000000044,0.0033560604243541513,-1.8453802844443152,17221.8
297,-21.0,264432,0.050000000000000044,0.003945079603497114,-1.840163263372886,17290.5
298,-21.0,265215,0.050000000000000044,0.0035775601325644655,-1.8404694810833206,17346.3
299,-21.0,265998,0.050000000000000044,0.0032726111949693843,-1.858311156964698,17402.8
300,-21.0,266906,0.050000000000000044,0.0036766785299208013,-1.8632539491033764,17469.0
301,-21.0,267898,0.050000000000000044,0.0037273957325763356,-1.8533407974868052,17540.1
302,-20.0,268742,0.050000000000000044,0.004006298029966601,-1.8616572930632045,17600.1
303,-21.0,269710,0.050000000000000044,0.004088021344952631,-1.8813603829500103,17669.2
304,-21.0,270502,0.050000000000000044,0.004427719642622796,-1.9065763157124471,17725.5
305,-20.0,271340,0.050000000000000044,0.00422352487611032,-1.912376740098284,17784.3
306,-21.0,272132,0.050000000000000044,0.0041245842066468825,-1.9008878615468439,17840.1
307,-21.0,272943,0.050000000000000044,0.00424058919058511,-1.9069036975888818,17897.3
308,-21.0,273873,0.050000000000000044,0.004396546705655994,-1.9112526309105657,17963.6
309,-21.0,274697,0.050000000000000044,0.004156216572208931,-1.9250265686836057,18023.8
310,-21.0,275489,0.050000000000000044,0.003935005681396984,-1.9309996521533137,18081.7
311,-21.0,276343,0.050000000000000044,0.003792120440466661,-1.9208099959326572,18144.1
312,-20.0,277204,0.050000000000000044,0.0035209559667022613,-1.8972143963515828,18205.6
313,-21.0,278146,0.050000000000000044,0.003616961552672515,-1.9136136059042248,18273.3
314,-21.0,279028,0.050000000000000044,0.003906500670829758,-1.9290418451875786,18335.8
315,-21.0,279848,0.050000000000000044,0.0038645962347622917,-1.909794879105033,18394.2
316,-21.0,280640,0.050000000000000044,0.0038032049066686973,-1.914461109072271,18450.4
317,-20.0,281483,0.050000000000000044,0.0036150340038083257,-1.9097933449637705,18510.5
318,-21.0,282363,0.050000000000000044,0.0036683485568077727,-1.9099537254734473,18574.5
319,-21.0,283183,0.050000000000000044,0.004150988842664491,-1.9269663703150866,18634.0
320,-21.0,284007,0.050000000000000044,0.004093288162516066,-1.935575452389069,18691.7
321,-21.0,284887,0.050000000000000044,0.0037357901803426845,-1.9406901836395263,18754.3
322,-21.0,285739,0.050000000000000044,0.003455230099312467,-1.9347645261198143,18815.2
323,-21.0,286531,0.050000000000000044,0.0033062495969734484,-1.9293066782481743,18871.8
324,-20.0,287449,0.050000000000000044,0.0035005889376189176,-1.9163986979486636,18936.9
325,-19.0,288397,0.050000000000000044,0.0033763247676366127,-1.910067948107981,19005.3
326,-21.0,289311,0.050000000000000044,0.0036110202591439315,-1.916028706850056,19057.5
327,-21.0,290103,0.050000000000000044,0.0036919386656143506,-1.916453576449192,19099.1
328,-20.0,291052,0.050000000000000044,0.0036867905261980818,-1.8921539899044217,19149.3
329,-21.0,291872,0.050000000000000044,0.003564337981444579,-1.8821840280439797,19191.3
330,-21.0,292696,0.050000000000000044,0.0035627624135477426,-1.9011113892481164,19233.8
331,-21.0,293718,0.050000000000000044,0.0032265918501816807,-1.9014958969067688,19284.7
332,-21.0,294557,0.050000000000000044,0.0036314950631659466,-1.8873650133964983,19325.9
333,-21.0,295349,0.050000000000000044,0.0034261230524715194,-1.8823976351155176,19364.3
334,-20.0,296387,0.050000000000000044,0.0036547034102947826,-1.8796836244577617,19416.0
335,-21.0,297179,0.050000000000000044,0.0036231807404111913,-1.874156711378483,19454.0
336,-21.0,297971,0.050000000000000044,0.0035325963565470612,-1.882418115933736,19492.5
337,-21.0,298819,0.050000000000000044,0.0036596115717674243,-1.8655189925207283,19534.4
338,-20.0,299661,0.050000000000000044,0.003562804892449861,-1.8348762875781206,19575.8
339,-21.0,300583,0.050000000000000044,0.0038877180176473945,-1.808245458339145,19620.9
340,-21.0,301375,0.050000000000000044,0.003915749086629167,-1.780274308089054,19660.0
341,-20.0,302217,0.050000000000000044,0.0037437595951803925,-1.764837338210851,19701.3
342,-21.0,303041,0.050000000000000044,0.0036388522586773956,-1.7744008077001108,19741.3
343,-20.0,303928,0.050000000000000044,0.003555313620030966,-1.7947865459803396,19784.2
344,-20.0,304772,0.050000000000000044,0.003692221872288385,-1.779713894094901,19826.3
345,-20.0,305726,0.050000000000000044,0.0034438391156671314,-1.7869563411366765,19873.8
346,-20.0,306658,0.050000000000000044,0.003674098845568032,-1.788366571900159,19920.7
347,-21.0,307479,0.050000000000000044,0.003649909101241131,-1.781398360099049,19960.4
348,-20.0,308321,0.050000000000000044,0.003646008435425497,-1.7787862377608474,20003.1
349,-21.0,309141,0.050000000000000044,0.003520121864467666,-1.7847270667552948,20047.7
350,-20.0,310030,0.050000000000000044,0.003529813157654335,-1.7922824674838038,20091.0
351,-21.0,310822,0.050000000000000044,0.003616250638864438,-1.7785697276845123,20130.0
352,-21.0,311614,0.050000000000000044,0.0035698445707649544,-1.7908582720491621,20169.0
353,-20.0,312475,0.050000000000000044,0.0038981375010829077,-1.8014103122981444,20211.5
354,-21.0,313323,0.050000000000000044,0.0036325650986361994,-1.8156427040977299,20252.9
355,-21.0,314143,0.050000000000000044,0.0036827168099457263,-1.8384005754459194,20294.2
356,-21.0,314935,0.050000000000000044,0.0034334779375425604,-1.8338263632372171,20343.9
357,-21.0,315761,0.050000000000000044,0.0033307762743753537,-1.8407929366495073,20389.8
358,-21.0,316553,0.050000000000000044,0.003148698023222904,-1.8577173120445676,20432.7
359,-21.0,317336,0.050000000000000044,0.0033981399920261744,-1.8573945614569944,20472.6
360,-21.0,318244,0.050000000000000044,0.003312416783002429,-1.8610723948163608,20517.1
361,-20.0,319189,0.050000000000000044,0.0029632813816769395,-1.860930224575063,20563.0
362,-19.0,320165,0.050000000000000044,0.0031285288756914614,-1.862876860943974,20609.3
363,-18.0,321301,0.050000000000000044,0.003348957649661674,-1.8541829559794614,20663.7
364,-21.0,322084,0.050000000000000044,0.0036268517617189765,-1.8546142314737937,20702.1
365,-21.0,322938,0.050000000000000044,0.003301782512874288,-1.8498294271127402,20743.2
366,-20.0,323842,0.050000000000000044,0.0035552390066435997,-1.8292817457587318,20786.5
367,-20.0,324758,0.050000000000000044,0.0037431800899382552,-1.8205361673405076,20829.8
368,-20.0,325813,0.050000000000000044,0.00400922707347111,-1.8204542887719322,20880.1
369,-19.0,326986,0.050000000000000044,0.0037177136322310337,-1.8074471046044496,20937.0
370,-21.0,327962,0.050000000000000044,0.004042227371890655,-1.7802489820073863,20983.7
371,-18.0,329139,0.050000000000000044,0.00366099597866423,-1.7729011531998369,21042.1
372,-21.0,329931,0.050000000000000044,0.003648938154418085,-1.7611131978155388,21080.2
373,-21.0,330809,0.050000000000000044,0.0036179882115318497,-1.7619055570665416,21122.2
374,-19.0,331835,0.050000000000000044,0.0032265337812555426,-1.755212539934043,21170.9
375,-19.0,332828,0.050000000000000044,0.0030103148229845516,-1.7330516491531724,21218.0
376,-17.0,334164,0.050000000000000044,0.0030617710206156433,-1.7377208291948913,21281.9
377,-21.0,335100,0.050000000000000044,0.0031567935046227947,-1.750131999198188,21327.0
378,-20.0,336165,0.050000000000000044,0.0031794923815128564,-1.75373667450578,21378.1
379,-20.0,337366,0.050000000000000044,0.0034208125654366845,-1.7397387551824617,21434.5
380,-19.0,338588,0.050000000000000044,0.003319251096673857,-1.7267545447021773,21491.6
381,-18.0,339830,0.050000000000000044,0.003402813044970933,-1.7230071025194178,21551.3
382,-18.0,341090,0.050000000000000044,0.0037987174400653215,-1.7056192943974147,21611.8
383,-17.0,342331,0.050000000000000044,0.0034542377524289522,-1.6880847756464956,21671.4
384,-18.0,343497,0.050000000000000044,0.0037713839967937193,-1.6769443527503038,21727.0
385,-18.0,344691,0.050000000000000044,0.0036712341085938234,-1.6649865798614731,21782.8
386,-19.0,345897,0.050000000000000044,0.003688338158756825,-1.6726298318375799,21838.8
387,-20.0,346969,0.050000000000000044,0.003791318279595476,-1.6631893512250773,21887.7
388,-19.0,348131,0.050000000000000044,0.003920529497364174,-1.654491325151079,21941.1
389,-20.0,349062,0.050000000000000044,0.004181741811448876,-1.661207340201553,21984.3
390,-15.0,350624,0.050000000000000044,0.004451130664321294,-1.6257401920769188,22057.5
391,-21.0,351755,0.050000000000000044,0.005054029923726605,-1.6132620105060405,22110.3
392,-15.0,353123,0.050000000000000044,0.0048888555254493786,-1.6274534311385183,22172.3
393,-19.0,354238,0.050000000000000044,0.004947186487668399,-1.6336032863155074,22224.1
394,-19.0,355346,0.050000000000000044,0.0047321362849173645,-1.645405544055498,22274.8
395,-16.0,356603,0.050000000000000044,0.005038724795686616,-1.6428185868282212,22331.8
396,-18.0,357749,0.050000000000000044,0.005165858146233523,-1.6397347223488241,22400.5
397,-19.0,358806,0.050000000000000044,0.005247976463682361,-1.626032670940446,22469.3
398,-17.0,360152,0.050000000000000044,0.0050142007333037605,-1.6472030294419753,22557.9
399,-17.0,361620,0.050000000000000044,0.004613715304419898,-1.6159897463685484,22653.4
400,-19.0,362728,0.050000000000000044,0.004561345319531351,-1.6085908744309354,22724.7
401,-20.0,364091,0.050000000000000044,0.004324664293147107,-1.6079837073321213,22812.8
402,-14.0,366054,0.050000000000000044,0.004674482148167238,-1.6004526225268325,22946.9
403,-18.0,367314,0.050000000000000044,0.004710254400861376,-1.595258790254593,23028.8
404,-20.0,368350,0.050000000000000044,0.004719038048608976,-1.5826336649393944,23095.5
405,-16.0,369883,0.050000000000000044,0.004904956495155753,-1.5816224857785697,23195.4
406,-17.0,371217,0.050000000000000044,0.005311859673651136,-1.5987453407075989,23284.2
407,-16.0,372779,0.050000000000000044,0.0049813182226089445,-1.5706024244713874,23387.7
408,-15.0,374486,0.050000000000000044,0.005044838214830802,-1.5355424737818562,23501.2
409,-16.0,376027,0.050000000000000044,0.004756742383564637,-1.519478288816988,23602.7
410,-15.0,377723,0.050000000000000044,0.004856512814753069,-1.514057548400366,23712.2
411,-18.0,379285,0.050000000000000044,0.005375292488742291,-1.5143348936387426,23814.5
412,-17.0,381014,0.050000000000000044,0.005182306671967841,-1.4741044817390023,23928.6
413,-16.0,382459,0.050000000000000044,0.004760524462731265,-1.4526750512601596,24025.3
414,-20.0,383948,0.050000000000000044,0.004548358294277535,-1.431463233571152,24122.0
415,-21.0,385120,0.050000000000000044,0.004628584910511538,-1.4276426041899282,24200.3
416,-18.0,386698,0.050000000000000044,0.005114951006833851,-1.4228475508581095,24303.9
417,-15.0,388363,0.050000000000000044,0.004965884824893116,-1.4062278403176203,24415.8
418,-17.0,389884,0.050000000000000044,0.005503498050546485,-1.402898032911352,24516.3
419,-13.0,391733,0.050000000000000044,0.00538205907708049,-1.3815009458571785,24638.1
420,-14.0,393351,0.050000000000000044,0.005353066802051607,-1.3775739625593642,24746.5
421,-17.0,394994,0.050000000000000044,0.005255345132698464,-1.3899389234752968,24854.7
422,-15.0,396673,0.050000000000000044,0.005245264506570999,-1.3799380696622157,24966.7
423,-14.0,398444,0.050000000000000044,0.0054734538882873,-1.3870388506362157,25083.0
424,-18.0,399792,0.050000000000000044,0.005041608298114481,-1.3693525880486745,25172.0
425,-17.0,401522,0.050000000000000044,0.005585879072677506,-1.343583000257525,25286.8
426,-19.0,403083,0.050000000000000044,0.005538309719403078,-1.3459516746122664,25390.4
427,-15.0,404996,0.050000000000000044,0.00509812673611028,-1.3218615273811154,25514.0
428,-18.0,406661,0.050000000000000044,0.005472669157118456,-1.2925166024102106,25621.7
429,-14.0,408534,0.050000000000000044,0.005167292256871148,-1.2716115233227332,25743.0
430,-13.0,410476,0.050000000000000044,0.005234517940932964,-1.2520656918398998,25872.2
431,-18.0,412151,0.050000000000000044,0.005153151209528711,-1.245156730466814,25984.5
432,-19.0,413852,0.050000000000000044,0.005225344219425423,-1.2209336166869607,26096.7
433,-18.0,415196,0.050000000000000044,0.005405825496598568,-1.2021271251585512,26183.6
434,-15.0,416870,0.050000000000000044,0.005441494549385671,-1.1809017843741527,26290.7
435,-14.0,418548,0.050000000000000044,0.005523221747585072,-1.1572703625363019,26399.0
436,-14.0,420412,0.050000000000000044,0.005532289983026679,-1.1084841719065102,26520.0
437,-18.0,421950,0.050000000000000044,0.005328221130222676,-1.0879239554678044,26623.6
438,-15.0,423767,0.050000000000000044,0.005235286608279924,-1.0876393618331746,26741.9
439,-10.0,425735,0.050000000000000044,0.005160804903484896,-1.0621269524279164,26868.4
440,-19.0,427294,0.050000000000000044,0.00522459671155187,-1.0428596671534471,26971.5
441,-15.0,428965,0.050000000000000044,0.005387078875190629,-1.0280311032371703,27081.4
442,-18.0,430512,0.050000000000000044,0.005366085785037447,-1.016734731952529,27186.2
443,-15.0,432342,0.050000000000000044,0.005556577223237309,-0.9969077784181293,27306.7
444,-18.0,433943,0.050000000000000044,0.005628055112952975,-0.9891566710498912,27412.2
445,-20.0,435383,0.050000000000000044,0.0054629495234823685,-0.9888446727974547,27508.4
446,-14.0,437261,0.050000000000000044,0.005607145055177591,-0.9769951454557169,27630.7
447,-13.0,439096,0.050000000000000044,0.0057126951338571045,-0.9528235471540966,27749.6
448,-12.0,441080,0.050000000000000044,0.005743424673592897,-0.9295876900695504,27878.1
449,-16.0,442934,0.050000000000000044,0.0055726043701783716,-0.9100868447634524,27997.9
450,-19.0,444309,0.050000000000000044,0.006040722112086686,-0.8877738407308405,28087.1
451,-18.0,445863,0.050000000000000044,0.005772784154456435,-0.8771421017947497,28188.8
452,-14.0,447659,0.050000000000000044,0.00550194446893019,-0.8518840719039297,28305.9
453,-17.0,449334,0.050000000000000044,0.005505846377198042,-0.8266668532499627,28415.8
454,-19.0,450964,0.050000000000000044,0.005552334035925304,-0.8192702120798497,28523.6
455,-16.0,452752,0.050000000000000044,0.005961763951100536,-0.8137413174980705,28642.0
456,-19.0,454528,0.050000000000000044,0.005547724639171491,-0.7831911466478765,28760.4
457,-17.0,456437,0.050000000000000044,0.005474168728539918,-0.7683184608981021,28886.0
458,-11.0,458573,0.050000000000000044,0.005397966849162681,-0.7392151858308789,29026.6
459,-15.0,460524,0.050000000000000044,0.0056137187577195,-0.6915611444162382,29157.1
460,-16.0,462292,0.050000000000000044,0.005374954218273757,-0.6751309782603747,29273.9
461,-15.0,464147,0.050000000000000044,0.005598023088116731,-0.6707876365621778,29394.0
462,-17.0,465840,0.050000000000000044,0.005461157802165069,-0.6536186653977657,29507.5
463,-15.0,467538,0.050000000000000044,0.005696202616796371,-0.64474258846543,29620.8
464,-15.0,469199,0.050000000000000044,0.006144223523913271,-0.6400485925470613,29730.7
465,-14.0,471094,0.050000000000000044,0.006098009963792633,-0.6168027682637791,29857.6
466,-16.0,472656,0.050000000000000044,0.005720872405237339,-0.5908012330417597,29961.2
467,-17.0,474326,0.050000000000000044,0.005722739202148855,-0.5757565599537181,30073.6
468,-16.0,476142,0.050000000000000044,0.005700117308520282,-0.5582448072928426,30200.4
469,-16.0,478022,0.050000000000000044,0.005414314934812942,-0.5215589320247478,30326.0
470,-17.0,479779,0.050000000000000044,0.005506301609388201,-0.49726430277086214,30443.1
471,-20.0,481472,0.050000000000000044,0.005285530444069579,-0.5089014021518029,30556.2
472,-18.0,483147,0.050000000000000044,0.005496021540168284,-0.5036124614459365,30669.6
473,-20.0,484647,0.050000000000000044,0.005493404512138416,-0.4946744002699852,30771.6
474,-14.0,486849,0.050000000000000044,0.005532634626453544,-0.47112603752208126,30922.5
475,-12.0,488731,0.050000000000000044,0.00559295977849447,-0.4512351872310375,31051.1
476,-9.0,491251,0.050000000000000044,0.0052188982901584715,-0.4489353330480674,31221.9
477,-16.0,492853,0.050000000000000044,0.005035079288753924,-0.43306553335895254,31331.3
478,-19.0,494370,0.050000000000000044,0.005227215442746317,-0.4258011728230478,31437.3
479,-15.0,495956,0.050000000000000044,0.005442779110439244,-0.43357182800544314,31549.7
480,-16.0,497710,0.050000000000000044,0.005377932465404267,-0.43495721960421163,31671.7
481,-19.0,499233,0.050000000000000044,0.005476918460463998,-0.4395720836604338,31776.6
482,-17.0,501027,0.050000000000000044,0.005615117478767387,-0.4274159781759399,31900.9
483,-15.0,502903,0.050000000000000044,0.005594062483631201,-0.41544026576443266,32029.2
484,-18.0,504340,0.050000000000000044,0.005396588158400998,-0.4101136415242817,32126.1
485,-18.0,505907,0.050000000000000044,0.0053932780783115895,-0.38921847320432185,32233.8
486,-16.0,507427,0.050000000000000044,0.005431448980265199,-0.3692337732467996,32340.8
487,-19.0,508922,0.050000000000000044,0.005155550066053082,-0.36882009549085115,32446.7
488,-16.0,510659,0.050000000000000044,0.005164806626559646,-0.38431239530452727,32565.3
489,-14.0,512542,0.050000000000000044,0.005134686831059949,-0.3837681651606056,32691.8
490,-15.0,514224,0.050000000000000044,0.00526588392673325,-0.37617130538583793,32803.6
491,-17.0,515694,0.050000000000000044,0.005208424582988733,-0.35245022695688977,32903.1
492,-18.0,517189,0.050000000000000044,0.00524526928881663,-0.3483785851444289,33003.6
493,-15.0,518845,0.050000000000000044,0.0052232808577023886,-0.34181074035052517,33117.3
494,-12.0,520704,0.050000000000000044,0.005242892347205823,-0.34138063487665443,33245.3
495,-17.0,522502,0.050000000000000044,0.00516216737918506,-0.3334356101024668,33368.1
496,-16.0,524153,0.050000000000000044,0.005421652296360025,-0.3473765558000769,33480.6
497,-17.0,525753,0.050000000000000044,0.005352844828230445,-0.33714011052623394,33595.6
498,-15.0,527297,0.050000000000000044,0.005058869291580984,-0.3370230381710001,33701.3
499,-18.0,528863,0.050000000000000044,0.005234465505993219,-0.33919874340828654,33807.9
500,-17.0,530411,0.050000000000000044,0.0052376470558022845,-0.3273439910599736,33913.7
501,-15.0,532160,0.050000000000000044,0.0050319114307515655,-0.3372222895858082,34032.1
502,-15.0,533990,0.050000000000000044,0.005029483879674633,-0.3506547963765801,34154.1
503,-18.0,535531,0.050000000000000044,0.005458622053990806,-0.32946326871300424,34258.1
504,-15.0,537451,0.050000000000000044,0.005443497189723227,-0.3298061243413637,34389.5
505,-19.0,538828,0.050000000000000044,0.005098012147150723,-0.3256888390777764,34481.5
506,-15.0,540593,0.050000000000000044,0.0051690125843858285,-0.305160111484379,34599.6
507,-13.0,542615,0.050000000000000044,0.005296053227356614,-0.2753554056154455,34736.0
508,-13.0,544630,0.050000000000000044,0.005352552002295852,-0.2779696480382613,34868.1
509,-12.0,546694,0.050000000000000044,0.005367259989217801,-0.2750275417758051,35003.5
510,-18.0,548562,0.050000000000000044,0.005575311111780611,-0.2722196667684477,35124.7
511,-14.0,550508,0.050000000000000044,0.005433558841002148,-0.2479167958378853,35254.5
512,-18.0,552156,0.050000000000000044,0.0056113378086593,-0.223192623556474,35362.9
513,-14.0,554072,0.050000000000000044,0.0055263387276873665,-0.22521228127333187,35488.7
514,-14.0,555934,0.050000000000000044,0.00574308225184666,-0.20551783065126547,35611.9
515,-16.0,557612,0.050000000000000044,0.005575720059016056,-0.1878581789169012,35722.3
516,-16.0,559428,0.050000000000000044,0.005511195322774076,-0.20037421683928547,35842.8
517,-17.0,561195,0.050000000000000044,0.005288274928160016,-0.2098380993518306,35960.8
518,-19.0,562899,0.050000000000000044,0.0051829065660101105,-0.18286662018079608,36075.2
519,-17.0,564558,0.050000000000000044,0.005221773835624366,-0.1549225440057979,36185.4
520,-13.0,566763,0.050000000000000044,0.005140072324834848,-0.13998965895639695,36333.0
521,-16.0,568730,0.050000000000000044,0.005254681868698584,-0.10740601985744211,36459.5
522,-15.0,570549,0.050000000000000044,0.005479862586899244,-0.094705779943052,36577.8
523,-18.0,572307,0.050000000000000044,0.0051130262394295314,-0.09246701542929078,36691.4
524,-19.0,573911,0.050000000000000044,0.005326562226763601,-0.09733482994945683,36796.5
525,-14.0,575819,0.050000000000000044,0.005545115900207389,-0.09748194974566961,36921.7
526,-15.0,577879,0.050000000000000044,0.00519904868679519,-0.08098379588308428,37058.7
527,-11.0,580300,0.050000000000000044,0.005293679533241442,-0.05426418642101456,37218.5
528,-11.0,582615,0.050000000000000044,0.005443755811564101,-0.0666416829845166,37369.1
529,-14.0,584634,0.050000000000000044,0.005544639974303217,-0.040841021468997124,37503.5
530,-17.0,586265,0.050000000000000044,0.005318944731722675,-0.028140606415034904,37608.5
531,-16.0,588064,0.050000000000000044,0.005601070892596913,-0.02102992625098433,37726.8
532,-16.0,589910,0.050000000000000044,0.00569050694443235,-0.010743063565783549,37847.3
533,-19.0,591648,0.050000000000000044,0.00558831011098129,-0.00017720371557365335,37963.7
534,-16.0,593482,0.050000000000000044,0.005413827665466023,0.001484029254591196,38086.5
535,-16.0,595380,0.050000000000000044,0.005314826481484684,0.011399757734561698,38214.0
536,-16.0,597399,0.050000000000000044,0.00508310180177604,0.03009950146769829,38350.7
537,-19.0,599025,0.050000000000000044,0.004905379353249205,0.035049710788324175,38461.5
538,-20.0,600485,0.050000000000000044,0.005078748280456774,0.03250742455296959,38559.2
539,-19.0,602010,0.050000000000000044,0.005010558192954078,0.04582317212581268,38661.2
540,-18.0,604056,0.050000000000000044,0.004901621662665665,0.058537053169167345,38801.3
541,-11.0,606170,0.050000000000000044,0.00486405262611335,0.07232132229368954,38941.0
542,-14.0,608366,0.050000000000000044,0.00485271320475044,0.08360661276618701,39086.5
543,-11.0,610492,0.050000000000000044,0.005214125667756725,0.06723233108603249,39227.4
544,-15.0,612462,0.050000000000000044,0.004842321108613012,0.057204481448533795,39363.0
545,-18.0,614063,0.050000000000000044,0.004694121402403576,0.05661632457639275,39467.4
546,-12.0,616250,0.050000000000000044,0.004923424055257103,0.07620376620024773,39612.1
547,-7.0,618741,0.050000000000000044,0.005064582504987842,0.0975932631348041,39748.9
548,-15.0,621064,0.050000000000000044,0.004864494587021936,0.11423563330135181,39864.9
549,-14.0,622938,0.050000000000000044,0.004931960762842442,0.13238533212914624,39950.3
550,-14.0,625088,0.050000000000000044,0.004986549211898819,0.12874252840010234,40047.7
551,-20.0,626788,0.050000000000000044,0.004783578863750924,0.13713961654726198,40123.2
552,-11.0,629099,0.050000000000000044,0.004983902848638999,0.16455722377768123,40224.7
553,-12.0,631042,0.050000000000000044,0.004890854726569479,0.17919315466378316,40311.1
554,-10.0,633489,0.050000000000000044,0.004839866866868958,0.2101912755758167,40418.8
555,-8.0,636197,0.050000000000000044,0.004948178295001726,0.2120668774652446,40542.4
556,-8.0,638558,0.050000000000000044,0.00508818428753175,0.2328380525273092,40655.3
557,-14.0,640427,0.050000000000000044,0.004812769351627752,0.2368001633703932,40740.8
558,-17.0,642411,0.050000000000000044,0.0049229061380115565,0.2471703980869103,40843.1
559,-16.0,644370,0.050000000000000044,0.004980056161875539,0.2419330843816064,40975.5
560,-12.0,646639,0.050000000000000044,0.004800536320493472,0.2360106479883877,41127.8
561,-13.0,648884,0.050000000000000044,0.0047679110267095865,0.23342410263113827,41277.0
562,-17.0,650880,0.050000000000000044,0.005030888968917451,0.22861499333929622,41414.2
563,-13.0,653302,0.050000000000000044,0.004921275545518213,0.23641743177961802,41580.2
564,-14.0,655639,0.050000000000000044,0.004852639338447743,0.25243794171089384,41733.7
565,-10.0,658132,0.050000000000000044,0.005037984719570551,0.2676166905590056,41899.5
566,-15.0,660004,0.050000000000000044,0.004793142956554935,0.28602137013028067,42024.2
567,-15.0,661771,0.050000000000000044,0.004768963326119207,0.27630137009983624,42141.9
568,-14.0,663742,0.050000000000000044,0.004819784029873626,0.27620432208344636,42271.4
569,-14.0,665893,0.050000000000000044,0.0048592675704901295,0.283330780438826,42410.8
570,-18.0,667718,0.050000000000000044,0.0049496940423874826,0.2806071777417235,42513.2
571,-9.0,670220,0.050000000000000044,0.004672175039026178,0.2949452933242662,42630.4
572,-12.0,672417,0.050000000000000044,0.005076972815718096,0.2907979338784678,42730.0
573,-11.0,674732,0.050000000000000044,0.004862355109083931,0.28521835044444765,42833.9
574,-15.0,676872,0.050000000000000044,0.004729038753484759,0.28720825960877067,42932.2
575,-16.0,678735,0.050000000000000044,0.004820288148705142,0.28328510893331826,43015.2
576,-15.0,680894,0.050000000000000044,0.0048941513446352485,0.2929043552944814,43112.1
577,-17.0,682596,0.050000000000000044,0.004853080780358633,0.30671828134657353,43187.9
578,-15.0,684462,0.050000000000000044,0.004801614853319645,0.3195155890257221,43274.1
579,-16.0,686479,0.050000000000000044,0.004519074978845967,0.3299233133345473,43365.3
580,-17.0,688376,0.050000000000000044,0.004672308455741266,0.3224937629168701,43452.2
581,-13.0,690696,0.050000000000000044,0.004859453102584792,0.33026479378599544,43566.3
582,-14.0,692747,0.050000000000000044,0.004955296865950494,0.3405952563028926,43663.9
583,-14.0,695029,0.050000000000000044,0.004951599188895625,0.35129636286461596,43769.7
584,-14.0,696907,0.050000000000000044,0.004811652533391875,0.3748965530127636,43861.1
585,-12.0,699320,0.050000000000000044,0.004754173891778828,0.38284286317541744,43974.7
586,-16.0,701301,0.050000000000000044,0.005020856358141933,0.39362340375728405,44070.0
587,-14.0,703369,0.050000000000000044,0.004835419920378958,0.3989382820560577,44166.9
588,-10.0,705675,0.050000000000000044,0.005020516095971745,0.4123399162152903,44284.0
589,-13.0,708003,0.050000000000000044,0.005074813217809784,0.4046472323629557,44422.4
590,-15.0,709931,0.050000000000000044,0.005167798092480096,0.4090870365083094,44547.6
591,-16.0,711746,0.050000000000000044,0.005372581921726948,0.40318166671869843,44667.8
592,-11.0,714148,0.050000000000000044,0.005240230400024717,0.39613648792488393,44827.5
593,-12.0,716186,0.050000000000000044,0.005215767232056385,0.3977857141721705,44967.6
594,-15.0,718164,0.050000000000000044,0.00489314027126837,0.4063240997530934,45102.2
595,-16.0,720202,0.050000000000000044,0.00514275109793756,0.41923916858270893,45236.8
596,-15.0,721963,0.050000000000000044,0.0049821173617259846,0.4213332730487691,45354.9
597,-17.0,723894,0.050000000000000044,0.005093630443974376,0.40836798760447707,45480.5
598,-10.0,726348,0.050000000000000044,0.005094278093656835,0.4172875416915205,45644.7
599,-14.0,728695,0.050000000000000044,0.005075129365612378,0.42008605850824765,45795.2
600,-13.0,731036,0.050000000000000044,0.004875604863509708,0.40219499310180196,45959.6
601,-20.0,732799,0.050000000000000044,0.005058844756639826,0.40395479748618246,46077.9
602,-10.0,735187,0.050000000000000044,0.0053930460496396495,0.42353717496047666,46237.1
603,-6.0,737976,0.050000000000000044,0.0051980823117390796,0.4336001127477443,46413.6
604,-13.0,740369,0.050000000000000044,0.005203217628619774,0.45307899769309967,46566.4
605,-15.0,742380,0.050000000000000044,0.005139878106871754,0.45703422451185266,46696.8
606,-9.0,744867,0.050000000000000044,0.0049531080428041685,0.45008554370421505,46859.9
607,-12.0,747372,0.050000000000000044,0.00516792691557644,0.4594685681684764,47020.5
608,-15.0,749468,0.050000000000000044,0.005174627415539265,0.45759408879769214,47156.7
609,-10.0,752096,0.050000000000000044,0.004932754881264673,0.45778217566974994,47326.7
610,-16.0,754199,0.050000000000000044,0.004818528847542161,0.43587760314791757,47465.1
611,-16.0,755999,0.050000000000000044,0.005048782446279397,0.4559366279343764,47582.4
612,-13.0,758163,0.050000000000000044,0.005142447714561075,0.45661927596450735,47724.3
613,-11.0,760273,0.050000000000000044,0.005084020241910715,0.46138536694208027,47866.5
614,-16.0,762352,0.050000000000000044,0.005400005935498896,0.4630186320813359,48000.6
615,-14.0,764288,0.050000000000000044,0.005564168959142629,0.4607127045304322,48128.5
616,-11.0,766671,0.050000000000000044,0.005465392983226208,0.4780789948265141,48285.9
617,-14.0,768983,0.050000000000000044,0.005082600850104975,0.4747819778312861,48438.7
618,-13.0,771152,0.050000000000000044,0.005120104438292078,0.46797038418953185,48582.3
619,-14.0,773323,0.050000000000000044,0.00506514989359554,0.4659724858692855,48723.5
620,-18.0,775010,0.050000000000000044,0.005295091134133883,0.46288338252334954,48839.7
621,-8.0,777481,0.050000000000000044,0.0053007591545272004,0.45986708127887854,48999.0
622,-9.0,779976,0.050000000000000044,0.005036889571292449,0.4545219757155569,49161.3
623,-14.0,782150,0.050000000000000044,0.00490969569252983,0.4581359488737068,49303.8
624,-9.0,784555,0.050000000000000044,0.00514550316958299,0.47699745448612124,49458.1
625,-13.0,786919,0.050000000000000044,0.005182107864223522,0.47955783251074163,49614.6
626,-14.0,789098,0.050000000000000044,0.00516295462829446,0.46497612200017474,49756.2
627,-17.0,791097,0.050000000000000044,0.0051786379262957795,0.4426661978786501,49886.9
628,-11.0,793795,0.050000000000000044,0.004968251747501534,0.4457102773132547,50061.8
629,-10.0,796271,0.050000000000000044,0.0049420697456101625,0.45102398022888934,50225.3
630,-10.0,798887,0.050000000000000044,0.005219783986041419,0.4456070512191418,50398.9
631,-16.0,800943,0.050000000000000044,0.005162972667754368,0.44993224045703845,50533.5
632,-12.0,803286,0.050000000000000044,0.005134189433359187,0.46720754113199364,50685.0
633,-15.0,805582,0.050000000000000044,0.005254499473181498,0.49465566571113956,50832.3
634,-12.0,807981,0.050000000000000044,0.005331982390367142,0.5130450211126837,50988.6
635,-14.0,810128,0.050000000000000044,0.005546458493025681,0.5066582779857687,51128.1
636,-10.0,812691,0.050000000000000044,0.00500737770887599,0.5086711297800799,51294.8
637,-13.0,815418,0.050000000000000044,0.0051614647487596465,0.5191228085487458,51473.4
638,-9.0,818263,0.050000000000000044,0.005313694035460083,0.5421685018103655,51660.3
639,-12.0,820817,0.050000000000000044,0.005276475986356416,0.5582709225739179,51833.4
640,-17.0,822911,0.050000000000000044,0.005260586344030772,0.5564145950356778,51974.0
641,-14.0,825096,0.050000000000000044,0.00498275773256625,0.5692177389115436,52120.6
642,-10.0,827676,0.050000000000000044,0.005147315515385753,0.5618531193266544,52292.4
643,-9.0,830448,0.050000000000000044,0.00503012163978316,0.5797000519210986,52475.7
644,-5.0,833700,0.050000000000000044,0.004752032224662822,0.5904966033857687,52684.6
645,-5.0,836826,0.050000000000000044,0.004993383673312273,0.6057078046098552,52893.1
646,-14.0,839346,0.050000000000000044,0.004904215072654927,0.6091910193836878,53061.2
647,-10.0,841781,0.050000000000000044,0.004767002490587204,0.6107633040548595,53219.0
648,-12.0,844392,0.050000000000000044,0.004927675178747486,0.6233922507583936,53386.4
649,-13.0,846792,0.050000000000000044,0.004943166573624088,0.6332539636765917,53543.3
650,-13.0,849160,0.050000000000000044,0.004897979270370686,0.6118200302400904,53694.5
651,-14.0,851595,0.050000000000000044,0.004859993049781196,0.6015268531790504,53854.8
652,-13.0,853727,0.050000000000000044,0.0053829380220593364,0.5985799884147537,53995.7
653,-14.0,855858,0.050000000000000044,0.005290834216393551,0.6133166354119861,54134.5
654,-14.0,857849,0.050000000000000044,0.0052292496327307056,0.620794198205877,54265.9
655,-7.0,860850,0.050000000000000044,0.005309728397090132,0.6320074535794593,54461.4
656,-11.0,863341,0.050000000000000044,0.005252858299572456,0.6422552740009182,54624.2
657,-7.0,866301,0.050000000000000044,0.005066592262006157,0.6548284090048558,54814.1
658,-13.0,868668,0.050000000000000044,0.004900891061617084,0.6691681861902623,54965.1
659,-10.0,871534,0.050000000000000044,0.0047551425995325655,0.6821052212026347,55146.8
660,-12.0,874199,0.050000000000000044,0.004589456404291974,0.6849996574600463,55314.9
661,-14.0,876608,0.050000000000000044,0.005071863675712897,0.6907903948429958,55468.5
662,-12.0,879291,0.050000000000000044,0.005091003137849795,0.7039874699459652,55643.9
663,-15.0,881144,0.050000000000000044,0.005089054880055603,0.7056204716836318,55762.3
664,-17.0,882842,0.050000000000000044,0.004822371828772108,0.71503082216137,55870.4
665,-15.0,885201,0.050000000000000044,0.004821382284555474,0.707601110098371,56022.4
666,-12.0,887395,0.050000000000000044,0.004693948652761043,0.7060188321004484,56162.8
667,-16.0,889422,0.050000000000000044,0.00465824263198848,0.7047595558756964,56292.9
668,-14.0,891645,0.050000000000000044,0.004663689102166011,0.72619536587423,56439.6
669,-14.0,893753,0.050000000000000044,0.00466222656571878,0.7217224827301344,56573.7
670,-10.0,896720,0.050000000000000044,0.004802805959721189,0.7104418331579524,56764.9
671,-11.0,899262,0.050000000000000044,0.004803413555243497,0.7130135982337662,56926.7
672,-17.0,901399,0.050000000000000044,0.0048187775703795975,0.717589064212285,57063.3
673,-14.0,903959,0.050000000000000044,0.00470214075826334,0.713214511575643,57228.1
674,-10.0,907056,0.050000000000000044,0.004681331767203075,0.6989399325204811,57429.3
675,-10.0,909897,0.050000000000000044,0.004524931514299508,0.7014469325815192,57613.6
676,-12.0,912216,0.050000000000000044,0.004664774959121396,0.7055304756628228,57763.3
677,-15.0,914798,0.050000000000000044,0.004843564339845617,0.698773716075027,57930.8
678,-15.0,917294,0.050000000000000044,0.004649950985903837,0.6827734549864172,58091.1
679,-17.0,919202,0.050000000000000044,0.0046030248604266785,0.679648431154667,58213.5
680,-16.0,921356,0.050000000000000044,0.004820898311192554,0.6772310002296195,58354.8
681,-10.0,923941,0.050000000000000044,0.004602361470550962,0.7017700989656799,58522.3
682,-10.0,926684,0.050000000000000044,0.0044215953445788285,0.7127005102923001,58702.1
683,-2.0,930267,0.050000000000000044,0.004345353891485078,0.721147208183197,58936.8
684,-11.0,933116,0.050000000000000044,0.004612452028974336,0.7399792547349806,59124.5
685,-15.0,935530,0.050000000000000044,0.004826689954036337,0.7655449870359631,59284.2
686,-11.0,938377,0.050000000000000044,0.004847938877292904,0.7464769173179294,59467.9
687,-11.0,940802,0.050000000000000044,0.00471006228448103,0.7486328120575738,59633.2
688,-12.0,943237,0.050000000000000044,0.004817953851605618,0.7546259652662571,59793.3
689,-17.0,945264,0.050000000000000044,0.004714612145166152,0.7392313047824497,59925.8
690,-10.0,948295,0.050000000000000044,0.004795638339706005,0.741522049626593,60126.5
691,-13.0,951062,0.050000000000000044,0.004751906211393369,0.7301628161282328,60311.8
692,-19.0,952654,0.050000000000000044,0.004857346198630365,0.7400002916853632,60418.6
693,-9.0,955602,0.050000000000000044,0.004813161572641908,0.7299547198062998,60613.0
694,-14.0,957921,0.050000000000000044,0.0047059472832116315,0.7095572014932439,60766.3
695,-11.0,960229,0.050000000000000044,0.004432696001313665,0.7017327415106408,60918.5
696,-14.0,962374,0.050000000000000044,0.004631899737580387,0.6930832977756198,61057.6
697,-12.0,964670,0.050000000000000044,0.004528248404458535,0.6913477995981323,61206.0
698,-11.0,967130,0.050000000000000044,0.004207662493037817,0.6967883601542411,61365.8
699,-13.0,969168,0.050000000000000044,0.004226280989923256,0.6969757796766948,61499.8
700,-13.0,971460,0.050000000000000044,0.0041044731393320745,0.709684681439899,61649.2
701,-13.0,973782,0.050000000000000044,0.004320685476766383,0.7167177969889842,61810.5
702,-18.0,975652,0.050000000000000044,0.0043530543863008865,0.7164313803382099,61938.5
703,-6.0,978647,0.050000000000000044,0.0043866913493385284,0.716987679677336,62143.5
704,-14.0,980961,0.050000000000000044,0.0046204320274467695,0.7176880872419608,62297.8
705,-12.0,983552,0.050000000000000044,0.004591667094639571,0.7033828424008737,62470.0
706,-11.0,986030,0.050000000000000044,0.004628239196606426,0.6859470251060668,62633.4
707,-15.0,988223,0.050000000000000044,0.004712370407121656,0.6757638910101583,62777.8
708,-13.0,990854,0.050000000000000044,0.004657859234406579,0.6686250116606712,62951.0
709,-14.0,993112,0.050000000000000044,0.004454333565207784,0.6772285554132386,63099.6
710,-11.0,995455,0.050000000000000044,0.004519671708756022,0.6873029104624352,63254.9
711,-16.0,997437,0.050000000000000044,0.004128320262771839,0.677896553253911,63385.0
712,-12.0,1000147,0.050000000000000044,0.00440209196825474,0.6853523803593048,63563.7
713,-12.0,1002344,0.050000000000000044,0.004461725962653071,0.6857557847220951,63710.3
714,-13.0,1004981,0.050000000000000044,0.004313456476312858,0.6837775169062623,63884.3
715,-1.0,1008633,0.050000000000000044,0.0044149519397456635,0.6973353515237342,64123.2
716,-10.0,1011368,0.050000000000000044,0.004520654347955064,0.6967037521942878,64288.1
717,-10.0,1013992,0.050000000000000044,0.004429664729619484,0.6941805297463406,64422.2
718,-16.0,1015950,0.050000000000000044,0.004516504493406931,0.6982211343358072,64511.9
719,-12.0,1018116,0.050000000000000044,0.004530328620593463,0.684070084550154,64614.1
720,-13.0,1020779,0.050000000000000044,0.004132209395315852,0.6765692123245843,64741.4
721,-6.0,1023381,0.050000000000000044,0.004238988530306149,0.6766589721929651,64867.7
722,-13.0,1025871,0.050000000000000044,0.004248199552315359,0.6760509512271269,64992.0
723,-10.0,1028809,0.050000000000000044,0.004340930497788122,0.6924403616163177,65142.2
724,-14.0,1031525,0.050000000000000044,0.004400872214056417,0.697486831070046,65277.7
725,-11.0,1034230,0.050000000000000044,0.004433959773152054,0.7160847956504046,65425.9
726,-15.0,1036525,0.050000000000000044,0.004422839534898088,0.7361468959737707,65545.7
727,-10.0,1039080,0.050000000000000044,0.004340750274021514,0.7477882556719323,65671.7
728,-18.0,1040777,0.050000000000000044,0.004407783553487762,0.7527136068591386,65757.3
729,-16.0,1042950,0.050000000000000044,0.004425160500446606,0.7517234794126916,65864.7
730,-14.0,1045474,0.050000000000000044,0.004454713140563779,0.7467431365357337,65984.6
731,-17.0,1047796,0.050000000000000044,0.004404113247715263,0.7303730905518051,66097.8
732,-11.0,1050714,0.050000000000000044,0.004488377229492815,0.7500521147430883,66237.5
733,-15.0,1052858,0.050000000000000044,0.00465636564000143,0.7658324058431742,66339.5
734,-8.0,1055718,0.050000000000000044,0.004633115728852222,0.761013205047254,66473.3
735,-10.0,1058824,0.050000000000000044,0.004418432764728186,0.7641465053087039,66624.6
736,-13.0,1061121,0.050000000000000044,0.004682231996039964,0.767026243492163,66733.3
737,-17.0,1063488,0.050000000000000044,0.004558602957097073,0.7719086705505168,66847.0
738,-9.0,1066045,0.050000000000000044,0.004780632130720455,0.7877995295127388,66966.3
739,-8.0,1069161,0.050000000000000044,0.00462232436953021,0.7934940386377036,67110.8
740,-11.0,1071914,0.050000000000000044,0.004710865053705989,0.8064230230995147,67244.0
741,-12.0,1074311,0.050000000000000044,0.004759734621825933,0.7954283150275847,67360.2
742,-10.0,1076790,0.050000000000000044,0.004647082566943346,0.7871585430974872,67477.1
743,-14.0,1079013,0.050000000000000044,0.00439514106684069,0.7807224236572856,67581.6
744,-12.0,1081543,0.050000000000000044,0.004394877052947828,0.7672902656402513,67700.2
745,-13.0,1084150,0.050000000000000044,0.004591836783761501,0.7720303118891948,67823.3
746,-7.0,1087189,0.050000000000000044,0.004484000671359209,0.7951284312385993,67975.9
747,-13.0,1089727,0.050000000000000044,0.0042494196734916626,0.8155486693149293,68095.0
748,-14.0,1092273,0.050000000000000044,0.004302627741399778,0.8308318151279593,68215.5
749,-9.0,1095079,0.050000000000000044,0.004069659695313368,0.8338499246370937,68346.7
750,-7.0,1098122,0.050000000000000044,0.004419261679941858,0.8431514253594395,68489.7
751,-14.0,1100522,0.050000000000000044,0.004679127857234562,0.8432649383197228,68603.2
752,-11.0,1103287,0.050000000000000044,0.004355803363435273,0.844850657861444,68732.9
753,-10.0,1106165,0.050000000000000044,0.004111605202929648,0.8530626031282132,68866.3
754,-13.0,1108580,0.050000000000000044,0.004187396077287825,0.8526736555385787,68980.6
755,-12.0,1111123,0.050000000000000044,0.0041414567465912966,0.8584836703606867,69102.2
756,-9.0,1114390,0.050000000000000044,0.0042460248209965105,0.8637126424205314,69254.6
757,-11.0,1116844,0.050000000000000044,0.004198980844611326,0.8626791007798575,69368.1
758,-18.0,1118619,0.050000000000000044,0.004423170577715033,0.8671315947049101,69450.1
759,-8.0,1121689,0.050000000000000044,0.004482103692570925,0.8611478454709441,69593.1
760,-6.0,1125102,0.050000000000000044,0.004269386737375066,0.856040334966991,69756.2
761,-13.0,1127702,0.050000000000000044,0.004260761775143552,0.8605097840841,69888.2
762,-8.0,1130666,0.050000000000000044,0.0041982192985750245,0.8372523197037006,70035.4
763,-13.0,1132955,0.050000000000000044,0.004283235541081227,0.8202487433409784,70153.4
764,-10.0,1135791,0.050000000000000044,0.004320234623748306,0.841287273277853,70300.0
765,-9.0,1138396,0.050000000000000044,0.004360044642169236,0.8461066661549164,70428.9
766,-3.0,1141988,0.050000000000000044,0.004301211076300127,0.8454649783090122,70606.5
767,-16.0,1143995,0.050000000000000044,0.004322300282626923,0.8476370102027547,70699.1
768,-11.0,1147183,0.050000000000000044,0.0044532951050333695,0.8531557783166618,70848.5
769,-12.0,1149867,0.050000000000000044,0.004096919275261948,0.8637330977110145,70972.9
770,-17.0,1151983,0.050000000000000044,0.004273079877576459,0.8628155432204894,71072.4
771,-18.0,1154135,0.050000000000000044,0.0042811464289751605,0.8577666632748004,71173.8
772,-14.0,1156476,0.050000000000000044,0.004054133639891108,0.8637672764579744,71287.2
773,-15.0,1158711,0.050000000000000044,0.0041307119332031,0.8702908219640421,71391.1
774,-13.0,1161459,0.050000000000000044,0.004311847305672617,0.8563627922552295,71536.0
775,-9.0,1164760,0.050000000000000044,0.004377989933738709,0.8621881772662177,71692.4
776,-14.0,1167259,0.050000000000000044,0.004225412734249206,0.8512454200811794,71810.5
777,-5.0,1171121,0.050000000000000044,0.0041692953347638425,0.8356545895168289,71995.5
778,-8.0,1174577,0.050000000000000044,0.003977377243110688,0.8410171961963728,72160.6
779,-16.0,1176774,0.050000000000000044,0.004122904357965611,0.842152702602192,72262.3
780,-12.0,1179922,0.050000000000000044,0.004105307885668722,0.8550603403940589,72412.4
781,-7.0,1183187,0.050000000000000044,0.004073743755300921,0.8604133251067507,72564.2
782,-12.0,1186132,0.050000000000000044,0.003882182953706887,0.8679042874653594,72709.0
783,-8.0,1188969,0.050000000000000044,0.0039571938643507415,0.8882911716038634,72843.0
784,-12.0,1191761,0.050000000000000044,0.00396910493385449,0.8840267003479182,72976.7
785,-14.0,1193932,0.050000000000000044,0.0038812364756862384,0.8739388063996137,73075.7
786,-7.0,1197334,0.050000000000000044,0.004118992669452015,0.8841422327751975,73244.6
787,-10.0,1200127,0.050000000000000044,0.004259882945692579,0.8749008413672319,73383.2
788,-7.0,1203339,0.050000000000000044,0.004249196818731534,0.8726555894907206,73529.4
789,-11.0,1205893,0.050000000000000044,0.004187639489548956,0.8810753663629877,73646.1
790,1.0,1209677,0.050000000000000044,0.004101484947585984,0.8804288081052943,73817.5
791,-7.0,1212895,0.050000000000000044,0.003977553884101849,0.8811976760533228,73965.8
792,-10.0,1215803,0.050000000000000044,0.003982249212462809,0.8783639565909581,74100.3
793,-10.0,1218964,0.050000000000000044,0.003983434934747411,0.8832958571445486,74239.6
794,-15.0,1220950,0.050000000000000044,0.00403711931852198,0.8804004726573179,74323.3
795,-6.0,1224268,0.050000000000000044,0.004206314945333559,0.8873727340127705,74475.7
796,-14.0,1226748,0.050000000000000044,0.00405794374866321,0.8953947052840263,74584.2
797,-17.0,1228798,0.050000000000000044,0.003904647260603336,0.8918811080804685,74676.3
798,-12.0,1231324,0.050000000000000044,0.003991258854996037,0.8834942982768786,74790.6
799,-8.0,1234063,0.050000000000000044,0.004059608047152283,0.8826994435027291,74918.9
800,-9.0,1237131,0.050000000000000044,0.00394633982849345,0.8874040354805789,75061.9
801,-12.0,1239531,0.050000000000000044,0.004073878692045885,0.8768520128975312,75173.9
802,-10.0,1242200,0.050000000000000044,0.003969321500823326,0.8689433257871909,75300.9
803,-6.0,1245469,0.050000000000000044,0.003978565243751143,0.8774866240219298,75455.5
804,-10.0,1248251,0.050000000000000044,0.004121262595409161,0.8848622933640744,75586.6
805,-12.0,1251182,0.050000000000000044,0.003988181730428554,0.890407768116596,75724.4
806,-8.0,1254634,0.050000000000000044,0.0040009424633443355,0.906499297462775,75888.2
807,-12.0,1256987,0.050000000000000044,0.004102150416804166,0.9053726425031069,76002.4
808,-9.0,1259687,0.050000000000000044,0.004082130705377225,0.902556934290462,76135.7
809,-6.0,1263318,0.050000000000000044,0.0039442354472789065,0.9046749032682967,76313.9
810,-9.0,1266237,0.050000000000000044,0.004001631107190563,0.9051951185894894,76458.7
811,-11.0,1269025,0.050000000000000044,0.004026339302803029,0.9140896236622864,76594.1
812,-11.0,1271395,0.050000000000000044,0.003951200581880734,0.9236464884462235,76710.6
813,-11.0,1274169,0.050000000000000044,0.0040607653429123045,0.9341420187052841,76848.2
814,-9.0,1276696,0.050000000000000044,0.004044064634926816,0.9388804068714439,76972.7
815,-7.0,1279627,0.050000000000000044,0.003920068379882558,0.9348416747350572,77117.4
816,-7.0,1282690,0.050000000000000044,0.004029276859933627,0.9305305513843695,77267.6
817,-14.0,1285058,0.050000000000000044,0.004088743797920698,0.9359070501869192,77384.6
818,-10.0,1288422,0.050000000000000044,0.003976880176806508,0.9461184289133648,77547.2
819,-8.0,1291485,0.050000000000000044,0.004339905128867642,0.9516158094796876,77693.4
820,-15.0,1294067,0.050000000000000044,0.004189568943287968,0.9473419866988495,77817.6
821,6.0,1297483,0.050000000000000044,0.004261839152485529,0.9412937364791819,77981.6
822,-10.0,1300344,0.050000000000000044,0.004238537275738564,0.928185501118633,78120.4
823,-5.0,1303633,0.050000000000000044,0.004210794175106848,0.9295754984143513,78282.7
824,-4.0,1306924,0.050000000000000044,0.004066636661189715,0.9306923163694221,78437.6
825,-15.0,1309247,0.050000000000000044,0.004051795171383725,0.9275546885747823,78545.1
826,-3.0,1312775,0.050000000000000044,0.004165047773475761,0.9303732320091892,78711.7
827,-7.0,1315625,0.050000000000000044,0.004092163227788549,0.9349176870103468,78845.3
828,-15.0,1317601,0.050000000000000044,0.004156974274068901,0.9442174572211045,78938.3
829,-12.0,1320570,0.050000000000000044,0.004146399583028233,0.9563562892911891,79078.9
830,-3.0,1323967,0.050000000000000044,0.00386507618053555,0.9771826099851112,79239.5
831,-16.0,1326585,0.050000000000000044,0.0038070576968481885,0.9891721149771335,79362.2
832,-7.0,1329586,0.050000000000000044,0.0036787214804247085,0.9903603574706094,79500.8
833,-6.0,1332407,0.050000000000000044,0.0038930524709426166,0.984172897700594,79632.1
834,-11.0,1335205,0.050000000000000044,0.0040541396243456125,0.9868450237436751,79769.2
835,-12.0,1337873,0.050000000000000044,0.0038008529171593714,0.992817822760013,79897.1
836,2.0,1341647,0.050000000000000044,0.0038741900552030618,1.0040747392537674,80079.9
837,-8.0,1344995,0.050000000000000044,0.0037248923043280077,1.0100220262185362,80239.7
838,-13.0,1347881,0.050000000000000044,0.003914450364449072,1.025384120245568,80373.8
839,-2.0,1351294,0.050000000000000044,0.0040874473475908425,1.018269956094444,80536.5
840,-10.0,1354026,0.050000000000000044,0.0038783662763030827,1.0242539256767507,80667.2
841,-7.0,1357328,0.050000000000000044,0.004050452894620599,1.0401674286117704,80820.6
842,-1.0,1360773,0.050000000000000044,0.004231028494773857,1.0635349084919181,80980.9
843,-9.0,1363627,0.050000000000000044,0.004183586627336646,1.0548141514536544,81116.7
844,-8.0,1366714,0.050000000000000044,0.004172587513746853,1.0370177448394424,81262.8
845,-15.0,1369380,0.050000000000000044,0.0042054075366081715,1.025301588113739,81391.7
846,-15.0,1372053,0.050000000000000044,0.004047349016405984,1.030140240139788,81518.8
847,-3.0,1375897,0.050000000000000044,0.004052021867445642,1.0375405460379001,81701.7
848,-7.0,1379248,0.050000000000000044,0.0040952951660855295,1.0499527995460463,81854.9
849,-3.0,1382818,0.050000000000000044,0.003934977933616412,1.0478222426914034,82017.4
850,-9.0,1386203,0.050000000000000044,0.0038868068027869966,1.0417741114138852,82169.9
851,-8.0,1389351,0.050000000000000044,0.0038655499253799817,1.0383427559647809,82315.9
852,-5.0,1392484,0.050000000000000044,0.003908082129397485,1.032717060650875,82458.3
853,1.0,1395720,0.050000000000000044,0.00379918044813542,1.0335173009536764,82604.5
854,-12.0,1398519,0.050000000000000044,0.003935670347288038,1.0382891828011256,82732.2
855,-11.0,1401061,0.050000000000000044,0.003865857207093404,1.0478630755756146,82853.6
856,-10.0,1403937,0.050000000000000044,0.003964474888731611,1.0611986416354464,82983.3
857,-15.0,1406088,0.050000000000000044,0.0039700861632040695,1.0628381784380119,83080.8
858,-10.0,1408850,0.050000000000000044,0.003957400033786585,1.0574853931062036,83208.7
859,-15.0,1410880,0.050000000000000044,0.0038143632433140936,1.0456277375444403,83299.8
860,-15.0,1413125,0.050000000000000044,0.004159138748009496,1.0447547433105502,83403.4
861,-8.0,1415698,0.050000000000000044,0.0037963466453069176,1.0523171816824755,83524.6
862,-3.0,1419149,0.050000000000000044,0.003729965118964569,1.0710465910641291,83683.0
863,-17.0,1421441,0.050000000000000044,0.003591507373336641,1.0611033751702434,83786.9
864,-13.0,1423955,0.050000000000000044,0.0037005666935391868,1.052049835641515,83900.4
865,-8.0,1426758,0.050000000000000044,0.0038370106150921136,1.051078547016876,84027.1
866,-13.0,1429474,0.050000000000000044,0.0037728655968344562,1.0398156249426602,84149.9
867,-7.0,1432811,0.050000000000000044,0.0038503534413479516,1.046136189764547,84300.2
868,6.0,1436050,0.050000000000000044,0.003645225815155393,1.0439719842627815,84445.2
869,-14.0,1438480,0.050000000000000044,0.0037689051051181454,1.0440336533044101,84580.5
870,-7.0,1441920,0.050000000000000044,0.0037406972495752366,1.0427377245973708,84853.6
871,-11.0,1444995,0.050000000000000044,0.003848867538665247,1.0506944848657624,85080.0
872,-7.0,1448093,0.050000000000000044,0.003966981062951622,1.0545788810013033,85305.3
873,-9.0,1450929,0.050000000000000044,0.003919350748633925,1.045340903786409,85511.7
874,-9.0,1453898,0.050000000000000044,0.00400559942930055,1.0448697544421037,85732.6
875,-13.0,1456669,0.050000000000000044,0.0038493454426143706,1.0504361636713497,85959.5
876,-13.0,1459332,0.050000000000000044,0.0037788622296536624,1.0395547667930236,86157.1
877,-10.0,1462040,0.050000000000000044,0.003955435027865152,1.0268204170368622,86350.6
878,-5.0,1465059,0.050000000000000044,0.0038789077230049567,1.0288426860273576,86567.9
879,-10.0,1468067,0.050000000000000044,0.0037439880944146625,1.0251978382151177,86781.8
880,3.0,1471388,0.050000000000000044,0.003919439718848107,1.0385513807125604,87016.9
881,-5.0,1474565,0.050000000000000044,0.0038706841658734,1.0533083728510215,87240.4
882,-13.0,1477005,0.050000000000000044,0.0038477838400094847,1.0647979940791599,87415.9
883,-9.0,1480169,0.050000000000000044,0.003946803936517859,1.0604154784632693,87642.2
884,-3.0,1484003,0.050000000000000044,0.003860806375934466,1.0529010418217568,87914.1
885,-5.0,1487123,0.050000000000000044,0.003688405895865379,1.0543142869495428,88138.1
886,-6.0,1490372,0.050000000000000044,0.0038909383978493737,1.0508986872942787,88374.2
887,-5.0,1493589,0.050000000000000044,0.003950114590945625,1.0482857317001062,88614.9
888,-9.0,1496202,0.050000000000000044,0.0039417878729089886,1.0450190716532515,88769.9
889,-8.0,1499628,0.050000000000000044,0.0037735478984434224,1.050119029696198,88982.9
890,-12.0,1502365,0.050000000000000044,0.0038273611779843283,1.0503462426715582,89194.8
891,-7.0,1505426,0.050000000000000044,0.0038501420988187396,1.0453980849366373,89426.9
892,-9.0,1508560,0.050000000000000044,0.0037696082442143044,1.0316746108038988,89657.0
893,-10.0,1510972,0.050000000000000044,0.003919553158429851,1.02950874687625,89821.3
894,-4.0,1514615,0.050000000000000044,0.003801488436872537,1.035108084374982,90072.2
895,-11.0,1517343,0.050000000000000044,0.0038306403045182025,1.038919695355326,90262.6
896,-11.0,1520234,0.050000000000000044,0.0039061977508223693,1.0642925774873808,90464.6
897,-5.0,1523724,0.050000000000000044,0.003814298657469924,1.0747233337693365,90701.6
898,-3.0,1527457,0.050000000000000044,0.00396568883909162,1.0654190015990836,90958.6
899,-11.0,1530375,0.050000000000000044,0.0037380670430058917,1.0653534725236926,91162.6
900,-3.0,1533729,0.050000000000000044,0.0036905408081208168,1.0589709519167065,91393.4
901,-3.0,1537032,0.050000000000000044,0.0037719676389822484,1.068497916477722,91622.2
902,-9.0,1540033,0.050000000000000044,0.0037651290300768333,1.0653066562637017,91830.0
903,-7.0,1543354,0.050000000000000044,0.0037282068595295512,1.0680761940146886,92054.8
904,-5.0,1546553,0.050000000000000044,0.0038455306550367204,1.072494686823705,92244.7
905,-9.0,1549789,0.050000000000000044,0.004072335817342726,1.0736407150775746,92399.0
906,-15.0,1551629,0.050000000000000044,0.0040326427877754095,1.081700961097427,92485.6
907,-8.0,1554466,0.050000000000000044,0.003988314095359646,1.0716823416357946,92618.1
908,-6.0,1558202,0.050000000000000044,0.003883270458345091,1.0640676488234349,92794.3
909,-4.0,1561576,0.050000000000000044,0.0040193771595032094,1.0555955028314878,92951.8
910,-7.0,1564960,0.050000000000000044,0.003851690475199257,1.0605483832934224,93106.1
911,-7.0,1567982,0.050000000000000044,0.0038249166563905537,1.0509449447881773,93244.6
912,-7.0,1571010,0.050000000000000044,0.003665122121965108,1.0540126971949675,93384.4
913,-3.0,1574889,0.050000000000000044,0.003838079969051022,1.056840333581493,93564.4
914,-9.0,1577649,0.050000000000000044,0.003972761370233206,1.0742814474563667,93691.8
915,-5.0,1580862,0.050000000000000044,0.003884966841903134,1.0871741159883126,93841.0
916,-4.0,1584201,0.050000000000000044,0.003945493344526446,1.0786264676218014,93997.0
917,-6.0,1587493,0.050000000000000044,0.004032389688173864,1.0901560806018613,94147.1
918,-6.0,1591036,0.050000000000000044,0.004187990981752156,1.0995985515838351,94309.8
919,-5.0,1594441,0.050000000000000044,0.004190167325764905,1.1081065374674075,94476.8
920,-5.0,1597759,0.050000000000000044,0.0041970560262298276,1.1109160923181778,94631.9
921,-11.0,1599835,0.050000000000000044,0.004087411473936541,1.117005697019068,94727.6
922,-13.0,1602496,0.050000000000000044,0.004073369830082234,1.1163510294258034,94852.3
923,-6.0,1605870,0.050000000000000044,0.0038981341581808752,1.1105250802948832,95011.4
924,-2.0,1609290,0.050000000000000044,0.0038205935035907795,1.1040586403935972,95172.0
925,2.0,1613136,0.050000000000000044,0.003747495877849751,1.1070973246716238,95352.2
926,-9.0,1615695,0.050000000000000044,0.0036220954146619047,1.1068381213405813,95466.3
927,1.0,1619219,0.050000000000000044,0.0038005761614409075,1.1067036150465217,95622.3
928,-5.0,1622260,0.050000000000000044,0.003905459771666122,1.1175823882981688,95779.9
929,-2.0,1625987,0.050000000000000044,0.003983713806989028,1.1182456097783242,95977.4
930,-6.0,1629564,0.050000000000000044,0.003906622913001881,1.126945564558228,96160.2
931,-13.0,1632145,0.050000000000000044,0.004015283400763161,1.1354564017262951,96286.1
932,-7.0,1635542,0.050000000000000044,0.004067283701164632,1.14030095856787,96447.5
933,-15.0,1637521,0.050000000000000044,0.003956944717146304,1.1552580773017211,96540.3
934,-10.0,1640231,0.050000000000000044,0.0039779486415162,1.163331150150827,96661.7
935,-10.0,1642557,0.050000000000000044,0.004357284591200914,1.1722219722955676,96762.5
936,-12.0,1645414,0.050000000000000044,0.0044030546750853765,1.1670561498555847,96892.6
937,-10.0,1648194,0.050000000000000044,0.004194553144671452,1.1683170179240137,97013.1
938,-11.0,1650866,0.050000000000000044,0.004106306340529731,1.1635325786819357,97130.1
939,-6.0,1653647,0.050000000000000044,0.004314910261074657,1.1644537243342408,97253.4
940,-8.0,1656771,0.050000000000000044,0.004409236107869718,1.1598480374346012,97394.7
941,-6.0,1659514,0.050000000000000044,0.00421715678493185,1.1534256369712097,97519.4
942,-11.0,1662383,0.050000000000000044,0.004066247209598518,1.1596038314306432,97650.0
943,-2.0,1666275,0.050000000000000044,0.0037739473874350477,1.1570126486431045,97829.1
944,-6.0,1669486,0.050000000000000044,0.003982466196699915,1.151794223316137,97979.2
945,-3.0,1672936,0.050000000000000044,0.003861940929833192,1.1537615464390187,98136.4
946,-9.0,1675738,0.050000000000000044,0.0037790551692078542,1.1381504025780924,98269.6
947,6.0,1679080,0.050000000000000044,0.0038431133508838584,1.1319581590713248,98423.7
948,-13.0,1681377,0.050000000000000044,0.004065173530401654,1.1336778056948509,98527.8
949,-7.0,1684272,0.050000000000000044,0.004161994613723955,1.1203023028703138,98664.3
950,-5.0,1687606,0.050000000000000044,0.0038644468884273466,1.1188765600118082,98816.2
951,-5.0,1690835,0.050000000000000044,0.0038872675476954847,1.122261487300568,98963.0
952,-2.0,1694387,0.050000000000000044,0.003887323305379313,1.1298657349805843,99124.1
953,-7.0,1697567,0.050000000000000044,0.0037619800375863826,1.1357524943239283,99271.0
954,-7.0,1700474,0.050000000000000044,0.0038561717455144326,1.154066422529388,99405.2
955,-7.0,1703868,0.050000000000000044,0.00402876775923991,1.166741196819102,99564.7
956,-6.0,1707256,0.050000000000000044,0.0041209789438629765,1.1706530401634916,99725.3
957,-9.0,1710525,0.050000000000000044,0.00406564410995839,1.168577148138328,99883.3
958,-10.0,1713157,0.050000000000000044,0.004087694209590229,1.170426781892233,100006.2
959,4.0,1716546,0.050000000000000044,0.003903129834397461,1.1643538526568522,100162.8
960,-9.0,1719356,0.050000000000000044,0.003939861017273113,1.154695594119856,100289.7
961,6.0,1723141,0.050000000000000044,0.00380481223177775,1.1558047388787314,100460.1
962,-7.0,1726593,0.050000000000000044,0.0038886326860578736,1.1413398224294946,100620.6
963,-15.0,1729194,0.050000000000000044,0.0035908415775100875,1.1288327238551472,100739.0
964,-2.0,1733074,0.050000000000000044,0.003616066039335847,1.127501842333484,100916.0
965,-8.0,1736192,0.050000000000000044,0.0037427198745657087,1.1310426534713272,101055.2
966,-8.0,1739366,0.050000000000000044,0.003608162358434602,1.1412457864316063,101202.2
967,-12.0,1741502,0.050000000000000044,0.0035073104296956554,1.1485411411479172,101303.6
968,-12.0,1744495,0.050000000000000044,0.0034851848758941325,1.1533685573120003,101440.8
969,-6.0,1747533,0.050000000000000044,0.0035397387332334464,1.153087889092623,101578.9
970,-11.0,1750614,0.050000000000000044,0.003767587803462892,1.1500710991635335,101728.8
971,-9.0,1753603,0.050000000000000044,0.003693198475666723,1.1445659891184694,101868.7
972,8.0,1756847,0.050000000000000044,0.0036802560202051048,1.1398443375173244,102023.1
973,-8.0,1759679,0.050000000000000044,0.003873142627469727,1.1376273461570174,102157.1
974,-4.0,1763121,0.050000000000000044,0.00375040428439547,1.1312942699004855,102321.3
975,-8.0,1765648,0.050000000000000044,0.003922290545405447,1.1245106423283264,102447.6
976,-7.0,1769322,0.050000000000000044,0.003688581007690953,1.1046599232118677,102624.6
977,-8.0,1772298,0.050000000000000044,0.003772147889468479,1.1002130573715574,102772.0
978,-9.0,1775224,0.050000000000000044,0.0034471506022162907,1.1061130193146793,102914.0
979,-13.0,1777598,0.050000000000000044,0.003526377157706739,1.123179067757919,103029.2
980,-10.0,1780494,0.050000000000000044,0.00359494443039779,1.1247261369302457,103167.3
981,-14.0,1782762,0.050000000000000044,0.0035457915696120415,1.1292410402754207,103274.7
982,-6.0,1785928,0.050000000000000044,0.0036806043021825677,1.1307700588894432,103424.9
983,-9.0,1788896,0.050000000000000044,0.0036330026925345815,1.1304644430784203,103568.9
984,-2.0,1792256,0.050000000000000044,0.003523175648020004,1.1253234814675082,103732.7
985,-10.0,1794838,0.050000000000000044,0.0035078461055121205,1.124764733726345,103855.5
986,-12.0,1797500,0.050000000000000044,0.0037173596856703494,1.1184785422259573,103983.3
987,-12.0,1799850,0.050000000000000044,0.003976532228345527,1.1160266844769742,104095.8
988,-8.0,1802907,0.050000000000000044,0.0038160006252728586,1.1015810004082387,104236.3
989,-2.0,1806661,0.050000000000000044,0.0037857665561018515,1.0931921079397582,104410.8
990,-3.0,1810076,0.050000000000000044,0.00380971986809125,1.0832477914990304,104569.2
991,-5.0,1813383,0.050000000000000044,0.0038004234822304754,1.0771245958583753,104726.5
992,-2.0,1817192,0.050000000000000044,0.0037726536796141704,1.0724675168231204,104900.2
993,-4.0,1820404,0.050000000000000044,0.00383004055512216,1.0747714130994244,105047.7
994,-4.0,1823460,0.050000000000000044,0.0038073152023590357,1.0762824763724317,105189.2
995,-5.0,1826620,0.050000000000000044,0.0037422010358890865,1.0864850363776655,105343.8
996,-7.0,1829508,0.050000000000000044,0.003865035616011853,1.0975980542166741,105486.7
997,-8.0,1832248,0.050000000000000044,0.00362443137666666,1.0966684219393417,105621.8
998,-6.0,1835267,0.050000000000000044,0.0036655890977813125,1.1072588121902867,105768.7
999,-4.0,1838650,0.050000000000000044,0.0038092412320920935,1.1098909085930857,105931.3
1000,-5.0,1841879,0.050000000000000044,0.003553208219456438,1.1143105150967347,106088.1
1001,-6.0,1844983,0.050000000000000044,0.0033287903047728587,1.1236331999378721,106234.6
1002,-13.0,1847731,0.050000000000000044,0.0034315236445268604,1.1304551764259867,106362.6
1003,-1.0,1851347,0.050000000000000044,0.0033644374221147,1.1414912516927034,106534.6
1004,-11.0,1854226,0.050000000000000044,0.0035124729577026234,1.1453135426196013,106668.8
1005,2.0,1857925,0.050000000000000044,0.003793668593258931,1.1422604205931286,106841.7
1006,1.0,1861647,0.050000000000000044,0.003933949223361721,1.1543443618699596,107012.9
1007,-4.0,1865232,0.050000000000000044,0.0038332390835680162,1.1660647217864937,107179.3
1008,-3.0,1868527,0.050000000000000044,0.003703890858329013,1.1648290436799682,107336.3
1009,-9.0,1871647,0.050000000000000044,0.003735187182759639,1.1591419745332157,107480.5
1010,-6.0,1874684,0.050000000000000044,0.0038188211461733066,1.1541264954467412,107620.4
1011,-6.0,1877964,0.050000000000000044,0.003893151501777139,1.1484875285589113,107770.8
1012,-11.0,1880334,0.050000000000000044,0.004017797588122192,1.1469766687994767,107877.9
1013,-1.0,1884291,0.050000000000000044,0.003635584609296174,1.150112334167171,108053.7
1014,10.0,1887201,0.050000000000000044,0.00363866222089819,1.1458257072160334,108187.7
1015,-6.0,1890539,0.050000000000000044,0.003664262952910998,1.1431656246988127,108341.9
1016,-10.0,1893584,0.050000000000000044,0.0035649587675238605,1.148690643353611,108480.5
1017,-7.0,1897183,0.050000000000000044,0.0036471003173428936,1.1566478027903924,108646.1
1018,3.0,1900975,0.050000000000000044,0.0037901755274839075,1.1626518221438433,108812.4
1019,-13.0,1903580,0.050000000000000044,0.003818075814753174,1.1640833637535914,108934.4
1020,-8.0,1906807,0.050000000000000044,0.003716067019082331,1.1667102784758794,109076.9
1021,-2.0,1910361,0.050000000000000044,0.0038927906176559344,1.1700276332956119,109231.9
1022,-2.0,1914518,0.050000000000000044,0.0036076941794422556,1.1682155982272855,109418.2
1023,-1.0,1918218,0.050000000000000044,0.003556669923426533,1.1739703464185869,109589.6
1024,-13.0,1921232,0.050000000000000044,0.0036236026016916514,1.171932569642532,109726.7
1025,-14.0,1923705,0.050000000000000044,0.0036475227048081674,1.1713554470634537,109836.7
1026,-7.0,1927180,0.050000000000000044,0.0035725182597022907,1.160344945681181,109995.1
1027,-5.0,1930721,0.050000000000000044,0.0036217574284394083,1.1580047341296646,110162.1
1028,-13.0,1933439,0.050000000000000044,0.0035579898180488037,1.1499804543869911,110285.8
1029,-9.0,1936628,0.050000000000000044,0.003471005770740896,1.1533086854262424,110434.9
1030,-2.0,1940481,0.050000000000000044,0.003481246918552141,1.1509696649416001,110615.1
1031,8.0,1943961,0.050000000000000044,0.00334688353009526,1.1461233411198375,110776.4
1032,2.0,1947950,0.050000000000000044,0.003496895423408819,1.1558440663845027,110960.9
1033,-3.0,1951518,0.050000000000000044,0.0034139212831369842,1.1708832506441216,111125.6
1034,-3.0,1955015,0.050000000000000044,0.003375570322298369,1.1866003203160223,111286.3
1035,-5.0,1958909,0.050000000000000044,0.00341138473226276,1.1858651659460513,111463.8
1036,3.0,1962255,0.050000000000000044,0.0033554144629904387,1.1916219109164978,111612.2
1037,-7.0,1965351,0.050000000000000044,0.003366410963558255,1.1891463055860165,111748.6
1038,-1.0,1968928,0.050000000000000044,0.0033426438054455347,1.196111385386384,111907.2
1039,8.0,1972352,0.050000000000000044,0.0034548399637791354,1.210081708521765,112058.3
1040,1.0,1975878,0.050000000000000044,0.0034751622096018788,1.214517314580781,112214.2
1041,-12.0,1978473,0.050000000000000044,0.0034527169518766706,1.2230760544710766,112327.9
1042,-2.0,1982368,0.050000000000000044,0.0034850980992418797,1.223578140365297,112506.7
1043,-8.0,1985554,0.050000000000000044,0.003399264767127432,1.2192793594765647,112645.6
1044,-10.0,1987960,0.050000000000000044,0.0034989502516781087,1.229164662404746,112749.5
1045,-4.0,1991444,0.050000000000000044,0.0036121639056350707,1.2322109809699207,112900.9
1046,-6.0,1994584,0.050000000000000044,0.0036183219472173257,1.2185770677153471,113036.2
1047,-9.0,1997667,0.050000000000000044,0.0036348534871132616,1.214987832503082,113170.3
1048,-11.0,2000355,0.050000000000000044,0.0034899221807877653,1.2101691563480668,113287.6
1049,-1.0,2003793,0.050000000000000044,0.0034165922941837364,1.217415382724782,113437.1
1050,-7.0,2007309,0.050000000000000044,0.003516198523839328,1.2384926757104568,113593.8
1051,-12.0,2009952,0.050000000000000044,0.0035444868850219406,1.239758365721672,113709.4
1052,2.0,2013489,0.050000000000000044,0.003401150942293549,1.2476465732053001,113863.5
1053,-8.0,2016723,0.050000000000000044,0.003418753988516443,1.24249269432246,114005.5
1054,6.0,2020186,0.050000000000000044,0.003724633633634982,1.2394942088241423,114158.8
1055,-10.0,2023150,0.050000000000000044,0.003899575858991989,1.2408844818550888,114291.8
1056,-2.0,2027189,0.050000000000000044,0.003681133706471681,1.2277759663921148,114472.9
1057,-4.0,2030441,0.050000000000000044,0.0036000191552171723,1.223025615364863,114620.3
1058,-10.0,2033174,0.050000000000000044,0.0034719294169363955,1.2218706794069487,114742.0
1059,-5.0,2036555,0.050000000000000044,0.0033420784191390417,1.226468042204698,114895.2
1060,8.0,2040042,0.050000000000000044,0.0035554086079295235,1.2284687317166385,115049.3
1061,-1.0,2044414,0.050000000000000044,0.003542292509411188,1.2534864987676992,115241.2
1062,9.0,2047457,0.050000000000000044,0.003586654442123306,1.2610334148541744,115374.0
1063,6.0,2050619,0.050000000000000044,0.0034295761497681113,1.263703251473139,115515.3
1064,-12.0,2053480,0.050000000000000044,0.0034394492454426764,1.2607948345889666,115644.3
1065,-3.0,2056901,0.050000000000000044,0.0034284946158693983,1.2589876196670866,115796.9
1066,6.0,2060794,0.050000000000000044,0.0034828346240192588,1.2605791937683286,115973.6
1067,-12.0,2063187,0.050000000000000044,0.0033671461989810457,1.266757597247776,116090.0
1068,3.0,2066710,0.050000000000000044,0.003480817697699513,1.2760866960104034,116256.1
1069,-6.0,2069799,0.050000000000000044,0.0034856064263835257,1.27045979033631,116397.6
1070,-7.0,2072820,0.050000000000000044,0.003548822315123539,1.265395436370582,116537.3
1071,6.0,2075863,0.050000000000000044,0.00347596686096226,1.267826055877114,116686.5
1072,-1.0,2079297,0.050000000000000044,0.0036394319538543426,1.2623028285501998,116862.0
1073,-9.0,2082215,0.050000000000000044,0.0037362549778205204,1.271625275845557,117008.8
1074,-8.0,2085354,0.050000000000000044,0.0034955848857421306,1.2897355947649451,117159.9
1075,-2.0,2088995,0.050000000000000044,0.003481728098199779,1.2895916768791453,117331.8
1076,-9.0,2091826,0.050000000000000044,0.0036295681007710427,1.2790820097510616,117461.2
1077,-11.0,2094819,0.050000000000000044,0.003718203186492208,1.2765141359508296,117596.7
1078,-7.0,2098382,0.050000000000000044,0.003470028609040928,1.2748180625815422,117752.8
1079,-12.0,2101039,0.050000000000000044,0.003502989329072925,1.2798964937333555,117870.1
1080,-4.0,2104865,0.050000000000000044,0.0034360457185945623,1.282462772653792,118041.3
1081,-2.0,2108390,0.050000000000000044,0.0032117966323404025,1.289763271216805,118199.0
1082,-4.0,2111682,0.050000000000000044,0.0032040356885483243,1.2989125155446597,118345.7
1083,-10.0,2114740,0.050000000000000044,0.0032703527948915643,1.2967825116013452,118481.8
1084,-3.0,2117995,0.050000000000000044,0.003378612480025106,1.2920318907490158,118626.1
1085,-6.0,2121175,0.050000000000000044,0.0033607623222560046,1.282899081407103,118770.1
1086,-8.0,2124292,0.050000000000000044,0.003428274917283015,1.2864482310631353,118910.1
1087,3.0,2127732,0.050000000000000044,0.0033530840854689094,1.281847026285737,119060.5
1088,1.0,2131053,0.050000000000000044,0.00333708275530146,1.2874466890457414,119205.6
1089,-4.0,2134526,0.050000000000000044,0.003240948661555046,1.2800977566109726,119363.2
1090,-7.0,2137650,0.050000000000000044,0.0033050173650771915,1.264611338760117,119498.2
1091,-2.0,2141161,0.050000000000000044,0.0033725754511177227,1.2597980193010732,119651.8
1092,-3.0,2145303,0.050000000000000044,0.00326401362026019,1.254723364520568,119836.3
1093,-4.0,2148404,0.050000000000000044,0.0033847549541193996,1.239579250642616,119971.2
1094,-6.0,2151796,0.050000000000000044,0.00339723655868099,1.244679960720944,120122.0
1095,-1.0,2155358,0.050000000000000044,0.0032726640495688536,1.2501979758403463,120282.5
1096,-3.0,2158701,0.050000000000000044,0.0032506188924695,1.2432421442280621,120431.2
1097,8.0,2161796,0.050000000000000044,0.0034065214324079046,1.2425279319575222,120570.9
1098,-5.0,2165065,0.050000000000000044,0.0036547254215199164,1.2416591981603087,120718.6
1099,-5.0,2168043,0.050000000000000044,0.003595340842871096,1.2473154181278017,120854.1
1100,3.0,2171490,0.050000000000000044,0.003540442419215558,1.2434574867768118,121008.6
1101,-3.0,2175055,0.050000000000000044,0.003488867963957476,1.2299827251327322,121169.3
1102,-2.0,2178502,0.050000000000000044,0.003568934421501497,1.220573472119014,121323.9
1103,-1.0,2182124,0.050000000000000044,0.0037569723603128463,1.223016036685694,121485.2
1104,-2.0,2185650,0.050000000000000044,0.0035148703887425015,1.2252054861744086,121638.9
1105,-8.0,2188682,0.050000000000000044,0.003524758557506897,1.233200620653447,121770.6
1106,-11.0,2191594,0.050000000000000044,0.0036862914639041863,1.2356402579039991,121897.5
1107,-5.0,2194711,0.050000000000000044,0.003668961521748045,1.2415613827890488,122032.3
1108,-12.0,2197380,0.050000000000000044,0.0038751670318145693,1.2376121032010219,122148.2
1109,-12.0,2200076,0.050000000000000044,0.003985089070017889,1.2293686284863277,122264.0
1110,-13.0,2202851,0.050000000000000044,0.003825102343658187,1.217542897258793,122385.6
1111,-2.0,2206132,0.050000000000000044,0.0036655473496762913,1.2034154985053478,122530.8
1112,2.0,2209587,0.050000000000000044,0.003659746287422263,1.1960037238863546,122682.7
1113,7.0,2212664,0.050000000000000044,0.0037259346822954395,1.192471881365288,122817.4
1114,-15.0,2215148,0.050000000000000044,0.003645030031089998,1.1944286315529435,122927.1
1115,-1.0,2218643,0.050000000000000044,0.0035432610413637837,1.1928914425710753,123081.5
1116,-4.0,2221857,0.050000000000000044,0.0033137746931376213,1.1872305068156699,123220.9
1117,8.0,2225304,0.050000000000000044,0.0033146031129456005,1.1829856777315664,123377.8
1118,-1.0,2228502,0.050000000000000044,0.0033606416049004654,1.1911792863973458,123518.1
1119,-9.0,2231129,0.050000000000000044,0.003321568116668518,1.1884927639590954,123631.0
1120,7.0,2234266,0.050000000000000044,0.003428903287823262,1.1899989284373105,123770.7
1121,11.0,2237077,0.050000000000000044,0.0033698712704576983,1.1985089676696523,123895.0
1122,7.0,2240113,0.050000000000000044,0.00330239924216,1.197439622973265,124026.8
1123,2.0,2243212,0.050000000000000044,0.003370013047154258,1.2018945147122595,124165.7
1124,-12.0,2246020,0.050000000000000044,0.0032363743310353283,1.2021067243950319,124288.7
1125,2.0,2249765,0.050000000000000044,0.003353296452356087,1.2048761731951196,124459.8
1126,5.0,2252689,0.050000000000000044,0.0032450139277538847,1.2103833935736958,124588.6
1127,5.0,2256131,0.050000000000000044,0.0033424999361784985,1.1977679039904159,124737.7
1128,-10.0,2258737,0.050000000000000044,0.0033078501735967054,1.2034229914088115,124854.2
1129,-3.0,2261980,0.050000000000000044,0.003448863276180668,1.1975497633191197,124995.2
1130,2.0,2265404,0.050000000000000044,0.003464216423096425,1.1892354182341947,125147.0
1131,4.0,2268589,0.050000000000000044,0.0032328497945021085,1.1940373234135016,125288.5
1132,2.0,2272318,0.050000000000000044,0.0033071097519204893,1.1873926024201664,125450.4
1133,2.0,2275398,0.050000000000000044,0.003324778012378752,1.1908925867893478,125583.1
1134,-1.0,2278983,0.050000000000000044,0.0032032286303249062,1.1851138993120924,125739.2
1135,-6.0,2282178,0.050000000000000044,0.0033464161683703264,1.193470983717923,125878.3
1136,-4.0,2285480,0.050000000000000044,0.003213000097554947,1.2045110227446496,126021.8
1137,3.0,2288685,0.050000000000000044,0.0031299604444042454,1.2053349809601972,126166.3
1138,7.0,2291559,0.050000000000000044,0.0030927738437095138,1.2037601155917845,126294.7
1139,7.0,2295109,0.050000000000000044,0.0030969776076422086,1.203866598337469,126450.0
1140,-1.0,2298610,0.050000000000000044,0.003208894655916476,1.2113892180992514,126604.2
1141,4.0,2302070,0.050000000000000044,0.0031074898950843076,1.2077787049932975,126756.0
1142,6.0,2305640,0.050000000000000044,0.0032287659093457816,1.2065936680100544,126917.0
1143,-9.0,2308199,0.050000000000000044,0.0031107793513869436,1.210319431138346,127029.2
1144,-3.0,2311321,0.050000000000000044,0.003222466781106733,1.2100761057970082,127165.1
1145,-7.0,2314325,0.050000000000000044,0.003314883638850442,1.2071594884805132,127293.4
1146,5.0,2317286,0.050000000000000044,0.0032327739587204632,1.2047603153288666,127421.2
1147,-1.0,2320814,0.050000000000000044,0.0029986558455883847,1.2030575134519006,127575.7
1148,-13.0,2323177,0.050000000000000044,0.003344578701273924,1.1980816800111036,127680.9
1149,14.0,2325603,0.050000000000000044,0.0032699642967126967,1.1911619239274078,127786.3
1150,8.0,2329032,0.050000000000000044,0.003164872840177523,1.2038005890113406,127940.4
1151,11.0,2331630,0.050000000000000044,0.003403149892814336,1.2111053281650808,128054.4
1152,-4.0,2334931,0.050000000000000044,0.003235163729005459,1.211255013292683,128203.1
1153,-2.0,2337917,0.050000000000000044,0.0032590322286797104,1.2174797688685084,128332.7
1154,2.0,2341094,0.050000000000000044,0.0032749888126041857,1.2300556192317023,128470.8
1155,2.0,2344158,0.050000000000000044,0.0032763693569318178,1.2314704407016228,128606.3
1156,3.0,2347516,0.050000000000000044,0.0033485150191107263,1.2340350758113485,128754.6
1157,5.0,2350850,0.050000000000000044,0.003266650096381482,1.2296948432743584,128901.0
1158,4.0,2354314,0.050000000000000044,0.0032642925382790336,1.232841802971743,129049.6
1159,10.0,2357306,0.050000000000000044,0.0032614793985909943,1.2314583300587965,129184.0
1160,4.0,2360757,0.050000000000000044,0.0031772172594532965,1.2344355980440072,129338.8
1161,6.0,2363816,0.050000000000000044,0.003181399933649556,1.2464784393906008,129473.9
1162,1.0,2367698,0.050000000000000044,0.002981210191205918,1.249088277956802,129644.7
1163,7.0,2370792,0.050000000000000044,0.0031928761645623424,1.2549732605256645,129780.8
1164,8.0,2373674,0.050000000000000044,0.0031653031178699685,1.2584934172160422,129905.7
1165,11.0,2376524,0.050000000000000044,0.003252404759221367,1.258008502157111,130029.0
1166,4.0,2379992,0.050000000000000044,0.0031004793625642522,1.2567700899389789,130182.6
1167,7.0,2382712,0.050000000000000044,0.0031810161407145854,1.2550817741628955,130306.4
1168,12.0,2385842,0.050000000000000044,0.0029955520393076195,1.246282016507353,130444.2
1169,-5.0,2388635,0.050000000000000044,0.0030701904044300853,1.2468410556648437,130574.7
1170,5.0,2392136,0.050000000000000044,0.003152042897897968,1.2497932968804306,130734.9
1171,-1.0,2395907,0.050000000000000044,0.0029659822324312607,1.248154827689214,130922.4
1172,10.0,2398681,0.050000000000000044,0.0030047100607620346,1.2485229428844136,131049.5
1173,4.0,2402123,0.050000000000000044,0.0032514868166258035,1.250991886642906,131201.1
1174,-2.0,2405490,0.050000000000000044,0.003140848597334554,1.258491155298945,131346.5
1175,6.0,2408685,0.050000000000000044,0.003149322408134138,1.2675469274625346,131485.2
1176,-9.0,2411317,0.050000000000000044,0.0031139928432047724,1.2720001544180612,131603.3
1177,-1.0,2415082,0.050000000000000044,0.0031117461172333245,1.266037815468878,131770.0
1178,4.0,2418256,0.050000000000000044,0.003133491519946771,1.2668397398061098,131907.8
1179,8.0,2420893,0.050000000000000044,0.0030959559388801837,1.2717830927750808,132022.6
1180,6.0,2423893,0.050000000000000044,0.003090799995504009,1.2722133040030796,132153.7
1181,2.0,2427312,0.050000000000000044,0.003023588465792695,1.2673933438719207,132302.8
1182,12.0,2429981,0.050000000000000044,0.0028273978275998885,1.2628939162483372,132421.3
1183,-11.0,2432814,0.050000000000000044,0.0029456603862351794,1.2576375965764066,132546.7
1184,3.0,2435915,0.050000000000000044,0.003001289317788756,1.264928497909846,132683.4
1185,11.0,2438576,0.050000000000000044,0.0030367885833309156,1.2690340697608555,132804.7
1186,1.0,2441980,0.050000000000000044,0.0029379152653439405,1.276803028114254,132953.2
1187,9.0,2444618,0.050000000000000044,0.0030509126933529504,1.2662586809289194,133067.3
1188,-6.0,2447294,0.050000000000000044,0.0029400573072156113,1.2628817995745683,133183.6
1189,-2.0,2450450,0.050000000000000044,0.0031132123387166083,1.2621939210044113,133319.8
1190,3.0,2453580,0.050000000000000044,0.003019027225226878,1.261228400068923,133458.4
1191,-5.0,2456568,0.050000000000000044,0.0029424736614352613,1.2576709922697331,133589.1
1192,6.0,2459247,0.050000000000000044,0.0029571665458839364,1.2624290264467108,133703.7
1193,-1.0,2462587,0.050000000000000044,0.0028898278929305006,1.25775784785876,133850.4
1194,-1.0,2465452,0.050000000000000044,0.0030440961081355023,1.2551714439874753,133975.0
1195,-1.0,2468908,0.050000000000000044,0.002929450092004252,1.2505635570182845,134125.5
1196,-5.0,2471825,0.050000000000000044,0.0030339763150769926,1.2449636170420288,134250.1
1197,12.0,2474109,0.050000000000000044,0.002940434168004525,1.2422992841270466,134349.1
1198,-6.0,2477644,0.050000000000000044,0.0030275317587688186,1.2466454618891023,134502.0
1199,8.0,2480446,0.050000000000000044,0.0031398563169918957,1.2522380991887399,134622.8
1200,4.0,2484003,0.050000000000000044,0.003091498543305107,1.2522061736455685,134776.8
1201,-1.0,2487452,0.050000000000000044,0.0031367356537881225,1.2492738507318648,134924.6
1202,-3.0,2490621,0.050000000000000044,0.003194637859460074,1.2482397470913613,135060.3
1203,14.0,2493077,0.050000000000000044,0.0030035993177642824,1.2561958401133262,135167.5
1204,10.0,2496352,0.050000000000000044,0.0029197798261973466,1.2599498759335235,135311.4
1205,-1.0,2499201,0.050000000000000044,0.003084737192490833,1.2602992809291638,135433.5
1206,7.0,2501860,0.050000000000000044,0.0030874844155436847,1.2664881814194155,135553.1
1207,13.0,2504371,0.050000000000000044,0.0028333087402357144,1.2617210671988106,135662.4
1208,10.0,2507030,0.050000000000000044,0.002972683672252156,1.2556464802999163,135781.8
1209,8.0,2509747,0.050000000000000044,0.003080040129509343,1.2588245934495865,135900.6
1210,-2.0,2512944,0.050000000000000044,0.0030016475255156276,1.2705305818098949,136039.8
1211,6.0,2515953,0.050000000000000044,0.0030676735769712016,1.2677579396743242,136169.0
1212,12.0,2518615,0.050000000000000044,0.0031605663872114015,1.2707262836749351,136284.7
1213,5.0,2521486,0.050000000000000044,0.002854456064009566,1.277432784391421,136411.8
1214,-6.0,2525159,0.050000000000000044,0.002991302127095653,1.2723624857835798,136572.0
1215,3.0,2529023,0.050000000000000044,0.003107458996475268,1.2695373305067512,136739.6
1216,-1.0,2533070,0.050000000000000044,0.0029821184794088284,1.2787117226376543,136913.6
1217,8.0,2536132,0.050000000000000044,0.0029594001604626133,1.2659558984752108,137050.5
1218,-6.0,2539109,0.050000000000000044,0.0030147576366109648,1.2562797477992542,137187.7
1219,-1.0,2542442,0.050000000000000044,0.003237827535494581,1.2510652732570144,137338.6
1220,-3.0,2545568,0.050000000000000044,0.003209905925972366,1.2496392082420589,137472.8
1221,6.0,2548484,0.050000000000000044,0.003068980989391329,1.2469020077475794,137598.6
1222,10.0,2551482,0.050000000000000044,0.003027946995261773,1.2454878063978077,137731.0
1223,9.0,2554064,0.050000000000000044,0.002993895737649523,1.2480699122644596,137840.7
1224,7.0,2557056,0.050000000000000044,0.0028335731030260662,1.24909232572757,137971.2
1225,5.0,2560442,0.050000000000000044,0.0029842148858946443,1.243153700832777,138115.8
1226,-1.0,2564010,0.050000000000000044,0.0030677227166496586,1.2320053887140057,138270.2
1227,9.0,2566987,0.050000000000000044,0.0032108039045567176,1.233300828597351,138398.3
1228,15.0,2569975,0.050000000000000044,0.003018495108781244,1.240896801413143,138525.4
1229,4.0,2573255,0.050000000000000044,0.0029924084829583922,1.2360344276740785,138665.8
1230,3.0,2576352,0.050000000000000044,0.002941411266845859,1.230959726603985,138799.8
1231,-1.0,2579148,0.050000000000000044,0.002958161480773859,1.2239219854573835,138920.7
1232,-1.0,2582460,0.050000000000000044,0.0029994725365578203,1.2209931736551045,139063.6
1233,11.0,2584937,0.050000000000000044,0.0028828252680756852,1.2199899680103368,139174.4
1234,-1.0,2588267,0.050000000000000044,0.002875280090635321,1.2143346014860514,139321.9
1235,7.0,2591046,0.050000000000000044,0.0029024193567013887,1.209338925883426,139443.4
1236,-8.0,2593912,0.050000000000000044,0.0029728269912677003,1.199807646219662,139568.1
1237,11.0,2596789,0.050000000000000044,0.003004289919558717,1.1987174531217661,139695.7
1238,12.0,2599290,0.050000000000000044,0.0028547347953231383,1.186857037809266,139804.8
1239,6.0,2601995,0.050000000000000044,0.0028040684844077134,1.1874240706235777,139922.8
1240,-3.0,2604986,0.050000000000000044,0.0030000650972015507,1.1866723127247139,140051.6
1241,9.0,2607833,0.050000000000000044,0.0029377664730030014,1.1851457182591447,140174.7
1242,6.0,2610890,0.050000000000000044,0.003013786460668026,1.1866646654511497,140303.8
1243,-3.0,2614378,0.050000000000000044,0.0029100780103538146,1.1912295231851964,140455.8
1244,-1.0,2617458,0.050000000000000044,0.0029652761680024143,1.1880387566306374,140588.0
1245,7.0,2620394,0.050000000000000044,0.0028976085001715538,1.1837444911414012,140713.8
1246,13.0,2622849,0.050000000000000044,0.0028967737050346705,1.195558433401609,140827.7
1247,-3.0,2626806,0.050000000000000044,0.0028303629789152625,1.2077011106771625,141020.3
1248,7.0,2629790,0.050000000000000044,0.002914167003685889,1.2140863473469705,141158.0
1249,-1.0,2633421,0.050000000000000044,0.0029493000646928723,1.210417732034167,141378.4
1250,14.0,2635988,0.050000000000000044,0.002842692935919657,1.2158569067565672,141548.8
1251,5.0,2639271,0.050000000000000044,0.0029408587069688786,1.2234404894262052,141754.6
1252,15.0,2641759,0.050000000000000044,0.002740023810147133,1.2294185822799657,141917.3
1253,2.0,2644993,0.050000000000000044,0.0027473276991942285,1.246300278361668,142124.4
1254,10.0,2647567,0.050000000000000044,0.0029724677201963257,1.2461836954004188,142292.6
1255,2.0,2651246,0.050000000000000044,0.0027614840183392006,1.25179655595978,142542.4
1256,-2.0,2654898,0.050000000000000044,0.002836414246314278,1.2536104354448412,142710.0
1257,4.0,2658037,0.050000000000000044,0.0028685868731674665,1.2539487232179085,142848.1
1258,3.0,2661801,0.050000000000000044,0.002733704968712574,1.2520016371317042,143006.5
1259,4.0,2664987,0.050000000000000044,0.0027552102834655836,1.2520149440714494,143139.3
1260,-4.0,2668048,0.050000000000000044,0.0028970167426182044,1.2504601160399629,143263.1
1261,3.0,2671500,0.050000000000000044,0.002954927375649403,1.2583930544546553,143407.3
1262,-9.0,2674247,0.050000000000000044,0.002891931254467983,1.2647655011091312,143520.2
1263,-2.0,2677959,0.050000000000000044,0.003037355480128569,1.2768162137925112,143673.8
1264,10.0,2680590,0.050000000000000044,0.0029097190620690047,1.278594224183834,143783.6
1265,3.0,2684149,0.050000000000000044,0.002835561227876129,1.267866307244136,143935.9
1266,3.0,2687314,0.050000000000000044,0.0028007854327855935,1.2586132955023839,144068.5
1267,2.0,2690633,0.050000000000000044,0.00293719276081045,1.2615531441604348,144206.8
1268,14.0,2693287,0.050000000000000044,0.002942427729394886,1.257787898665725,144318.6
1269,2.0,2696447,0.050000000000000044,0.0029452123202967804,1.2503841820396955,144449.9
1270,3.0,2699576,0.050000000000000044,0.002954993614527424,1.24454094831004,144578.8
1271,13.0,2702032,0.050000000000000044,0.002790952975815655,1.239842313071804,144682.5
1272,17.0,2704055,0.050000000000000044,0.0027785563747489707,1.2458122483704623,144766.0
1273,13.0,2706711,0.050000000000000044,0.0026336732946701997,1.2400507754141308,144878.4
1274,13.0,2709159,0.050000000000000044,0.0028408290453227976,1.2295586274437655,144981.4
1275,10.0,2711584,0.050000000000000044,0.002710525898026427,1.2227210407158764,145082.9
1276,2.0,2714842,0.050000000000000044,0.002655264008449727,1.2239303345179688,145218.7
1277,11.0,2717657,0.050000000000000044,0.0025620067800793444,1.2220836146474943,145336.9
1278,-4.0,2721260,0.050000000000000044,0.002548167448568856,1.2301552118674073,145500.1
1279,-1.0,2725229,0.050000000000000044,0.0027695745430859407,1.2294051061501938,145666.1
1280,4.0,2728320,0.050000000000000044,0.002741453523418225,1.2336768942024283,145798.6
1281,8.0,2731159,0.050000000000000044,0.002722225595258984,1.2370957203337993,145917.9
1282,1.0,2734778,0.050000000000000044,0.0027898857896766927,1.2339040043934435,146072.6
1283,7.0,2737820,0.050000000000000044,0.0028157968615479634,1.2296511757969464,146200.9
1284,12.0,2740088,0.050000000000000044,0.002683018548305293,1.2276652603815892,146296.2
1285,16.0,2742369,0.050000000000000044,0.0028287771886651696,1.2299118861458063,146393.2
1286,8.0,2745495,0.050000000000000044,0.002546137748203453,1.2233567627972697,146525.5
1287,15.0,2747619,0.050000000000000044,0.002624993349695486,1.2251163301270336,146616.3
1288,2.0,2751126,0.050000000000000044,0.0027287028260486682,1.223785051022767,146768.3
1289,-2.0,2754512,0.050000000000000044,0.002534101932074812,1.2171502263146043,146911.7
1290,-1.0,2757844,0.050000000000000044,0.002552706295993536,1.213364871198676,147053.4
1291,9.0,2760657,0.050000000000000044,0.002513835845711958,1.206110720167455,147174.2
1292,8.0,2763565,0.050000000000000044,0.0025190564238736462,1.2150061051611067,147297.1
1293,-1.0,2767317,0.050000000000000044,0.0026312755310547668,1.215830661658285,147455.2
1294,4.0,2770201,0.050000000000000044,0.002720220742250525,1.1971125270184466,147578.3
1295,3.0,2774015,0.050000000000000044,0.0026467187527626852,1.1955487700770147,147740.1
1296,8.0,2776812,0.050000000000000044,0.0027432153935518055,1.1941192262633853,147857.0
1297,10.0,2779445,0.050000000000000044,0.002748645974507172,1.1949312492690067,147969.1
1298,9.0,2782241,0.050000000000000044,0.002638014518042616,1.197836876192659,148088.1
1299,11.0,2784888,0.050000000000000044,0.0026604025342670057,1.1986512596489214,148204.0
1300,10.0,2787270,0.050000000000000044,0.0026174276345526746,1.2042153928331925,148308.7
1301,7.0,2790056,0.050000000000000044,0.0027008289961311972,1.2065673737926441,148426.8
1302,6.0,2792842,0.050000000000000044,0.002511195891195549,1.2021103087981142,148544.9
1303,10.0,2795572,0.050000000000000044,0.002465662967917704,1.1970710460737948,148659.3
1304,12.0,2798212,0.050000000000000044,0.0024101654347870147,1.1998098677758016,148772.6
1305,5.0,2801437,0.050000000000000044,0.0024947146972814616,1.198790938706361,148910.2
1306,3.0,2804628,0.050000000000000044,0.0025759106124435332,1.1991191264679724,149044.6
1307,18.0,2806851,0.050000000000000044,0.0023539727758813637,1.202867702487563,149142.4
1308,9.0,2809631,0.050000000000000044,0.0023878605219094995,1.2114748570558835,149263.9
1309,1.0,2813440,0.050000000000000044,0.0024213276771524366,1.2080019901949892,149428.7
1310,8.0,2816568,0.050000000000000044,0.0025729984784254815,1.2124354086263711,149565.3
1311,-1.0,2819584,0.050000000000000044,0.002684550775105485,1.2081669437790423,149693.3
1312,5.0,2822646,0.050000000000000044,0.002523901717284354,1.2093139923646667,149830.8
1313,15.0,2824909,0.050000000000000044,0.0025508353887834733,1.2145318455576002,149927.7
1314,-1.0,2828254,0.050000000000000044,0.002455860032462995,1.2142022052866104,150075.8
1315,4.0,2831678,0.050000000000000044,0.0027327440753379902,1.2135036067044902,150221.3
1316,14.0,2833991,0.050000000000000044,0.002598816569483047,1.2114451354167393,150323.1
1317,7.0,2836770,0.050000000000000044,0.00252880385090165,1.2201433583702617,150442.0
1318,11.0,2839334,0.050000000000000044,0.002450671002658174,1.2305436886137993,150552.4
1319,10.0,2841960,0.050000000000000044,0.002618245248563899,1.2301688595119542,150665.6
1320,-1.0,2845419,0.050000000000000044,0.0027576602650794192,1.2322739678747083,150815.6
1321,8.0,2847913,0.050000000000000044,0.0027494924444964406,1.2345119379191944,150926.0
1322,10.0,2850362,0.050000000000000044,0.002938714023983629,1.242034047659488,151030.7
1323,15.0,2852596,0.050000000000000044,0.002582335323672187,1.2468204536711198,151129.8
1324,20.0,2854317,0.050000000000000044,0.002413658628110081,1.2398768272045253,151206.6
1325,-7.0,2857361,0.050000000000000044,0.002711129551155645,1.2415095471756217,151341.3
1326,3.0,2860589,0.050000000000000044,0.0024909094768297765,1.2482294433252814,151486.4
1327,6.0,2863537,0.050000000000000044,0.002420351755189039,1.2420381051633542,151616.2
1328,10.0,2866214,0.050000000000000044,0.0025900884327135333,1.2412327908739298,151734.9
1329,17.0,2868159,0.050000000000000044,0.00248282837639874,1.2386784041448853,151820.1
1330,7.0,2871084,0.050000000000000044,0.0024147236751965607,1.238206680615743,151954.1
1331,-10.0,2873406,0.050000000000000044,0.0024473695317584086,1.243655451919168,152059.9
1332,-1.0,2876572,0.050000000000000044,0.002462789655679767,1.2415497793250647,152201.5
1333,3.0,2880000,0.050000000000000044,0.002614783558207268,1.2390927572929178,152353.0
1334,12.0,2882374,0.050000000000000044,0.0025251776506733377,1.241728438533648,152456.9
1335,19.0,2884142,0.050000000000000044,0.0023581738108600495,1.2500845711695123,152534.9
1336,4.0,2887400,0.050000000000000044,0.002370028640804618,1.252501519199088,152679.2
1337,12.0,2889974,0.050000000000000044,0.002380933240148754,1.2520699158322468,152793.5
1338,12.0,2892263,0.050000000000000044,0.002441490277551951,1.2566172297524802,152897.0
1339,18.0,2894367,0.050000000000000044,0.00253470785036761,1.258419481350442,152990.2
1340,3.0,2897914,0.050000000000000044,0.0025575161817318714,1.2659211646747617,153149.2
1341,12.0,2900475,0.050000000000000044,0.0026661609269252023,1.2672597213165688,153262.9
1342,-1.0,2903805,0.050000000000000044,0.002635677722258236,1.2705534279883446,153418.2
1343,4.0,2906861,0.050000000000000044,0.002804056842674953,1.2757898732161648,153559.0
1344,12.0,2909263,0.050000000000000044,0.002811146275694602,1.265619771168889,153668.0
1345,6.0,2912339,0.050000000000000044,0.002655754769901804,1.2689302578587836,153807.9
1346,11.0,2915283,0.050000000000000044,0.002621274837535922,1.2711476036954834,153943.1
1347,17.0,2917475,0.050000000000000044,0.002787264279909555,1.276568013331751,154041.8
1348,12.0,2920032,0.050000000000000044,0.0027430941536672024,1.271126214862103,154155.6
1349,-3.0,2923222,0.050000000000000044,0.0028733597200715673,1.2626412330750014,154299.1
1350,19.0,2925159,0.050000000000000044,0.0027672476736352925,1.2535349090011942,154391.1
1351,-1.0,2928566,0.050000000000000044,0.002657589021287552,1.2511167902732336,154548.5
1352,13.0,2931040,0.050000000000000044,0.002622646441492222,1.2531855620485983,154662.8
1353,13.0,2933490,0.050000000000000044,0.0025279669554747297,1.2542785977344124,154772.2
1354,3.0,2936656,0.050000000000000044,0.002559846708671583,1.2542350925340429,154916.9
1355,9.0,2939239,0.050000000000000044,0.0025892115837593856,1.261797220587869,155039.1
1356,12.0,2941498,0.050000000000000044,0.00260776829137539,1.2597692317274516,155144.5
1357,10.0,2944513,0.050000000000000044,0.0025140375073630034,1.2613673404279238,155279.1
1358,12.0,2946839,0.050000000000000044,0.002598113968354984,1.2649454184369804,155383.9
1359,4.0,2949832,0.050000000000000044,0.0024576165315834666,1.2658300379069003,155521.1
1360,7.0,2952467,0.050000000000000044,0.002459732950594368,1.2611583530563557,155643.0
1361,18.0,2954537,0.050000000000000044,0.0025583723424298347,1.2583024781107326,155736.7
1362,-1.0,2957656,0.050000000000000044,0.0024842934901836535,1.269765311955412,155875.6
1363,5.0,2960707,0.050000000000000044,0.002239516243750751,1.2628637969943197,156014.0
1364,11.0,2963213,0.050000000000000044,0.0022898363260852755,1.2527765418088446,156125.4
1365,16.0,2965689,0.050000000000000044,0.0022679065749679596,1.2500551047348245,156235.3
1366,10.0,2968275,0.050000000000000044,0.0023397272268928008,1.2458894740032393,156351.2
1367,2.0,2971420,0.050000000000000044,0.0023397816556086836,1.2374484294548702,156493.1
1368,16.0,2973633,0.050000000000000044,0.0023927574363402254,1.2364197540649504,156593.1
1369,15.0,2975813,0.050000000000000044,0.0023545169318388557,1.2410812749228346,156689.8
1370,6.0,2978780,0.050000000000000044,0.002480023286469299,1.2343953275343043,156821.9
1371,-8.0,2981449,0.050000000000000044,0.0023480371813762286,1.22931363873823,156940.4
1372,15.0,2983617,0.050000000000000044,0.0023015744476336418,1.2206031993801303,157038.3
1373,6.0,2986571,0.050000000000000044,0.0024469341687975072,1.216315789305849,157167.9
1374,5.0,2989475,0.050000000000000044,0.002389943568039488,1.219357561556104,157299.0
1375,-9.0,2992341,0.050000000000000044,0.0023983712165331467,1.2245384922455178,157437.3
1376,-2.0,2996048,0.050000000000000044,0.0026601014852823774,1.2216262298997664,157604.8
1377,5.0,2999398,0.050000000000000044,0.0027281756777535263,1.227785250535652,157751.6
1378,7.0,3002616,0.050000000000000044,0.0027879581199026296,1.2290349105006053,157892.5
1379,-4.0,3005589,0.050000000000000044,0.0027037554550651253,1.226331230088833,158029.9
1380,7.0,3008535,0.050000000000000044,0.0025429218414578084,1.2225648786693062,158163.1
1381,3.0,3012216,0.050000000000000044,0.002594820666196484,1.2199038856057363,158326.8
1382,10.0,3014881,0.050000000000000044,0.002422894612725695,1.208872314376187,158446.8
1383,11.0,3017387,0.050000000000000044,0.0024606994309939044,1.2095062116670874,158558.0
1384,3.0,3020570,0.050000000000000044,0.002362680358651214,1.2074160773799811,158703.2
1385,17.0,3022627,0.050000000000000044,0.002419368569978219,1.1985893986094154,158795.5
1386,11.0,3025254,0.050000000000000044,0.002285658981593281,1.2049401889838418,158920.8
1387,4.0,3028241,0.050000000000000044,0.002317327654639594,1.2024513709333615,159057.9
1388,-11.0,3030750,0.050000000000000044,0.002376796633606289,1.197919291654589,159172.2
1389,18.0,3032833,0.050000000000000044,0.0025137825627167196,1.18587743108569,159269.5
1390,-1.0,3036859,0.050000000000000044,0.002445778291893617,1.1899313486250136,159452.5
1391,11.0,3039466,0.050000000000000044,0.0024209840140559276,1.1862298346224258,159572.5
1392,8.0,3042520,0.050000000000000044,0.0023429299149794604,1.1756164885144962,159716.8
1393,12.0,3045025,0.050000000000000044,0.0022194345065294032,1.16927217340279,159830.2
1394,8.0,3048166,0.050000000000000044,0.0024067536086778475,1.1665294641561852,159969.9
1395,11.0,3050771,0.050000000000000044,0.002360928936861679,1.1588749978455382,160087.3
1396,4.0,3053875,0.050000000000000044,0.0023721956874687374,1.1525722426007088,160229.5
1397,17.0,3056061,0.050000000000000044,0.0023138384427513147,1.1495085748803802,160329.0
1398,9.0,3058693,0.050000000000000044,0.0022507694022827125,1.1501145387311837,160453.4
1399,14.0,3060998,0.050000000000000044,0.0023271200169204106,1.1446789442070653,160561.3
1400,11.0,3063699,0.050000000000000044,0.0022257730344736066,1.151887020527191,160685.9
1401,-2.0,3067198,0.050000000000000044,0.00232197079443302,1.1577250941987376,160840.7
1402,11.0,3069776,0.050000000000000044,0.0023516452124543183,1.1614529742484319,160952.9
1403,12.0,3072217,0.050000000000000044,0.0022745524383198114,1.1700025151275015,161065.1
1404,5.0,3075742,0.050000000000000044,0.0024005967662636693,1.166841477586868,161223.1
1405,9.0,3078478,0.050000000000000044,0.0024258119410447837,1.167688188017809,161349.7
1406,11.0,3081092,0.050000000000000044,0.0024263904455446373,1.174332234931521,161470.5
1407,-4.0,3084532,0.050000000000000044,0.0023757069818900567,1.1821087655632996,161626.9
1408,11.0,3087520,0.050000000000000044,0.002416605901751833,1.1845183793001546,161760.2
1409,-6.0,3090359,0.050000000000000044,0.0023964945976574837,1.1840957228085154,161885.8
1410,13.0,3093092,0.050000000000000044,0.0024024749573648484,1.1954771792805767,162011.7
1411,15.0,3095332,0.050000000000000044,0.0023419517087859276,1.200208576183234,162119.0
1412,10.0,3097867,0.050000000000000044,0.0023652815819567314,1.199817427822354,162234.7
1413,10.0,3100371,0.050000000000000044,0.0023168703092305105,1.2059691075366525,162347.3
1414,12.0,3102698,0.050000000000000044,0.002358437366949212,1.2030190901537028,162455.5
1415,14.0,3104993,0.050000000000000044,0.002226316450571556,1.197065446657293,162558.0
1416,10.0,3107811,0.050000000000000044,0.0022147534111342996,1.1956382492614013,162682.1
1417,5.0,3110848,0.050000000000000044,0.0021735039546879995,1.1996391372222197,162822.1
1418,6.0,3114276,0.050000000000000044,0.0023542084826878216,1.2007312389001545,162977.5
1419,6.0,3117342,0.050000000000000044,0.0023163477582448457,1.1953473688143963,163117.3
1420,16.0,3119570,0.050000000000000044,0.0022793782988744593,1.1978626454807484,163219.9
1421,18.0,3121509,0.050000000000000044,0.002287157007274297,1.2014131340985448,163309.6
1422,12.0,3123884,0.050000000000000044,0.0022342313239841084,1.2041782069457205,163421.8
1423,14.0,3126281,0.050000000000000044,0.00229929511411872,1.2038065940079512,163533.2
1424,11.0,3128883,0.050000000000000044,0.0022012927372097686,1.2021238326476593,163652.9
1425,15.0,3131385,0.050000000000000044,0.0023099697665470527,1.2127440360953197,163767.9
1426,11.0,3133938,0.050000000000000044,0.0022100184132600193,1.2135128201665104,163883.8
1427,10.0,3136750,0.050000000000000044,0.002173239699582924,1.2214948015014613,164018.8
1428,12.0,3139426,0.050000000000000044,0.002213613916118786,1.2221791667164887,164138.4
1429,3.0,3142415,0.050000000000000044,0.0022960633732981087,1.2276682016362153,164273.7
1430,-6.0,3145282,0.050000000000000044,0.0024221183224870293,1.2271252590311834,164402.6
1431,14.0,3147660,0.050000000000000044,0.0024873235653188525,1.2292435421875487,164509.1
1432,-1.0,3151045,0.050000000000000044,0.002458521935624859,1.2255355882151617,164659.7
1433,19.0,3152868,0.050000000000000044,0.0024193530733422775,1.2293284697252778,164741.4
1434,17.0,3155145,0.050000000000000044,0.002490098796253979,1.2383588428396795,164841.3
1435,6.0,3158300,0.050000000000000044,0.002238111140944614,1.2314315939478564,164980.1
1436,3.0,3161409,0.050000000000000044,0.002354687249804549,1.231679148154843,165117.4
1437,13.0,3163786,0.050000000000000044,0.0022591312544850955,1.2321522487127636,165225.0
1438,9.0,3166407,0.050000000000000044,0.002264450368314121,1.2353697766424454,165343.3
1439,2.0,3169747,0.050000000000000044,0.002338507111784849,1.233821996243414,165491.9
1440,3.0,3173192,0.050000000000000044,0.00243394120534002,1.2247111115123432,165648.4
1441,2.0,3176675,0.050000000000000044,0.002373271715158341,1.2091836736115307,165803.8
1442,3.0,3180076,0.050000000000000044,0.0023923526845736646,1.2067236558930448,165957.3
1443,9.0,3182699,0.050000000000000044,0.0023989482689178413,1.2084788785060763,166077.0
1444,-4.0,3185783,0.050000000000000044,0.0023984677468038627,1.2080936286545294,166215.2
1445,5.0,3188671,0.050000000000000044,0.0025068624287852893,1.2054920496413912,166344.9
1446,10.0,3191598,0.050000000000000044,0.002332092713282485,1.2064374873244725,166480.2
1447,9.0,3194625,0.050000000000000044,0.0022735699603222844,1.2010953403716438,166618.6
1448,6.0,3197601,0.050000000000000044,0.002470971744573504,1.1909565862708835,166750.0
1449,10.0,3200208,0.050000000000000044,0.002449627586055081,1.1891771569122151,166866.3
1450,11.0,3202867,0.050000000000000044,0.0023289884802631068,1.178304042256654,166988.4
1451,5.0,3206253,0.050000000000000044,0.00241448055238927,1.1760966328742302,167146.6
1452,12.0,3208821,0.050000000000000044,0.002497070303417157,1.176483397473613,167261.5
1453,5.0,3212361,0.050000000000000044,0.0025563731297660202,1.176061792747449,167421.3
1454,6.0,3215358,0.050000000000000044,0.00253927659440556,1.1794941187262893,167558.7
1455,7.0,3218654,0.050000000000000044,0.002597634074042166,1.1798872006604972,167709.6
1456,11.0,3221308,0.050000000000000044,0.002609869476746222,1.188157649712178,167835.5
1457,4.0,3224446,0.050000000000000044,0.002585212247178847,1.1848404867357323,167979.8
1458,11.0,3227329,0.050000000000000044,0.0026254423492631873,1.1811754155233425,168109.5
1459,1.0,3230860,0.050000000000000044,0.0026437778468184434,1.178929196238619,168270.0
1460,8.0,3233772,0.050000000000000044,0.0026358846204187773,1.182838504499459,168400.9
1461,-5.0,3236450,0.050000000000000044,0.0026157643906979926,1.1751047712684657,168525.0
1462,4.0,3239367,0.050000000000000044,0.002437698715951493,1.1736966725036548,168664.1
1463,17.0,3241345,0.050000000000000044,0.002582713178313889,1.171900213367416,168759.5
1464,6.0,3244108,0.050000000000000044,0.0026222580149004634,1.1770376785484036,168889.0
1465,17.0,3246461,0.050000000000000044,0.002569805773387612,1.1742110698971908,168997.1
1466,7.0,3249341,0.050000000000000044,0.0026074244282729827,1.1749107567593455,169128.0
1467,5.0,3252753,0.050000000000000044,0.0024368497223935443,1.1862533735537166,169279.4
1468,7.0,3255932,0.050000000000000044,0.002545391097640664,1.1767602893832945,169426.1
1469,12.0,3258707,0.050000000000000044,0.0025560464207103964,1.1800769273869627,169553.4
1470,1.0,3262091,0.050000000000000044,0.002498103142822636,1.183311204573505,169709.5
1471,3.0,3265389,0.050000000000000044,0.002528215825345104,1.1886503367152195,169854.6
1472,16.0,3267709,0.050000000000000044,0.002544455817757086,1.1895452756820053,169958.8
1473,14.0,3270123,0.050000000000000044,0.0025537937980159874,1.1931556804474466,170073.7
1474,8.0,3272707,0.050000000000000044,0.0023971199754933897,1.1869356161669682,170186.9
1475,15.0,3275016,0.050000000000000044,0.002346493820926528,1.1862252936728748,170289.2
1476,16.0,3277319,0.050000000000000044,0.0022502788087134535,1.1914391973667748,170400.4
1477,17.0,3279238,0.050000000000000044,0.0022328673685113928,1.1951978094506972,170501.4
1478,14.0,3281740,0.050000000000000044,0.002133411389538649,1.197157571189028,170623.6
1479,11.0,3284203,0.050000000000000044,0.0021458782325933603,1.195215035539984,170743.0
1480,13.0,3286645,0.050000000000000044,0.002098871177857277,1.2005101972481542,170857.1
1481,15.0,3288747,0.050000000000000044,0.0021802111833822534,1.2023717736086315,170958.1
1482,15.0,3291139,0.050000000000000044,0.0021483341807837873,1.2104131356380057,171069.7
1483,5.0,3294003,0.050000000000000044,0.0020503702716009762,1.2164908382396458,171210.3
1484,14.0,3296374,0.050000000000000044,0.002189076752756879,1.2179637169697173,171321.5
1485,7.0,3299434,0.050000000000000044,0.0021512225609625767,1.225210998533598,171466.0
1486,14.0,3301773,0.050000000000000044,0.0021920287526345423,1.2301350614106161,171579.5
1487,12.0,3304216,0.050000000000000044,0.0023271507693683737,1.2421973176144987,171694.3
1488,5.0,3307585,0.050000000000000044,0.0022274720486916678,1.2456404514750092,171849.6
1489,19.0,3309422,0.050000000000000044,0.0020682355241182578,1.2419959409897523,171935.6
1490,12.0,3312228,0.050000000000000044,0.0021441429258086562,1.2413926720194364,172065.9
1491,4.0,3315486,0.050000000000000044,0.002270402876207716,1.227835414250838,172210.6
1492,12.0,3318231,0.050000000000000044,0.0022178937783757418,1.232546039617778,172334.3
1493,16.0,3320287,0.050000000000000044,0.0021565156581515813,1.23265507353419,172436.3
1494,12.0,3322672,0.050000000000000044,0.0020764161970156913,1.2385838465120806,172546.3
1495,10.0,3325319,0.050000000000000044,0.002046358473931886,1.2365304625480185,172663.6
1496,19.0,3327170,0.050000000000000044,0.0020185766009808087,1.238119721348256,172751.6
1497,-3.0,3330835,0.050000000000000044,0.002097055153216243,1.2471511457659212,172918.4
1498,5.0,3334134,0.050000000000000044,0.002330352829493442,1.2448642321809489,173070.2
1499,15.0,3336346,0.050000000000000044,0.0022575050416062748,1.2441762760146833,173175.1
1500,12.0,3339074,0.050000000000000044,0.0020946429670288037,1.2409678486085707,173296.8
1501,5.0,3342269,0.050000000000000044,0.0021316215624750034,1.239323542226275,173443.0
1502,13.0,3344782,0.050000000000000044,0.0021422457169727772,1.2374644275210647,173562.3
1503,11.0,3347339,0.050000000000000044,0.0021591487107957804,1.2397352206226806,173677.9
1504,9.0,3350036,0.050000000000000044,0.0020285885204411875,1.232762963320089,173800.4
1505,-1.0,3353204,0.050000000000000044,0.0021107077758587725,1.236427522330272,173942.0
1506,9.0,3355727,0.050000000000000044,0.0021675043491413354,1.2414213559290175,174054.7
1507,7.0,3358761,0.050000000000000044,0.0020808525329447138,1.235834176672393,174195.6
1508,14.0,3361176,0.050000000000000044,0.002161960999057657,1.2416246586458037,174308.9
1509,14.0,3363667,0.050000000000000044,0.002235777429126024,1.2473347793856284,174425.4
1510,1.0,3367140,0.050000000000000044,0.002140872561853629,1.249125508248823,174589.2
1511,-4.0,3369809,0.050000000000000044,0.0022847869119917642,1.2438397901520026,174714.0
1512,11.0,3372459,0.050000000000000044,0.0023587527037993565,1.2391597360260083,174838.4
1513,6.0,3375413,0.050000000000000044,0.0024435261357686,1.2307918499713826,174980.6
1514,11.0,3378299,0.050000000000000044,0.0023433914583729245,1.2230850351162446,175114.0
1515,14.0,3380441,0.050000000000000044,0.002404128455923621,1.222585401531695,175211.2
1516,5.0,3383479,0.050000000000000044,0.002409142065460507,1.2228321206067407,175345.6
1517,14.0,3385853,0.050000000000000044,0.0023076533972233317,1.2252450294623178,175455.4
1518,18.0,3387933,0.050000000000000044,0.0021842141024745404,1.2183267750132543,175554.2
1519,14.0,3390192,0.050000000000000044,0.0023653395589006733,1.2223491037034417,175655.7
1520,4.0,3393307,0.050000000000000044,0.0023896859222576456,1.2210384077666085,175801.4
1521,13.0,3395665,0.050000000000000044,0.00226637773437493,1.2166163248718542,175909.0
1522,1.0,3398787,0.050000000000000044,0.002343575382101574,1.213149091435273,176051.9
1523,13.0,3401184,0.050000000000000044,0.0024575092052933237,1.2183193327935975,176162.8
1524,9.0,3403953,0.050000000000000044,0.0022537596185846203,1.214055388337139,176291.3
1525,11.0,3406424,0.050000000000000044,0.002382829205944018,1.2134306579164917,176404.8
1526,-16.0,3408692,0.050000000000000044,0.0025856578156945,1.2061414331513107,176508.5
1527,10.0,3411365,0.050000000000000044,0.0025155290893999023,1.1961346201088559,176645.0
1528,5.0,3414521,0.050000000000000044,0.002499037525993645,1.1833534809950792,183851.1
1529,4.0,3417350,0.050000000000000044,0.002461838357247012,1.177766350669126,184028.3
1530,15.0,3419775,0.050000000000000044,0.002427540079500891,1.1754529291329925,184146.4
1531,13.0,3422545,0.050000000000000044,0.002264227269663701,1.181291558983524,184348.0
1532,8.0,3425407,0.050000000000000044,0.002420496557817087,1.177590488429506,184545.4
1533,12.0,3427947,0.050000000000000044,0.0024724467348249623,1.1829574852947176,184716.1
1534,9.0,3430386,0.050000000000000044,0.002524261929975615,1.178758471629912,184873.3
1535,13.0,3432889,0.050000000000000044,0.002364640028935552,1.1673424836163324,185035.2
1536,10.0,3435535,0.050000000000000044,0.0025790834814191812,1.1670097176855654,185206.4
1537,11.0,3438257,0.050000000000000044,0.0023637897995271336,1.1679318058499513,185379.0
1538,12.0,3440758,0.050000000000000044,0.002323741370701089,1.1668949243975657,185542.4
1539,13.0,3443102,0.050000000000000044,0.0023127356177607534,1.1780846714464879,185689.0
1540,13.0,3445238,0.050000000000000044,0.002196524295773207,1.1749274078547285,185823.1
1541,4.0,3448590,0.050000000000000044,0.0022298327537853915,1.174424232848362,186047.2
1542,11.0,3450963,0.050000000000000044,0.002229109125060637,1.1762746101534924,186199.9
1543,8.0,3453594,0.050000000000000044,0.002388586002394574,1.1860221359313825,186365.8
1544,12.0,3455872,0.050000000000000044,0.0021470599877479414,1.1880400388046144,186508.9
1545,-8.0,3458765,0.050000000000000044,0.002213606907420285,1.179146530922416,186689.9
1546,17.0,3460778,0.050000000000000044,0.002245137225535212,1.1846993753581987,186813.6
1547,9.0,3463680,0.050000000000000044,0.0022141527154998465,1.1848232356496387,187014.8
1548,7.0,3466574,0.050000000000000044,0.0023875597978893987,1.1823077929703714,187205.8
1549,8.0,3469298,0.050000000000000044,0.002437573970794143,1.1883435250860304,187385.8
1550,8.0,3472168,0.050000000000000044,0.002577796608058716,1.1833454366345024,187578.4
1551,6.0,3475118,0.050000000000000044,0.0022595376049965557,1.1861926310345279,187764.0
1552,13.0,3477769,0.050000000000000044,0.0023293032737239606,1.1908676137298244,187935.3
1553,6.0,3480777,0.050000000000000044,0.002337641735827693,1.1876462163165846,188127.2
1554,12.0,3483295,0.050000000000000044,0.0022696787804497662,1.1881967935181497,188285.5
1555,9.0,3485861,0.050000000000000044,0.0022296754593517875,1.1880779830812944,188479.9
1556,16.0,3487987,0.050000000000000044,0.0022666620773489753,1.1852071842884861,188624.4
1557,18.0,3489991,0.050000000000000044,0.002239452340058516,1.1853714556751136,188727.5
1558,6.0,3493193,0.050000000000000044,0.002230356304051845,1.1829274260275517,188900.1
1559,14.0,3495469,0.050000000000000044,0.0022102079034365773,1.1838475186083146,189005.1
1560,17.0,3497534,0.050000000000000044,0.002288013795214834,1.1835310735656333,189097.6
1561,15.0,3499694,0.050000000000000044,0.0022815411586365104,1.1848314563157383,189196.5
1562,8.0,3502813,0.050000000000000044,0.0022955791443849414,1.1851435709014921,189336.6
1563,11.0,3505081,0.050000000000000044,0.002252052560713969,1.1918259525582904,189439.6
1564,5.0,3508310,0.050000000000000044,0.0023478392876183744,1.192193486218705,189591.8
1565,9.0,3511381,0.050000000000000044,0.002181087682080961,1.1935799429681393,189735.3
1566,11.0,3513694,0.050000000000000044,0.002353505219247412,1.1933487420261448,189847.0
1567,13.0,3516032,0.050000000000000044,0.0021476202421436058,1.1985256643352393,189958.3
1568,12.0,3518760,0.050000000000000044,0.0022247159668414094,1.198157591794418,190085.6
1569,14.0,3521185,0.050000000000000044,0.002294393893980575,1.1974809030650817,190197.9
1570,12.0,3523665,0.050000000000000044,0.0023294072063788094,1.197991705878127,190318.0
1571,12.0,3526011,0.050000000000000044,0.002211879895240946,1.1980880967643865,190433.6
1572,9.0,3528890,0.050000000000000044,0.0020965249152198537,1.1980304566676852,190565.5
1573,10.0,3531252,0.050000000000000044,0.0022100638085251726,1.1983881555655365,190672.2
1574,15.0,3533599,0.050000000000000044,0.002126912085177626,1.1998934894355755,190778.0
1575,11.0,3536034,0.050000000000000044,0.0020048279548900536,1.203314156380522,190887.3
1576,10.0,3538770,0.050000000000000044,0.0021033718104470672,1.208263926665511,191012.5
1577,15.0,3541160,0.050000000000000044,0.0020873289437556373,1.21443992172325,191122.4
1578,9.0,3543955,0.050000000000000044,0.0021057062872313964,1.2180336035854702,191253.7
1579,7.0,3546664,0.050000000000000044,0.002192906297624026,1.222652252396344,191381.8
1580,19.0,3548600,0.050000000000000044,0.0022429772226801596,1.2272562554860411,191470.6
1581,13.0,3551100,0.050000000000000044,0.002123081595567055,1.220145640182495,191590.5
1582,9.0,3553922,0.050000000000000044,0.002139264428253181,1.2264341922156106,191721.2
1583,13.0,3556516,0.050000000000000044,0.0022500539197171437,1.235793960374782,191841.1
1584,13.0,3558961,0.050000000000000044,0.0022826637012730703,1.2327349075266676,191956.4
1585,14.0,3561291,0.050000000000000044,0.0021468306876631063,1.2334590383609476,192088.5
1586,9.0,3564006,0.050000000000000044,0.0021102525852213254,1.2276598352973194,192222.8
1587,10.0,3566520,0.050000000000000044,0.002169989409979489,1.2273798465918433,192333.1
1588,8.0,3569116,0.050000000000000044,0.0024839209407117833,1.2273529888990296,192446.6
1589,6.0,3572122,0.050000000000000044,0.0022924098763856555,1.2328238223523833,192587.1
1590,16.0,3574069,0.050000000000000044,0.0022696716761733482,1.2316561893248594,192673.6
1591,9.0,3576569,0.050000000000000044,0.002356796744593885,1.2328626211643219,192786.6
1592,10.0,3579322,0.050000000000000044,0.0022645662604780245,1.2294011666391098,192910.1
1593,8.0,3582156,0.050000000000000044,0.002266665810705618,1.2279697251555444,193039.9
1594,6.0,3585327,0.050000000000000044,0.0023703379188861036,1.2145023158355226,193180.2
1595,11.0,3587661,0.050000000000000044,0.0022148099131537036,1.2180421346257462,193283.1
1596,9.0,3590098,0.050000000000000044,0.0022278718924206046,1.213295025418516,193391.8
1597,7.0,3593059,0.050000000000000044,0.002348058922072399,1.20586703059964,193523.2
1598,10.0,3595512,0.050000000000000044,0.002214800962545942,1.207403104620178,193630.1
1599,9.0,3598021,0.050000000000000044,0.002270731010876591,1.2084898020984547,193740.1
1600,8.0,3600919,0.050000000000000044,0.002399850245536253,1.2127596312263573,193875.5
1601,11.0,3603618,0.050000000000000044,0.0023384847025084716,1.2165302921551693,193991.3
1602,11.0,3606105,0.050000000000000044,0.002322441970472502,1.2041041436902864,194098.4
1603,5.0,3609157,0.050000000000000044,0.0024330199739874703,1.2084787069852825,194229.8
1604,12.0,3611402,0.050000000000000044,0.002387905710017441,1.2128162505366489,194324.7
1605,14.0,3613620,0.050000000000000044,0.0024161377657797756,1.2230744450558833,194415.6
1606,15.0,3615718,0.050000000000000044,0.0023675586366867273,1.2340758685502016,194501.4
1607,8.0,3618689,0.050000000000000044,0.002239761178164114,1.2322721815558646,194626.5
1608,10.0,3621128,0.050000000000000044,0.002163983721080291,1.2369637794795707,194725.1
1609,10.0,3623836,0.050000000000000044,0.002324455723830996,1.2403670637435011,194838.0
1610,14.0,3626150,0.050000000000000044,0.002248417845809053,1.234216219124963,194935.7
1611,18.0,3628049,0.050000000000000044,0.0021271969849148615,1.2324667913842164,195023.7
1612,3.0,3631056,0.050000000000000044,0.002355856161299315,1.240122673140438,195154.8
1613,7.0,3634103,0.050000000000000044,0.002280527173344455,1.2390288742479825,195286.1
1614,9.0,3636713,0.050000000000000044,0.0023242180515348314,1.2292912443478903,195399.4
1615,14.0,3638946,0.050000000000000044,0.002294726408160174,1.233207090307766,195498.0
1616,11.0,3641815,0.050000000000000044,0.002314271558846984,1.2408886663836443,195624.8
1617,9.0,3644703,0.050000000000000044,0.0022421385627119012,1.2447187058276747,195751.3
1618,7.0,3647175,0.050000000000000044,0.0023210135034089953,1.2521240491793766,195861.1
1619,13.0,3649561,0.050000000000000044,0.0022970551659243004,1.2650839306682673,195964.1
1620,16.0,3651558,0.050000000000000044,0.002275628377188535,1.2684108407484274,196049.8
1621,3.0,3654403,0.050000000000000044,0.002321999779598982,1.2659372202750878,196173.2
1622,10.0,3657263,0.050000000000000044,0.0024412747022941697,1.263013199409405,196295.8
1623,13.0,3659771,0.050000000000000044,0.0023539609445089645,1.2570687818089932,196402.5
1624,11.0,3662296,0.050000000000000044,0.0023070320921562758,1.2552070998201277,196511.1
1625,19.0,3664215,0.050000000000000044,0.0022532321872242903,1.2579029956293826,196594.1
1626,20.0,3666038,0.050000000000000044,0.0020925207575387206,1.257616201012068,196672.9
1627,17.0,3668381,0.050000000000000044,0.002084211160983223,1.2626869197691601,196771.8
1628,11.0,3670963,0.050000000000000044,0.002128574491555512,1.2655061879516294,196885.6
1629,17.0,3672897,0.050000000000000044,0.0021800253134539385,1.2601404924180664,196971.5
1630,10.0,3675581,0.050000000000000044,0.002232274327795783,1.2590404143543072,197086.4
1631,10.0,3678135,0.050000000000000044,0.002067288498501946,1.262323157247754,197196.4
1632,13.0,3680564,0.050000000000000044,0.0020526632732344036,1.2552666859452053,197300.0
1633,12.0,3682633,0.050000000000000044,0.0020350782116603846,1.2688300388916038,197388.8
1634,16.0,3684605,0.050000000000000044,0.002150791106242866,1.2697774025537905,197477.1
1635,4.0,3687764,0.050000000000000044,0.0020254732308662093,1.2706935976305578,197611.8
1636,3.0,3690942,0.050000000000000044,0.002349372031488043,1.265838013684097,197746.4
1637,13.0,3693379,0.050000000000000044,0.0022248372927994153,1.253150981618187,197851.0
1638,13.0,3695660,0.050000000000000044,0.0022736563951009066,1.2464111477384856,197951.6
1639,11.0,3698227,0.050000000000000044,0.0021195597563543546,1.2440547503800907,198062.4
1640,11.0,3700692,0.050000000000000044,0.0022360081289721084,1.2448117586952194,198172.0
1641,15.0,3702761,0.050000000000000044,0.0021390327613650196,1.2430369591816661,198265.2
1642,9.0,3705707,0.050000000000000044,0.00204421548291361,1.2349426345362278,198395.2
1643,16.0,3708087,0.050000000000000044,0.0020552321444896535,1.2221520846631346,198497.6
1644,10.0,3710874,0.050000000000000044,0.002064750823646974,1.2231571513091444,198617.8
1645,11.0,3713542,0.050000000000000044,0.0021128068318362926,1.2190478237225735,198731.7
1646,9.0,3715970,0.050000000000000044,0.0020425428151184385,1.2175865725689312,198835.4
1647,9.0,3718391,0.050000000000000044,0.0021873242554044407,1.2142572145922919,198938.7
1648,14.0,3720640,0.050000000000000044,0.0021406967367097137,1.214651520303113,199035.3
1649,11.0,3723236,0.050000000000000044,0.002092477982711628,1.211824453529114,199145.5
1650,12.0,3725709,0.050000000000000044,0.0019668873812198518,1.2061319760209965,199253.8
1651,9.0,3728388,0.050000000000000044,0.0021131291283978016,1.2071833912896415,199367.5
1652,5.0,3731353,0.050000000000000044,0.0020907493344897604,1.2130319793751028,199496.2
1653,12.0,3734009,0.050000000000000044,0.0019699189266324845,1.215588323525097,199609.7
1654,5.0,3737106,0.050000000000000044,0.0019803762032885646,1.218775431456241,199743.0
1655,12.0,3739597,0.050000000000000044,0.002108039949791239,1.2177895146744742,199849.4
1656,18.0,3741423,0.050000000000000044,0.0021650302571322062,1.2162057840941638,199929.8
1657,19.0,3743266,0.050000000000000044,0.0021447143012894507,1.22078804528655,200011.4
1658,15.0,3745554,0.050000000000000044,0.0021094878953666846,1.2233546716454147,200110.1
1659,8.0,3748393,0.050000000000000044,0.0021270646379282438,1.226703963446844,200232.3
1660,12.0,3750914,0.050000000000000044,0.0021365493452493696,1.2248883106934556,200340.9
1661,18.0,3752756,0.050000000000000044,0.0020267097328251823,1.2185658542004523,200423.0
1662,6.0,3755875,0.050000000000000044,0.0019519700251024981,1.21955495193701,200558.6
1663,12.0,3758113,0.050000000000000044,0.00197742925449674,1.231141880487522,200653.9
1664,10.0,3760616,0.050000000000000044,0.0020421565974342755,1.2348981504434593,200760.6
1665,16.0,3762772,0.050000000000000044,0.0019105689195194238,1.2345237968582832,200852.1
1666,11.0,3765365,0.050000000000000044,0.0020912400845351504,1.2271081512607849,200962.3
1667,6.0,3768007,0.050000000000000044,0.002077708086218328,1.2223361558665118,201076.1
1668,4.0,3771199,0.050000000000000044,0.002155288046297097,1.2162955357018568,201214.9
1669,2.0,3774227,0.050000000000000044,0.0022356519281473627,1.205082381122021,201345.4
1670,14.0,3776458,0.050000000000000044,0.002303180063903855,1.2028160142235989,201440.1
1671,12.0,3778829,0.050000000000000044,0.0022184074555077573,1.1963073866672025,201542.4
1672,15.0,3780955,0.050000000000000044,0.0022113121246555663,1.1939855535862476,201633.6
1673,7.0,3784003,0.050000000000000044,0.002155549617589169,1.2030188561346273,201762.8
1674,10.0,3786873,0.050000000000000044,0.002187417313729929,1.2029613167359023,201886.9
1675,16.0,3788962,0.050000000000000044,0.002088925132393699,1.2045286114333404,201978.8
1676,12.0,3791302,0.050000000000000044,0.002125702070671285,1.201753775890057,202079.9
1677,11.0,3793753,0.050000000000000044,0.002074338402423357,1.2023801793375097,202184.2
1678,7.0,3796804,0.050000000000000044,0.0021363430339050144,1.1990060057651015,202318.8
1679,5.0,3799680,0.050000000000000044,0.002184496980057215,1.1995474434611861,202446.7
1680,13.0,3801971,0.050000000000000044,0.0019557480475080125,1.201593104719023,202545.4
1681,5.0,3805066,0.050000000000000044,0.0020461460709649323,1.2005943990485541,202680.3
1682,13.0,3807373,0.050000000000000044,0.0022108211890932298,1.2025505585695273,202780.4
1683,15.0,3809523,0.050000000000000044,0.0021574059178440853,1.201439865411714,202872.7
1684,16.0,3811652,0.050000000000000044,0.0022712835958986484,1.2012911926641774,202965.7
1685,9.0,3814578,0.050000000000000044,0.002167582022885888,1.2010861390352412,203090.2
1686,13.0,3817281,0.050000000000000044,0.002157950480331181,1.1978921319571327,203204.8
1687,1.0,3820568,0.050000000000000044,0.002172587309402431,1.1901908189393773,203345.6
1688,9.0,3823238,0.050000000000000044,0.00205484303203891,1.1837587707051624,203459.4
1689,7.0,3825954,0.050000000000000044,0.002142031036804441,1.184559433576987,203576.5
1690,8.0,3828451,0.050000000000000044,0.0022379294477628256,1.1803014809053136,203684.2
1691,17.0,3830509,0.050000000000000044,0.002100249457623494,1.181463143597307,203774.8
1692,12.0,3832825,0.050000000000000044,0.0021195268718483947,1.175688456145593,203877.3
1693,-1.0,3836248,0.050000000000000044,0.0022366573726085646,1.1788594648568491,204025.6
1694,3.0,3839108,0.050000000000000044,0.002321047238212639,1.1790012634717502,204151.3
1695,18.0,3841058,0.050000000000000044,0.002371433114353866,1.1810080015353668,204236.2
1696,11.0,3843512,0.050000000000000044,0.002329574329566025,1.1913461620329644,204348.7
1697,15.0,3845571,0.050000000000000044,0.00225504620183824,1.195723528361772,204443.0
1698,5.0,3848606,0.050000000000000044,0.002392432662779987,1.1900013613347362,204574.3
1699,5.0,3851802,0.050000000000000044,0.0024189939558003997,1.1896760334471737,204709.5
1700,14.0,3853970,0.050000000000000044,0.0025108306600315528,1.1832659656656184,204803.5
1701,2.0,3857042,0.050000000000000044,0.002512114223587029,1.1774445156916045,204935.1
1702,2.0,3860130,0.050000000000000044,0.0024429398850355976,1.1804520682156703,205064.9
1703,14.0,3862295,0.050000000000000044,0.002331907304184507,1.1805944041071532,205158.7
1704,11.0,3865103,0.050000000000000044,0.002473854678163094,1.1745470767771755,205281.7
1705,7.0,3867987,0.050000000000000044,0.002392151052529934,1.1820624081544506,205405.3
1706,10.0,3870489,0.050000000000000044,0.0023195008955217322,1.1874766776220596,205509.7
1707,4.0,3873637,0.050000000000000044,0.0022974587576375803,1.1857343896598647,205646.3
1708,13.0,3875945,0.050000000000000044,0.002354961258884686,1.1878826863017817,205746.6
1709,13.0,3878070,0.050000000000000044,0.0024418581702664276,1.1857219381051904,205837.6
1710,15.0,3880139,0.050000000000000044,0.0022621579923474133,1.1793900478456607,205925.0
1711,7.0,3883036,0.050000000000000044,0.002248457005885367,1.1810728063614648,206052.4
1712,10.0,3885622,0.050000000000000044,0.0022747167379474514,1.1750159172336905,206165.0
1713,12.0,3888100,0.050000000000000044,0.002246620475706461,1.177336806414876,206271.9
1714,12.0,3890401,0.050000000000000044,0.0024201466685557847,1.1779482855790597,206372.0
1715,6.0,3893247,0.050000000000000044,0.0023261047016739835,1.182525552856361,206500.2
1716,14.0,3895340,0.050000000000000044,0.002206295121521669,1.1801390997029582,206594.2
1717,14.0,3897674,0.050000000000000044,0.002361352556089722,1.1823327053584087,206693.5
1718,9.0,3900538,0.050000000000000044,0.0024458330643780586,1.18458223349139,206815.0
1719,12.0,3902966,0.050000000000000044,0.0023245879814690023,1.174862861019579,206919.5
1720,2.0,3906473,0.050000000000000044,0.0023628950703601394,1.1724413220346026,207070.0
1721,8.0,3908955,0.050000000000000044,0.0020625596408769572,1.162962896150509,207177.8
1722,16.0,3910994,0.050000000000000044,0.002232947330877355,1.1662690980636705,207265.6
1723,10.0,3913510,0.050000000000000044,0.002238679125189055,1.1670384224391703,207372.3
1724,3.0,3916185,0.050000000000000044,0.002233402491623327,1.1673199264134202,207488.7
1725,10.0,3918809,0.050000000000000044,0.002259984843415556,1.1747863939622554,207604.3
1726,3.0,3921536,0.050000000000000044,0.0024711124051994427,1.181383065614326,207723.1
1727,16.0,3923643,0.050000000000000044,0.0022999355115589175,1.1788376704968713,207815.1
1728,13.0,3926003,0.050000000000000044,0.0022451570149391725,1.1680192686491093,207915.7
1729,7.0,3928910,0.050000000000000044,0.0021965891508576403,1.163324604544559,208041.9
1730,12.0,3931242,0.050000000000000044,0.002231911646391057,1.1629698467193297,208142.3
1731,12.0,3933937,0.050000000000000044,0.0022712041375022953,1.1607832188730116,208257.1
1732,16.0,3936135,0.050000000000000044,0.002392133448551641,1.1609084610780658,208353.1
1733,9.0,3938581,0.050000000000000044,0.0023536280203103875,1.162842003444327,208457.3
1734,5.0,3942115,0.050000000000000044,0.0022625658626678497,1.1650179378650387,208607.3
1735,9.0,3944684,0.050000000000000044,0.0021192416709462747,1.1459489563598202,208718.8
1736,18.0,3946596,0.050000000000000044,0.002232750798539657,1.141625099850499,208800.3
1737,6.0,3949792,0.050000000000000044,0.0022019990415703414,1.1408450588378798,208936.1
1738,12.0,3952131,0.050000000000000044,0.002265419558576004,1.144360335579587,209037.9
1739,-1.0,3955630,0.050000000000000044,0.00230085188732376,1.1431004059897316,209190.1
1740,14.0,3957869,0.050000000000000044,0.0023820236701482004,1.1508182972443322,209286.0
1741,14.0,3960112,0.050000000000000044,0.0022087437523512013,1.1516404114979162,209389.6
1742,-5.0,3962924,0.050000000000000044,0.0022514489042536412,1.1516067700018076,209509.6
1743,2.0,3965934,0.050000000000000044,0.002399561050948625,1.154762184085244,209637.8
1744,11.0,3968500,0.050000000000000044,0.002392497987870511,1.1524959933869279,209748.7
1745,9.0,3971215,0.050000000000000044,0.0023429147177397294,1.1485846976329388,209867.5
1746,8.0,3973675,0.050000000000000044,0.002371307402767328,1.1514872726628451,209973.3
1747,17.0,3975643,0.050000000000000044,0.0023143247461017546,1.1498269587452334,210058.5
1748,15.0,3977914,0.050000000000000044,0.0022555609187067684,1.1458857153964326,210154.8
1749,12.0,3980442,0.050000000000000044,0.002367511083136804,1.1489309656280506,210261.9
1750,13.0,3982631,0.050000000000000044,0.002336497668271766,1.1487104322007389,210354.1
1751,14.0,3984822,0.050000000000000044,0.0022760225190985198,1.1496616174836292,210445.1
1752,9.0,3987258,0.050000000000000044,0.002279141964742127,1.1554190664260062,210547.2
1753,5.0,3990333,0.050000000000000044,0.002191879710024488,1.1527783329893904,210677.9
1754,10.0,3992706,0.050000000000000044,0.0022776455712412258,1.1542680422264064,210781.2
1755,12.0,3994941,0.050000000000000044,0.0022455539231545914,1.153593131306454,210878.4
1756,2.0,3998412,0.050000000000000044,0.002383568872660691,1.1534219879954324,211032.0
1757,8.0,4000889,0.050000000000000044,0.0022785977254026497,1.1513727832620164,211139.3
1758,7.0,4003782,0.050000000000000044,0.0023966088346909454,1.1511549856520178,211265.0
1759,9.0,4006421,0.050000000000000044,0.0022784458823827975,1.1525550695611202,211378.6
1760,9.0,4009011,0.050000000000000044,0.0023495024944831795,1.152790752156821,211488.9
1761,11.0,4011414,0.050000000000000044,0.0023824275290131136,1.1529664488023288,211590.1
1762,8.0,4014354,0.050000000000000044,0.0023621184578055334,1.1540948620458849,211718.3
1763,7.0,4017307,0.050000000000000044,0.0023694966601066248,1.1524567644433816,211843.8
1764,18.0,4019386,0.050000000000000044,0.0022723441373278777,1.1494736233945648,211934.3
1765,7.0,4022030,0.050000000000000044,0.002304617912016204,1.1464743709329759,212053.1
1766,-1.0,4025689,0.050000000000000044,0.002366426731175519,1.1435952611261457,212212.6
1767,-13.0,4028078,0.050000000000000044,0.002321660618176711,1.1365182012781132,212314.6
1768,11.0,4030773,0.050000000000000044,0.002393764631677132,1.1346318173275807,212431.1
1769,15.0,4032901,0.050000000000000044,0.0025485276065116244,1.1280338822170757,212521.6
1770,15.0,4035210,0.050000000000000044,0.0025836030632528104,1.1264242277407657,212620.3
1771,10.0,4037715,0.050000000000000044,0.002376920558250102,1.131351666274423,212729.5
1772,14.0,4039872,0.050000000000000044,0.002446200714157752,1.1362239103876555,212821.2
1773,10.0,4042547,0.050000000000000044,0.002598661291772047,1.1459817861396575,212936.7
1774,18.0,4044451,0.050000000000000044,0.0023760141212053076,1.1499806130696244,213018.4
1775,11.0,4046864,0.050000000000000044,0.0023592244450883286,1.1488062100592265,213121.3
1776,8.0,4049555,0.050000000000000044,0.002385038982237591,1.1477482844045817,213238.0
1777,5.0,4052230,0.050000000000000044,0.00242821696023979,1.144016889367148,213352.1
1778,15.0,4054455,0.050000000000000044,0.0024629540194684033,1.1470930004119873,213446.4
1779,-5.0,4057508,0.050000000000000044,0.002388774027627787,1.1492746874929216,213577.5
1780,12.0,4059986,0.050000000000000044,0.0023979925661580075,1.1414792795783575,213684.2
1781,11.0,4062620,0.050000000000000044,0.002495861980544234,1.1446825807621377,213800.0
1782,10.0,4065122,0.050000000000000044,0.002365296355426888,1.150654810200111,213910.5
1783,15.0,4067346,0.050000000000000044,0.0022617481866049104,1.1467684222479089,214008.0
1784,14.0,4069646,0.050000000000000044,0.0022683684426326933,1.1491127511988515,214109.0
1785,16.0,4071665,0.050000000000000044,0.0022822822320575763,1.147479320528957,214195.9
1786,9.0,4074096,0.050000000000000044,0.0022562140891451907,1.1477367842653463,214297.1
1787,2.0,4077386,0.050000000000000044,0.0024881780595565712,1.1436101121561868,214440.8
1788,9.0,4080098,0.050000000000000044,0.0023014974091697385,1.139994411539715,214556.6
1789,4.0,4083241,0.050000000000000044,0.0024875143251088163,1.1269057102731335,214691.6
1790,12.0,4086013,0.050000000000000044,0.002450412319169123,1.1167182322661426,214817.0
1791,6.0,4088929,0.050000000000000044,0.0024300656649980323,1.1150718145123562,214949.4
1792,3.0,4092263,0.050000000000000044,0.0024863569886169378,1.1109062707309745,215094.9
1793,7.0,4095147,0.050000000000000044,0.002450955370930314,1.107136791543557,215223.4
1794,9.0,4097676,0.050000000000000044,0.0023897904519593993,1.1011221952332768,215331.7
1795,13.0,4100048,0.050000000000000044,0.0024895756556962663,1.1090118160336255,215437.0
1796,11.0,4102600,0.050000000000000044,0.0024195831331818,1.11407246606477,215545.8
1797,6.0,4105743,0.050000000000000044,0.002474087403667972,1.1200803695042119,215682.8
1798,14.0,4108060,0.050000000000000044,0.0024500158093249676,1.1233688296559663,215781.8
1799,14.0,4110447,0.050000000000000044,0.002632036498544588,1.1287685296602412,215882.4
1800,-6.0,4113421,0.050000000000000044,0.0026853860848261592,1.1238792533832824,216008.2
1801,8.0,4116006,0.050000000000000044,0.0026908431010324385,1.1168874925063703,216118.3
1802,5.0,4118781,0.050000000000000044,0.0026840984452985695,1.1196094810425699,216238.4
1803,11.0,4121288,0.050000000000000044,0.0027551844013702738,1.1213850671426204,216346.5
1804,8.0,4124355,0.050000000000000044,0.0026569304717142506,1.1231098292236963,216476.8
1805,15.0,4126582,0.050000000000000044,0.002602818465943134,1.1264325299228741,216571.4
1806,15.0,4128618,0.050000000000000044,0.0023922184810564076,1.1277815879913584,216659.0
1807,10.0,4131164,0.050000000000000044,0.0024105662586238236,1.131814445390162,216768.1
1808,4.0,4134564,0.050000000000000044,0.0024119689839640426,1.132587050953332,216912.2
1809,14.0,4136744,0.050000000000000044,0.002452054967913657,1.1316928961408248,217003.9
1810,3.0,4139946,0.050000000000000044,0.002522039257345819,1.139804343742404,217140.8
1811,14.0,4142110,0.050000000000000044,0.0024807616698669373,1.1420294690649964,217232.2
1812,6.0,4145278,0.050000000000000044,0.0025512938896421053,1.142115583229396,217368.6
1813,14.0,4147846,0.050000000000000044,0.0024470554549154365,1.1367870225016945,217479.3
1814,10.0,4150378,0.050000000000000044,0.002480284622536588,1.1304000081232561,217587.1
1815,11.0,4152972,0.050000000000000044,0.0023964981958410096,1.1213608017864831,217699.3
1816,11.0,4155355,0.050000000000000044,0.002401489555217057,1.1180862362425816,217800.2
1817,15.0,4157376,0.050000000000000044,0.0023560214906153056,1.1207988222656364,217888.5
1818,3.0,4160749,0.050000000000000044,0.0022713006030919466,1.1143197522402304,218035.8
1819,16.0,4162921,0.050000000000000044,0.002258303066141883,1.1138151955977769,218128.6
1820,7.0,4165777,0.050000000000000044,0.00237804637766226,1.1136401241817395,218251.4
1821,12.0,4168085,0.050000000000000044,0.0023551367371203056,1.114570359784974,218349.9
1822,13.0,4170792,0.050000000000000044,0.002335175322010292,1.1095975344587086,218513.0
1823,12.0,4173449,0.050000000000000044,0.002476739921828516,1.109494247560354,218685.4
1824,14.0,4175802,0.050000000000000044,0.0025168419992597714,1.1134587603582,218834.8
1825,15.0,4178229,0.050000000000000044,0.0024837447150852046,1.1186599891324274,218990.6
1826,2.0,4181894,0.050000000000000044,0.002332331399871024,1.1193431766752007,219205.7
1827,-1.0,4185141,0.050000000000000044,0.002611040378838845,1.1288175374168523,219347.5
1828,17.0,4187210,0.050000000000000044,0.0024503477858603424,1.1350791824215447,219436.1
1829,12.0,4189775,0.050000000000000044,0.0022912099071813303,1.1452795551766661,219545.1
1830,4.0,4192901,0.050000000000000044,0.0023548021974376184,1.1484672017037982,219673.0
1831,5.0,4195829,0.050000000000000044,0.0024698926488861098,1.1419403344148495,219795.1
1832,3.0,4199160,0.050000000000000044,0.0026176691585029503,1.1359398111284977,219934.0
1833,11.0,4201830,0.050000000000000044,0.002573100921197808,1.133231575167581,220043.5
1834,12.0,4204381,0.050000000000000044,0.0024664749206600163,1.1372555720717334,220151.5
1835,19.0,4206265,0.050000000000000044,0.002406440201116456,1.1408434340338798,220229.0
1836,13.0,4208804,0.050000000000000044,0.002291947033677845,1.1353611488331017,220334.4
1837,7.0,4211648,0.050000000000000044,0.002451288022967941,1.131352415043761,220452.8
1838,11.0,4214082,0.050000000000000044,0.0024454113138781632,1.1299721147060002,220553.1
1839,9.0,4216752,0.050000000000000044,0.0024557127412918726,1.143539662151301,220663.3
1840,15.0,4219097,0.050000000000000044,0.002421229248588432,1.145436225821977,220762.6
1841,7.0,4221859,0.050000000000000044,0.0024052506288197257,1.1483554511420715,220876.4
1842,14.0,4224111,0.050000000000000044,0.0024130764922221624,1.1494836228937704,220969.4
1843,-1.0,4227332,0.050000000000000044,0.002383444881873672,1.152333465691347,221101.9
1844,4.0,4230690,0.050000000000000044,0.0024283747697413935,1.143483203692121,221242.7
1845,10.0,4233278,0.050000000000000044,0.002469363498198161,1.1417728943701322,221349.4
1846,8.0,4236111,0.050000000000000044,0.0024396827908533935,1.1372705555366114,221465.4
1847,2.0,4239115,0.050000000000000044,0.002273694813472894,1.1425630390326604,221590.4
1848,12.0,4241597,0.050000000000000044,0.002297793814624824,1.1386019326956593,221694.8
1849,14.0,4243700,0.050000000000000044,0.0022311037804908043,1.1456202223819039,221783.9
1850,4.0,4246649,0.050000000000000044,0.0023468906472999384,1.141988150767853,221907.4
1851,8.0,4249886,0.050000000000000044,0.0023490891357327666,1.1410098936884059,222043.3
1852,12.0,4252483,0.050000000000000044,0.0023191749033837123,1.1473750729582886,222156.8
1853,5.0,4255314,0.050000000000000044,0.0023256547304610262,1.152810100088352,222274.0
1854,9.0,4257953,0.050000000000000044,0.0023597796001279597,1.14811327133092,222383.5
1855,7.0,4260859,0.050000000000000044,0.0023078296995007563,1.1422470526209554,222503.6
1856,13.0,4263217,0.050000000000000044,0.002398937843523053,1.1396706452098713,222599.9
1857,15.0,4265640,0.050000000000000044,0.0022572749401483065,1.1501950254826028,222699.0
1858,17.0,4267634,0.050000000000000044,0.002291695858040589,1.143442356658197,222782.4
1859,15.0,4269775,0.050000000000000044,0.002232026592744597,1.143998686312961,222870.0
1860,13.0,4272082,0.050000000000000044,0.0022887085398680205,1.140067022628065,222962.9
1861,17.0,4274091,0.050000000000000044,0.0021321820878623552,1.1396716197608656,223045.1
1862,7.0,4277038,0.050000000000000044,0.0023391829375926597,1.1383362521266063,223165.2
1863,11.0,4279634,0.050000000000000044,0.0024057906240413005,1.1371995993130748,223274.5
1864,9.0,4282359,0.050000000000000044,0.0023578333787496178,1.1425966070113927,223388.2
1865,17.0,4284316,0.050000000000000044,0.002151500618285259,1.1514672891912134,223468.4
1866,10.0,4287152,0.050000000000000044,0.00228051827172995,1.1565498742885751,223588.3
1867,12.0,4289580,0.050000000000000044,0.0021033817871401427,1.1471465814742068,223689.0
1868,8.0,4292162,0.050000000000000044,0.0022698116611471015,1.1456481583768503,223796.0
1869,19.0,4293929,0.050000000000000044,0.0020302392952121747,1.1581270237662527,223869.9
1870,8.0,4296858,0.050000000000000044,0.0021876793127811344,1.1564543209982716,223992.9
1871,16.0,4299108,0.050000000000000044,0.002253238277464536,1.1583112626340655,224086.2
1872,11.0,4301722,0.050000000000000044,0.0021340909268184726,1.1592562542722347,224194.0
1873,4.0,4304835,0.050000000000000044,0.002245187676570829,1.1621349197356141,224326.1
1874,7.0,4307705,0.050000000000000044,0.0023882514081115733,1.1589242994162263,224446.7
1875,9.0,4310472,0.050000000000000044,0.0022825758127050684,1.1545833839291393,224561.9
1876,6.0,4313360,0.050000000000000044,0.0023619481009891363,1.1526876940002402,224683.2
1877,8.0,4316146,0.050000000000000044,0.002371625874237654,1.1523945863222955,224798.3
1878,17.0,4318326,0.050000000000000044,0.00237581982952062,1.1579185997127392,224888.2
1879,3.0,4320940,0.050000000000000044,0.0023957009797070713,1.169292989448454,224996.5
1880,14.0,4323282,0.050000000000000044,0.0023751895766363582,1.1655197569338507,225092.6
1881,13.0,4325459,0.050000000000000044,0.0022636612357043815,1.1632139967787851,225184.2
1882,-10.0,4328183,0.050000000000000044,0.002400579091456417,1.1778079986616028,225298.7
1883,13.0,4330523,0.050000000000000044,0.002565587832058609,1.170729841126336,225395.4
1884,10.0,4333079,0.050000000000000044,0.0023228198569739387,1.1803233123534536,225502.1
1885,12.0,4335644,0.050000000000000044,0.00244327728485881,1.1899495378339964,225613.0
1886,16.0,4337705,0.050000000000000044,0.00248050928785021,1.1852798871135666,225702.7
1887,18.0,4339575,0.050000000000000044,0.0022074267632679087,1.1914648048061738,225781.0
1888,10.0,4342303,0.050000000000000044,0.002325880701429065,1.198220135857108,225893.6
1889,4.0,4345348,0.050000000000000044,0.002368696118522992,1.1935689590834633,226021.2
1890,15.0,4347655,0.050000000000000044,0.002164387042720176,1.197782797088962,226115.3
1891,8.0,4350716,0.050000000000000044,0.002313754482760352,1.1942040438902841,226243.4
1892,11.0,4353490,0.050000000000000044,0.0023681025955940697,1.2099726922493146,226360.6
1893,16.0,4355649,0.050000000000000044,0.0023319279877365416,1.206971082713881,226451.5
1894,-1.0,4359322,0.050000000000000044,0.0023779635278686445,1.1999740479526682,226605.2
1895,5.0,4361934,0.050000000000000044,0.002373131211631752,1.2004570851921121,226716.3
1896,19.0,4363862,0.050000000000000044,0.0026367282453933836,1.1984517409841056,226796.2
1897,6.0,4366847,0.050000000000000044,0.002575844097933209,1.205325396815736,226919.6
1898,9.0,4369685,0.050000000000000044,0.002480284217761474,1.195152175980945,227038.9
1899,7.0,4372702,0.050000000000000044,0.0024747868656535177,1.191890267591663,227164.2
1900,19.0,4374580,0.050000000000000044,0.0023508403559878155,1.2026753655383888,227241.7
1901,14.0,4376936,0.050000000000000044,0.0024255581475052736,1.2079040562964862,227338.6
1902,12.0,4379516,0.050000000000000044,0.0022722617444192426,1.1942900460126789,227448.2
1903,-3.0,4382768,0.050000000000000044,0.0023832806119948612,1.1936495038526085,227586.6
1904,12.0,4385521,0.050000000000000044,0.0024577605175852787,1.1938683922793967,227702.6
1905,8.0,4388349,0.050000000000000044,0.0025294007709341405,1.195443375001871,227818.8
1906,16.0,4390529,0.050000000000000044,0.002508369152668603,1.1987115833190602,227908.5
1907,15.0,4392665,0.050000000000000044,0.0024916599564873856,1.2000443212101968,227995.9
1908,7.0,4395378,0.050000000000000044,0.0025277804343593353,1.191343115301445,228113.0
1909,18.0,4397271,0.050000000000000044,0.0024385702373882793,1.1960099959146768,228194.5
1910,-4.0,4400077,0.050000000000000044,0.0025050244957396323,1.1965840557432141,228311.1
1911,12.0,4402477,0.050000000000000044,0.002283806819735522,1.2018034717688957,228411.3
1912,15.0,4404622,0.050000000000000044,0.002390976502554109,1.2010858531320567,228501.0
1913,16.0,4406673,0.050000000000000044,0.0022932295893678357,1.2097371386819094,228586.9
1914,16.0,4408620,0.050000000000000044,0.002231900020019746,1.2069220458414227,228667.6
1915,15.0,4410683,0.050000000000000044,0.0024717624894114434,1.2018583318127398,228754.2
1916,11.0,4412989,0.050000000000000044,0.0023272517867033863,1.195042323182173,228849.8
1917,7.0,4415724,0.050000000000000044,0.0022355007155844347,1.1909955481070704,228962.3
1918,10.0,4418252,0.050000000000000044,0.0024189102120107226,1.1909118360969462,229066.0
1919,15.0,4420391,0.050000000000000044,0.0022587375052613105,1.193579201555631,229156.8
1920,6.0,4423604,0.050000000000000044,0.0023094270509794,1.198207403524175,229288.4
1921,16.0,4425518,0.050000000000000044,0.002276235911970843,1.1973198954650477,229368.3
1922,9.0,4428209,0.050000000000000044,0.002286530729927107,1.1995450412416404,229480.6
1923,17.0,4430210,0.050000000000000044,0.0021702461901544614,1.1967857986137547,229563.5
1924,15.0,4432419,0.050000000000000044,0.0022435680413011574,1.1963743799787239,229654.7
1925,16.0,4434618,0.050000000000000044,0.002371445391012149,1.1970164746845673,229746.1
1926,15.0,4436827,0.050000000000000044,0.002330432591352514,1.1947588451095381,229838.8
1927,19.0,4438821,0.050000000000000044,0.002265467261229973,1.1901703655361053,229922.6
1928,15.0,4440898,0.050000000000000044,0.0021775375460928057,1.1995799428405358,230011.4
1929,18.0,4442818,0.050000000000000044,0.0021205709511377792,1.195272106025368,230091.6
1930,4.0,4445836,0.050000000000000044,0.002206417502157422,1.1967282235780403,230219.2
1931,13.0,4448046,0.050000000000000044,0.00228588530756649,1.2005664607788102,230313.2
1932,-2.0,4451124,0.050000000000000044,0.0021588585688562365,1.209092208090504,230445.2
1933,14.0,4453327,0.050000000000000044,0.0024270163963403413,1.2144237329783463,230538.1
1934,12.0,4455733,0.050000000000000044,0.002287731229764588,1.2189092752543074,230640.4
1935,13.0,4458038,0.050000000000000044,0.0021920108886505324,1.2167834120562175,230737.6
1936,15.0,4460167,0.050000000000000044,0.0022715134096001404,1.2165554147082465,230828.7
1937,4.0,4463217,0.050000000000000044,0.0022333301528410406,1.2190209586893925,230961.2
1938,13.0,4465557,0.050000000000000044,0.0021372729768124846,1.2219078954723146,231064.1
1939,3.0,4468765,0.050000000000000044,0.002220034159702997,1.2273603292214603,231208.3
1940,13.0,4470856,0.050000000000000044,0.0023626898281517406,1.2291694245003217,231300.6
1941,6.0,4474273,0.050000000000000044,0.0024411086647261686,1.2329708863532713,231445.3
1942,17.0,4476316,0.050000000000000044,0.00250678108944977,1.2205000785245537,231531.3
1943,14.0,4478566,0.050000000000000044,0.002479626592559119,1.217127963701884,231626.1
1944,6.0,4481157,0.050000000000000044,0.0022273170440959187,1.2215991496625713,231735.0
1945,20.0,4482882,0.050000000000000044,0.002220356135284933,1.22173350541488,231808.3
1946,-7.0,4485874,0.050000000000000044,0.002230648021794425,1.2266090070818836,231935.3
1947,16.0,4488022,0.050000000000000044,0.002281068666775566,1.229002402786658,232030.8
1948,17.0,4490051,0.050000000000000044,0.0022702826733919878,1.2206407039255975,232118.0
1949,10.0,4492673,0.050000000000000044,0.00224562906229021,1.2188740691822235,232229.7
1950,1.0,4496161,0.050000000000000044,0.0021722484370786683,1.2087818136729231,232378.4
1951,9.0,4498891,0.050000000000000044,0.0022836633673813636,1.2018355405810988,232497.7
1952,8.0,4501704,0.050000000000000044,0.002290488426961184,1.2061390939701337,232625.0
1953,13.0,4503909,0.050000000000000044,0.002255436996855433,1.2082715216677746,232719.5
1954,2.0,4507365,0.050000000000000044,0.0023233293797720427,1.2083564896860883,232868.1
1955,9.0,4510321,0.050000000000000044,0.002375028650401994,1.1948983853579536,232996.2
1956,9.0,4512948,0.050000000000000044,0.002376494388131309,1.185941934086408,233108.2
1957,10.0,4515723,0.050000000000000044,0.0023384455178847518,1.1876656448304117,233228.7
1958,16.0,4517874,0.050000000000000044,0.0023441189702470134,1.1956938438668245,233320.4
1959,7.0,4520579,0.050000000000000044,0.0024312412178683113,1.1918028802616099,233440.2
1960,5.0,4523345,0.050000000000000044,0.0023564064363834187,1.1938105046275036,233562.1
1961,8.0,4526264,0.050000000000000044,0.002505986262002383,1.1952440503649044,233687.4
1962,13.0,4528701,0.050000000000000044,0.0024241075549141116,1.1924782046833438,233791.8
1963,9.0,4531179,0.050000000000000044,0.0024396111874157036,1.1941393933005637,233899.0
1964,6.0,4534027,0.050000000000000044,0.0023245996925131264,1.1896166014955956,234021.5
1965,3.0,4537268,0.050000000000000044,0.0023921816971509916,1.187790321829289,234164.2
1966,9.0,4539890,0.050000000000000044,0.0024121942984190745,1.1820476705977063,234278.2
1967,11.0,4542235,0.050000000000000044,0.0024234071654180237,1.1825075463699635,234379.0
1968,10.0,4544577,0.050000000000000044,0.002416698874108494,1.1696171719329567,234481.7
1969,15.0,4546652,0.050000000000000044,0.002395049863248076,1.1668185057984777,234571.9
1970,6.0,4549216,0.050000000000000044,0.0024051100949698413,1.1680547137063304,234685.5
1971,11.0,4551778,0.050000000000000044,0.0024757031730461517,1.1727776054662247,234798.9
1972,6.0,4555064,0.050000000000000044,0.002531732509643697,1.1696637389468334,234942.7
1973,15.0,4557177,0.050000000000000044,0.0024973770893308685,1.1622705757758993,235034.5
1974,14.0,4559451,0.050000000000000044,0.002362472302805208,1.158180778474271,235133.3
1975,-5.0,4562741,0.050000000000000044,0.00240273164574352,1.1529404344892067,235275.2
1976,8.0,4565444,0.050000000000000044,0.0024040698638136586,1.149517011386661,235394.9
1977,9.0,4568030,0.050000000000000044,0.0024310869955115073,1.1502393453229975,235507.7
1978,3.0,4571027,0.050000000000000044,0.0024378355312909905,1.1565946431250662,235639.8
1979,7.0,4573830,0.050000000000000044,0.002494439963935225,1.1472514210919418,235760.1
1980,2.0,4577141,0.050000000000000044,0.002466859603457505,1.1469348925940763,235906.0
1981,1.0,4580314,0.050000000000000044,0.0025886204622663457,1.1465539581535968,236047.7
1982,12.0,4582965,0.050000000000000044,0.0026322169263059097,1.1497104915750562,236166.1
1983,16.0,4585198,0.050000000000000044,0.0026141970897740085,1.1436981424001957,236263.6
1984,13.0,4587451,0.050000000000000044,0.002609024444531217,1.1501414291709464,236361.3
1985,17.0,4589349,0.050000000000000044,0.0024919695828663963,1.1551209363784127,236442.7
1986,5.0,4592442,0.050000000000000044,0.0025403344301543613,1.1534490588217772,236576.7
1987,15.0,4594794,0.050000000000000044,0.002354065806753015,1.1515179533435373,236681.3
1988,15.0,4597018,0.050000000000000044,0.0024287135770889676,1.160079383003197,236778.2
1989,8.0,4599589,0.050000000000000044,0.002286383779141244,1.1570079552668258,236891.5
1990,9.0,4602214,0.050000000000000044,0.002447632367966608,1.1568582116535733,237003.6
1991,7.0,4605254,0.050000000000000044,0.002379729325194172,1.1626437933037155,237134.5
1992,11.0,4607904,0.050000000000000044,0.002365065842673604,1.170773457288742,237252.4
1993,14.0,4610115,0.050000000000000044,0.002384497110188207,1.1681275568575624,237349.4
1994,7.0,4612733,0.050000000000000044,0.0022521601175046987,1.1634048048870722,237465.9
1995,10.0,4615437,0.050000000000000044,0.0025685182783716774,1.1589135007172293,237581.5
1996,11.0,4618490,0.050000000000000044,0.0025195451557331666,1.1581497110189707,237713.1
1997,8.0,4621447,0.050000000000000044,0.0023414837650989053,1.156181837422323,237840.1
1998,12.0,4624209,0.050000000000000044,0.0025420248225096705,1.1569263241068337,237962.7
1999,16.0,4626525,0.050000000000000044,0.002334449417721834,1.147033679258844,238068.0
2000,7.0,4629337,0.050000000000000044,0.0023278304293054054,1.1452929141214527,238190.6
