episode,reward,steps,epsilon,avg_loss,avg_q,elapsed_sec
1,60.0,616,0.99707875,0.0,0.0,0.4
2,0.0,941,0.995535,0.0,0.0,0.7
3,60.0,1426,0.99323125,0.0,0.0,1.0
4,40.0,1992,0.99054275,0.0,0.0,1.4
5,0.0,2334,0.98891825,0.0,0.0,1.6
6,60.0,2871,0.9863675,0.0,0.0,2.0
7,140.0,3612,0.98284775,0.0,0.0,2.6
8,80.0,4377,0.979214,0.0,0.0,3.2
9,20.0,4822,0.97710025,0.0,0.0,3.5
10,100.0,5413,0.974293,0.0855895940418498,0.006307138727013649,13.5
11,160.0,6017,0.971424,0.10326184123188482,0.009138323799850587,29.9
12,160.0,6667,0.9683365,0.11917461857383108,0.0212634695149385,49.1
13,40.0,7040,0.96656475,0.13404630442028553,0.021005662133163166,60.3
14,60.0,7485,0.964451,0.12041092795101617,0.02366011201330785,72.9
15,60.0,7934,0.96231825,0.14210035916586805,0.02357491301600811,85.1
16,100.0,8567,0.9593115,0.1300685968857964,0.04951595735116781,102.7
17,60.0,9086,0.95684625,0.14760845157187494,0.06288276113002689,117.7
18,60.0,9553,0.954628,0.12540069865439252,0.10417923672479723,131.9
19,100.0,10031,0.9523575,0.12930454623534257,0.10080836647069355,145.9
20,100.0,10690,0.94922725,0.13368992622618808,0.19546545699397058,165.1
21,140.0,11283,0.9464105,0.14746602123322886,0.2779573520636076,182.7
22,80.0,11773,0.944083,0.15195044054298149,0.3715031486080617,197.2
23,0.0,12176,0.94216875,0.1693581440393575,0.46220769121244587,209.2
24,80.0,12595,0.9401785,0.15875004212925464,0.5838052662431767,221.5
25,60.0,13064,0.93795075,0.19174787434918095,0.641450794203195,235.3
26,280.0,14145,0.932816,0.21620579235338425,1.0340547209310929,266.9
27,40.0,14579,0.9307545,0.24434688464579632,1.410223348624146,280.5
28,140.0,15191,0.9278475,0.2734411236148303,1.596639126344444,298.4
29,160.0,15883,0.9245605,0.30272235905730055,1.9359278491983525,318.6
30,60.0,16306,0.92255125,0.3743070154219654,2.4010421119401357,331.6
31,80.0,16854,0.91994825,0.3796493960782396,2.6172165674884824,347.6
32,40.0,17279,0.9179295000000001,0.4427802973985672,3.106083973856533,360.1
33,120.0,17802,0.91544525,0.44322180411783735,3.313871674966174,375.7
34,100.0,18300,0.91307975,0.5282549395798201,3.885605781193239,390.4
35,60.0,18766,0.91086625,0.5219503086172205,4.115863786234876,404.3
36,80.0,19219,0.9087145,0.5559574897024805,4.55642186148014,417.8
37,160.0,19881,0.90557,0.5835745227030757,5.113065011191584,437.5
38,220.0,20648,0.90192675,0.6711478055669711,6.083896748711886,460.5
39,40.0,21067,0.8999365,0.6991482634888628,6.51883602142334,472.9
40,120.0,21676,0.89704375,0.7500294421498216,7.481449715218129,491.1
41,160.0,22314,0.89401325,0.8015672703942162,8.382932220880514,510.1
42,20.0,22693,0.892213,0.8746519799204174,9.568906854513767,521.5
43,60.0,23233,0.889648,0.9242221136335973,10.125350103554903,537.4
44,80.0,23759,0.8871495,0.903046616951549,10.771166917489056,553.0
45,160.0,24596,0.88317375,0.9993030462356166,12.330216708006683,578.1
46,80.0,25058,0.88097925,0.9867380375921468,12.791004021962484,592.0
47,40.0,25537,0.878704,1.1260767432244685,14.297159697666048,606.6
48,280.0,26519,0.8740395,1.18798812116115,15.888012323262979,636.1
49,60.0,27068,0.87143175,1.2554212551842188,16.95288503886572,652.5
50,100.0,27623,0.8687955,1.4015191484141993,19.039299385826865,669.5
51,100.0,28241,0.8658600000000001,1.4051251461590764,20.07012456134685,687.7
52,40.0,28682,0.86376525,1.4345883664225234,21.28921862578446,700.8
53,20.0,29235,0.8611385,1.4761641547218585,22.075077596667878,717.3
54,80.0,29770,0.85859725,1.5268435242020082,23.945604796721558,733.5
55,100.0,30348,0.85585175,1.6271429657936096,25.326175191410684,750.7
56,180.0,31082,0.8523652500000001,1.685669473877395,26.618876441622948,772.5
57,80.0,31720,0.84933475,1.7575563439941706,29.173637243647562,791.6
58,120.0,32208,0.84701675,1.816402514327745,30.81899845404703,806.2
59,80.0,32721,0.84458,1.8887693158134846,32.992326836836966,821.8
60,20.0,33114,0.8427132500000001,1.9139787801956099,33.687599735405605,833.7
61,60.0,33535,0.8407135,1.9804472681179182,35.241545430271756,846.5
62,60.0,34001,0.8385,1.9174850389936964,35.38883016447141,860.7
63,200.0,34778,0.83480925,2.060209223509142,39.22463226809312,885.9
64,140.0,35357,0.832059,2.193246737251216,41.44293527158431,903.8
65,100.0,36001,0.829,2.1253422847630814,42.326221643767745,924.1
66,80.0,36427,0.8269765,2.2194173656438996,45.46865090294063,937.5
67,60.0,36820,0.82510975,2.171345666316326,45.31243178195322,950.2
68,20.0,37221,0.823205,2.22332414234071,46.435673492507746,963.0
69,120.0,37808,0.82041675,2.2963319907196538,47.673532476213964,988.0
70,140.0,38292,0.8181177500000001,2.382974003957323,49.81177151498716,1003.5
71,120.0,38854,0.81544825,2.332033026579012,50.95931258829463,1021.2
72,60.0,39292,0.8133677500000001,2.510512353350583,54.09164670830992,1035.0
73,100.0,40095,0.8095535,2.411341500386206,55.118476501882895,1060.5
74,220.0,40859,0.8059245,2.4802984770055843,57.59585973230332,1087.0
75,100.0,41400,0.80335475,2.6151701442194955,59.80049596564386,1104.3
76,40.0,41823,0.8013455,2.5183711349259594,61.19550075485915,1117.7
77,160.0,42394,0.79863325,2.744861815209564,63.03188423517498,1136.0
78,180.0,43103,0.7952655,2.72094698794638,66.03423727920597,1165.9
79,280.0,44102,0.79052025,2.861685460394209,69.01362167297302,1199.1
80,220.0,44958,0.78645425,2.9915346245620853,72.22399094840077,1227.4
81,260.0,46107,0.7809965,3.2336009255796023,76.71511259817683,1285.7
82,380.0,47212,0.7757477500000001,3.3935392742243287,80.82638572244083,1344.8
83,120.0,47759,0.7731495,3.6149441611832196,83.86147161201323,1372.2
84,100.0,48234,0.7708932500000001,3.8142660233848975,86.96113537437037,1397.1
85,80.0,48695,0.7687035,3.7299935747899617,88.19527735679114,1421.3
86,140.0,49241,0.7661100000000001,3.9427004002389454,91.28919208792104,1450.9
87,140.0,49894,0.76300825,4.014258918864439,93.38011642619625,1488.3
88,260.0,50791,0.7587475,4.302335697671642,98.62127699155606,1536.4
89,160.0,51433,0.755698,4.308954975315344,102.63011619829315,1571.0
90,220.0,52267,0.7517365,4.364756944225275,105.99858736362961,1616.9
91,200.0,52985,0.748326,4.3986636687454075,108.59378307310652,1655.3
92,180.0,53722,0.7448252500000001,4.311342460329529,111.99501107990984,1695.0
93,0.0,54058,0.74322925,4.200200820253009,113.06267216092064,1713.1
94,40.0,54547,0.7409065,4.443640184548735,115.8715662887979,1739.3
95,80.0,55182,0.73789025,4.5379487473195,117.29880737544984,1775.0
96,160.0,55831,0.7348075000000001,4.475670228386513,120.07943182476497,1812.6
97,120.0,56518,0.73154425,4.4684110706376545,122.5015862144237,1853.5
98,160.0,57177,0.728414,4.495154175483402,124.92128100706341,1895.6
99,160.0,57738,0.72574925,4.414049748218421,127.08868409563088,1927.0
100,100.0,58247,0.7233315,4.697032290029619,130.37028653307843,1955.4
101,120.0,58932,0.72007775,4.595381192221259,131.92963004007828,1996.2
102,180.0,59710,0.71638225,4.765531520917054,139.45884515325943,2039.7
103,300.0,60845,0.710991,5.012840885422828,143.51853118089852,2105.0
104,100.0,61306,0.70880125,5.130797357207523,149.22305882054658,2131.8
105,160.0,62188,0.70461175,5.15721904569202,151.93633417315493,2183.1
106,140.0,62806,0.70167625,5.204978266965996,155.70395948045848,2221.4
107,120.0,63287,0.6993914999999999,5.468963742504001,160.31210991746423,2249.8
108,260.0,64222,0.69495025,5.587801892744666,164.0855568380917,2305.1
109,180.0,64909,0.6916869999999999,5.446365654208254,165.3291321911319,2344.8
110,180.0,65699,0.6879345,5.7308303380314305,172.22545054954819,2388.0
111,240.0,66753,0.682928,5.897879438789339,179.68824186813674,2427.8
112,160.0,67381,0.679945,6.122988573305166,185.75079136745185,2452.5
113,100.0,67905,0.6774560000000001,6.220699943203963,187.98828395814385,2473.2
114,260.0,68825,0.6730860000000001,6.617228095427803,194.60623832370925,2508.5
115,200.0,69479,0.6699795000000001,6.683544421050162,199.50459338546892,2534.4
116,160.0,70332,0.66592775,6.755731304812683,201.28647923888803,2567.2
117,160.0,70981,0.662845,6.777256570721995,203.76523353800016,2593.6
118,80.0,71520,0.66028475,6.974225371136073,206.05878390451971,2614.7
119,140.0,72161,0.65724,6.6224145245812425,208.25444752043012,2640.5
120,160.0,72790,0.65425225,6.821445925626163,212.90549768590395,2665.4
121,100.0,73326,0.65170625,6.693899066590551,214.30973628029895,2687.7
122,120.0,73880,0.64907475,6.673012071998541,215.51927815791933,2709.8
123,180.0,74892,0.64426775,6.664485168080085,219.0197675501405,2752.3
124,100.0,75383,0.6419355,6.589639095570551,224.0627072211924,2772.9
125,160.0,76245,0.637841,6.533094195506412,226.08023851930128,2808.7
126,180.0,76923,0.6346205,6.466020446259715,226.0962474001544,2836.6
127,240.0,77899,0.6299845,6.450892656552987,231.2005214222142,2876.0
128,160.0,78957,0.624959,6.458798109471009,236.68872566439478,2917.3
129,200.0,79667,0.6215865,6.353104346906635,236.78335216683402,2944.7
130,60.0,80071,0.6196675,6.482883923124559,236.99907699433885,2960.3
131,220.0,81052,0.61500775,6.4531863809968595,238.2150997896807,2999.1
132,120.0,81693,0.611963,6.315801251139172,240.0141349233071,3024.3
133,180.0,82408,0.60856675,6.527505079349438,240.61622244027944,3052.9
134,40.0,82821,0.6066050000000001,6.439361741410041,240.8010766350328,3069.4
135,200.0,83705,0.602406,6.61448587308642,241.26777324417597,3105.3
136,120.0,84221,0.599955,6.7168248221855755,243.10325888700262,3125.6
137,220.0,84986,0.59632125,6.430260883748921,241.8358772427428,3155.5
138,20.0,85387,0.5944165,6.458679626707425,248.04092232188086,3171.6
139,100.0,85899,0.5919845,6.589585603680462,246.89618250727654,3191.7
140,40.0,86335,0.5899135,6.307127124125804,248.6610425896601,3209.2
141,80.0,86878,0.5873342500000001,6.379417386063774,250.858536778234,3231.6
142,40.0,87320,0.58523475,6.5094504658453065,250.53450737172122,3249.7
143,100.0,87882,0.58256525,6.328202970511549,252.5331599008146,3273.3
144,140.0,88509,0.5795870000000001,6.457463679321265,251.92870955033735,3298.4
145,100.0,89099,0.5767845,6.5572230472403055,254.4920304896468,3321.8
146,40.0,89560,0.57459475,6.453246808620958,257.38278790720113,3339.8
147,0.0,89939,0.5727945000000001,6.4777265721071995,258.5504747858777,3354.7
148,40.0,90342,0.57088025,6.44274650554799,260.78822584128557,3370.2
149,100.0,91025,0.567636,6.4699547367598615,259.62778487421934,3397.1
150,20.0,91377,0.565964,6.508962379260496,261.3978628678755,3411.4
151,0.0,91765,0.5641210000000001,6.534356690559191,262.1928913470396,3426.5
152,20.0,92208,0.5620167500000001,6.874671540464828,262.57470207128245,3443.8
153,40.0,92639,0.5599695,6.7650582784843,266.5239254980242,3460.5
154,40.0,93090,0.55782725,6.855613916781948,264.26660054750295,3478.3
155,120.0,93956,0.55371375,6.764684837354523,268.07877450286657,3512.4
156,260.0,95163,0.5479805,6.673452394306906,268.4631863446303,3559.7
157,100.0,95694,0.54545825,7.022670695112699,270.1666572700112,3580.0
158,40.0,96172,0.54318775,6.587746675543206,271.96240253528293,3599.2
159,120.0,97007,0.5392215,6.730297677959511,270.796598660589,3632.4
160,200.0,97810,0.53540725,6.6010301610452595,276.01195316148426,3664.5
161,260.0,98640,0.53146475,6.790913532728172,279.8185024399355,3699.7
162,180.0,99717,0.526349,7.107901507876156,282.77700948759485,3743.5
163,140.0,100418,0.52301925,6.780163637071465,290.371183757265,3772.1
164,280.0,101266,0.51899125,7.113674684234385,293.00293343022184,3805.8
165,140.0,101881,0.51607,7.266748668701668,296.4052672347402,3829.4
166,140.0,102405,0.5135810000000001,7.209893263023318,299.1460041890617,3850.4
167,120.0,102960,0.51094475,7.3983796497723,298.3377142553931,3873.5
168,120.0,103488,0.50843675,7.711219178456249,304.7094522533995,3894.9
169,180.0,104254,0.5047982500000001,7.715519602865214,306.3184930188849,3925.4
170,220.0,105021,0.501155,7.578329317883687,307.6900062013947,3955.8
171,220.0,105983,0.4965855,7.502039110834039,311.42717189352624,3994.1
172,220.0,106664,0.49335075000000006,7.523448805451919,314.86042480916876,4021.2
173,240.0,107550,0.48914225,7.512439500666633,315.0816157838292,4055.6
174,240.0,108423,0.4849955,7.568842409129542,314.67380208193504,4091.0
175,120.0,108967,0.4824115,7.05689687281847,315.10046779408174,4113.5
176,280.0,110005,0.47748100000000004,7.4193511218234525,316.0587568926214,4155.8
177,220.0,111165,0.47197100000000003,7.558932336651046,319.6184613458041,4202.5
178,260.0,111952,0.46823275,7.195715676420374,319.72014570417974,4233.9
179,180.0,112520,0.4655347500000001,7.400614022369116,320.310709510051,4256.6
180,60.0,112934,0.46356825,7.272373721795382,321.1944958230724,4273.1
181,120.0,113618,0.46031925000000007,7.044100256691202,321.5235301235266,4300.6
182,120.0,114313,0.45701800000000004,6.9646599014885995,320.7797562633487,4328.2
183,100.0,114747,0.4549565000000001,6.83889348331135,320.01404778968356,4345.9
184,200.0,115559,0.4510995,6.978167960943259,320.3471798826321,4378.2
185,120.0,116256,0.44778875000000007,6.6947547171687125,320.6988917259096,4405.3
186,220.0,117073,0.4439080000000001,6.8573601584393655,320.6728772615132,4438.3
187,180.0,117677,0.44103899999999996,6.797927595921699,322.76686798499907,4462.6
188,220.0,118613,0.436593,6.715253075473329,321.7693226806119,4501.2
189,100.0,119161,0.43399,6.555351382624494,319.9933842568502,4523.5
190,180.0,119839,0.4307695,6.61761916316716,319.8035096475157,4551.9
191,160.0,120548,0.42740175,6.6815972923391795,318.8172006970232,4580.3
192,120.0,121193,0.424338,6.604632559672806,319.0961295194404,4607.2
193,100.0,121647,0.4221815,6.665327150391062,319.6038701397732,4625.3
194,220.0,122554,0.41787325,6.8843571671840245,320.870070351261,4661.0
195,200.0,123478,0.4134842500000001,6.7855512105025255,320.3878750161175,4698.3
196,60.0,123896,0.41149875,6.57155759368787,321.66821478884754,4714.8
197,180.0,124508,0.40859175000000003,6.492649042138867,319.81092266007965,4739.4
198,120.0,124977,0.40636400000000006,6.637197883652726,320.43053925927006,4758.1
199,340.0,126313,0.400018,6.72948316979908,321.68536751570105,4812.8
200,120.0,126952,0.39698275000000005,6.672492626127503,322.6930813737132,4839.6
201,100.0,127470,0.39452224999999996,6.9497328702087104,324.60468224484947,4860.0
202,160.0,128178,0.39115924999999996,6.820771976042602,324.0228816749012,4888.5
203,240.0,129384,0.38543075000000004,7.026225609565849,324.18485909077657,4938.1
204,80.0,129875,0.3830985,7.0063034415002265,324.936649361356,4957.6
205,100.0,130524,0.3800157500000001,6.671331984236354,326.5942850450889,4983.7
206,140.0,131291,0.3763725,7.188179729503945,327.45554209563693,5013.8
207,60.0,131746,0.37421125,7.366376852727198,331.9075404575893,5031.9
208,80.0,132271,0.37171750000000003,7.361612873531524,331.4925761486235,5053.2
209,300.0,133338,0.36664925000000004,7.006700297438774,332.9469993469753,5096.6
210,80.0,133772,0.3645877500000001,6.924909490044765,335.26761546332716,5114.1
211,380.0,134963,0.35893050000000004,7.333954659156896,336.26177863209915,5162.4
212,280.0,135935,0.35431350000000006,7.316556512083046,341.83306310206285,5201.9
213,80.0,136502,0.35162024999999997,7.527084849288644,340.870895735591,5225.6
214,260.0,137633,0.346248,7.478384180262909,341.74833248823114,5271.1
215,200.0,138423,0.34249550000000006,7.311080707175822,345.07737430620796,5302.2
216,220.0,139220,0.33870975000000003,7.448266263289314,346.345048815872,5333.7
217,220.0,140171,0.3341925,7.719135318268737,344.8580780510647,5371.6
218,280.0,141239,0.3291195,7.719321030356018,347.02630183759254,5414.0
219,200.0,141842,0.3262552500000001,7.637299602106832,351.38334334390873,5437.9
220,180.0,142560,0.3228447500000001,7.615372989835182,351.2065204843505,5467.0
221,180.0,143318,0.31924425,7.618476096432568,354.3381300551281,5497.8
222,80.0,143792,0.31699275000000005,7.129562275822153,355.4060967682786,5517.4
223,140.0,144417,0.31402399999999997,7.284948770523071,356.17943359375,5542.9
224,260.0,145423,0.30924549999999995,7.221389064257946,354.98629144930226,5587.4
225,80.0,145956,0.3067137500000001,7.452529900964161,357.2495934234104,5609.7
226,60.0,146537,0.30395400000000006,7.29929652928075,354.08534285369717,5634.0
227,80.0,147055,0.3014935000000001,7.326985669412208,353.9777396654991,5655.4
228,140.0,147708,0.29839174999999996,7.19897250486552,355.4090283614388,5684.1
229,100.0,148230,0.29591225,7.031877910497088,354.6807422857175,5706.5
230,140.0,149048,0.29202675,7.049049365054133,353.15427851968406,5740.5
231,120.0,149591,0.2894475000000001,7.118121445288755,352.99578317884584,5762.4
232,320.0,150620,0.2845597500000001,6.986644327814308,350.596323560116,5803.6
233,200.0,151301,0.28132500000000005,6.843131376433128,349.40510010124126,5830.4
234,280.0,152265,0.27674600000000005,7.077688821247505,351.44084009194273,5868.7
235,240.0,153084,0.27285575000000006,6.940812858906421,349.5075201796088,5901.4
236,240.0,154109,0.2679870000000001,6.880021283335802,347.57325135766007,5942.3
237,260.0,155163,0.26298050000000006,6.84431122003063,345.8988467945772,5984.4
238,340.0,155999,0.2590095000000001,6.668490780882858,347.32120221881775,6018.0
239,320.0,157107,0.2537465000000001,6.880018791674707,346.4435097043695,6062.6
240,440.0,158388,0.24766175000000012,6.679241612774613,346.62650126949313,6137.9
241,420.0,159549,0.242147,6.9719798123395,343.14531532307313,6205.1
242,140.0,160219,0.23896450000000002,6.894204351795254,343.58031730082496,6243.6
243,220.0,161121,0.23468,6.77341110439364,343.3563340688228,6296.9
244,260.0,161958,0.23070425000000006,6.685766942612159,343.88892101073634,6347.1
245,120.0,162531,0.2279825000000001,6.709969314397109,345.04088380823583,6380.3
246,120.0,163062,0.22546025000000014,6.562902011215799,345.033664222042,6411.2
247,320.0,164116,0.22045375,6.498614987906287,345.55680962984206,6473.4
248,100.0,164708,0.21764174999999997,6.687962753547205,342.8839628889754,6508.5
249,220.0,165543,0.21367550000000013,6.663474302234764,342.33460167068205,6556.6
250,220.0,166230,0.21041224999999997,6.599934768121489,341.59394705382323,6596.4
251,140.0,166859,0.2074245,6.792374963222134,338.64415897436095,6632.4
252,200.0,167799,0.20295950000000007,6.2167726377223405,340.6608732507584,6686.8
253,300.0,168823,0.19809549999999998,6.298618800938129,340.54725885391235,6747.1
254,300.0,169840,0.19326474999999999,6.391001808608176,344.4112037201078,6807.0
255,400.0,171367,0.1860115000000001,6.393099144618341,344.6883384040078,6897.6
256,380.0,172678,0.1797842500000001,6.479911316086735,347.30901156846664,6975.2
257,260.0,173614,0.17533825000000003,6.297423530592877,348.13095735077167,7028.7
258,320.0,174767,0.1698615,6.428911396036537,345.90101092852206,7094.9
259,120.0,175515,0.16630850000000008,6.412167379084756,348.211673634575,7138.3
260,200.0,176297,0.16259400000000002,6.465096769125565,348.7366133589879,7183.3
261,220.0,177286,0.15789625000000007,6.468013315277948,347.71273840739343,7240.0
262,100.0,177853,0.15520299999999998,6.605745160180215,348.2009164853912,7272.7
263,280.0,178888,0.15028675000000002,6.215832785822919,346.80239319732226,7331.8
264,440.0,180360,0.14329475000000003,6.339260999194306,346.0723274272421,7416.2
265,180.0,181077,0.13988900000000004,6.448874926467321,344.61892857677935,7457.3
266,160.0,181851,0.13621250000000007,6.356423385691581,344.31030750521086,7502.7
267,200.0,182612,0.13259775000000007,6.091742564438207,344.25250717343545,7546.7
268,180.0,183302,0.12932025000000003,6.187597269251727,342.6060823302338,7586.4
269,300.0,184448,0.12387674999999998,6.131125525030166,342.4379067678934,7652.5
270,140.0,185062,0.12096024999999999,5.958624960351068,341.9619250965429,7687.5
271,180.0,186098,0.11603925000000004,6.134137926990001,338.30973161969865,7746.6
272,220.0,186848,0.11247675000000001,6.11053168296814,339.9812370198568,7827.2
273,280.0,187900,0.1074797500000001,5.787976985421924,338.8749244893005,7902.9
274,360.0,189002,0.10224525000000007,5.706688382772699,340.460991251923,7973.3
275,260.0,190025,0.09738600000000008,5.7862467134220275,339.48827063000215,8038.2
276,180.0,190680,0.09427475000000007,5.888487582898322,339.1826729577916,8079.9
277,200.0,191458,0.09057925,5.790311826225418,338.5075993084356,8128.8
278,120.0,192123,0.08742050000000012,5.526830617646525,337.3963049408188,8173.9
279,300.0,193129,0.082642,5.687278299990515,337.3618791250301,8237.3
280,180.0,193969,0.07865200000000006,5.455241999172029,338.7221163068499,8287.8
281,280.0,195129,0.07314200000000004,5.410277823024782,338.1015907024515,8353.1
282,260.0,195862,0.06966025000000009,5.563698575408853,338.1626095635179,8392.1
283,160.0,196574,0.0662782500000001,5.371480796946568,335.0771496376295,8429.7
284,240.0,197282,0.06291525000000009,5.289531305011383,335.61138178938523,8465.0
285,220.0,198025,0.05938600000000005,5.03806685534974,336.8460109294825,8500.4
286,120.0,198575,0.05677350000000003,5.215834461775693,336.4945094438033,8525.4
287,200.0,199358,0.05305424999999997,5.153453448570856,336.72886285501727,8567.9
288,160.0,199937,0.050304000000000015,5.164726935314185,335.60725853480204,8599.5
289,180.0,200937,0.050000000000000044,5.0592168318033215,335.2085329589844,8651.9
290,180.0,201700,0.050000000000000044,5.205018140385379,334.4778902746278,8695.7
291,220.0,202585,0.050000000000000044,4.937424732062776,333.75660834878175,8741.4
292,280.0,203624,0.050000000000000044,5.025680563791769,332.6912341884286,8787.4
293,200.0,204363,0.050000000000000044,5.1397301690988195,332.9848847137575,8819.1
294,260.0,205333,0.050000000000000044,5.175500612775075,332.6955229454434,8866.6
295,260.0,206392,0.050000000000000044,5.057301712103674,332.37228330156506,8918.4
296,320.0,207599,0.050000000000000044,5.133102954174728,331.6678521662778,8976.5
297,200.0,208315,0.050000000000000044,5.13087204514935,333.1268415823995,9007.4
298,340.0,209368,0.050000000000000044,5.098358502188752,330.557260337605,9058.2
299,100.0,209830,0.050000000000000044,4.708854536215465,331.71871142366746,9078.8
300,480.0,211500,0.050000000000000044,4.991227831740579,327.9893373409431,19527.6
301,220.0,212304,0.050000000000000044,5.1780514665207455,328.615295561985,19559.4
302,160.0,213223,0.050000000000000044,5.122634520598154,328.0680124575477,19595.5
303,160.0,213890,0.050000000000000044,5.125935787918686,325.4237773843791,19623.8
304,120.0,214542,0.050000000000000044,4.848708321346096,326.7689141349558,19652.4
305,240.0,215477,0.050000000000000044,5.0636253856720135,325.02610591133646,19691.8
306,240.0,216404,0.050000000000000044,5.009272984959418,324.5388895012157,19730.5
307,160.0,217239,0.050000000000000044,4.917093287542195,323.999836666998,19764.8
308,140.0,217916,0.050000000000000044,4.831161076068174,323.5163908244236,19792.6
309,200.0,218806,0.050000000000000044,5.06447906641478,321.7643064005991,19829.3
310,180.0,219624,0.050000000000000044,4.885316260723729,321.7765197753906,19862.8
311,300.0,220644,0.050000000000000044,4.864118426336962,321.61612405215993,19903.5
312,120.0,221181,0.050000000000000044,4.643430211912542,323.2895082725937,19925.2
313,180.0,222117,0.050000000000000044,4.65819150247635,321.1055788871569,19963.9
314,240.0,223075,0.050000000000000044,5.127502405568801,322.32513096437077,20002.1
315,120.0,223863,0.050000000000000044,4.838164936921318,319.6507334830192,20033.1
316,180.0,225127,0.050000000000000044,4.49506891745178,320.0665122889265,20083.0
317,140.0,225989,0.050000000000000044,4.43169964051302,321.47250440557707,20116.7
318,80.0,226555,0.050000000000000044,4.4962771071562075,317.654262852753,20138.9
319,240.0,227561,0.050000000000000044,4.740671814435993,318.35533227029424,20178.3
320,260.0,228615,0.050000000000000044,4.575608033835322,319.16913817548664,20220.4
321,100.0,229106,0.050000000000000044,4.656030766347275,319.93419223016247,20239.5
322,120.0,229644,0.050000000000000044,4.575117781259757,317.12227917072056,20261.5
323,120.0,230126,0.050000000000000044,4.530975068753191,317.8830121938618,20280.9
324,160.0,230788,0.050000000000000044,4.418942499376856,317.10568661416045,20317.1
325,240.0,231517,0.050000000000000044,4.550351061938722,313.28569924520696,20363.0
326,140.0,232567,0.050000000000000044,4.496773618743533,313.11302679152715,20436.2
327,200.0,233488,0.050000000000000044,4.127418472764288,310.8731527918713,20493.5
328,420.0,234709,0.050000000000000044,4.387991518685312,309.3397435993566,20579.5
329,200.0,235560,0.050000000000000044,4.09206548826955,308.32711487175015,20630.3
330,260.0,236837,0.050000000000000044,4.219127780026351,307.5190178998859,20706.6
331,200.0,237654,0.050000000000000044,4.051188046083018,308.4559102426106,20755.3
332,280.0,238981,0.050000000000000044,4.120302405138166,306.9627565845297,20840.1
333,200.0,239673,0.050000000000000044,4.100384928587544,305.2144576276658,20882.9
334,240.0,240660,0.050000000000000044,4.101178175772577,305.1767954415705,20948.2
335,220.0,241513,0.050000000000000044,4.069835955624284,303.72602899692265,21000.2
336,240.0,242413,0.050000000000000044,4.012620036138428,302.1798020595974,21054.1
337,80.0,243005,0.050000000000000044,4.146010011333871,302.4458823590665,21089.5
338,160.0,243660,0.050000000000000044,4.161404252780303,300.31478632570224,21127.7
339,120.0,244545,0.050000000000000044,4.003661831287341,301.91281712418896,21179.8
340,40.0,245143,0.050000000000000044,3.961444861514114,301.13989285880507,21214.9
341,140.0,245948,0.050000000000000044,4.011114415174686,300.38740611579846,21264.0
342,220.0,246896,0.050000000000000044,3.9043029958563014,298.08785439342387,21306.1
343,140.0,247525,0.050000000000000044,3.762607794403082,297.6511668825377,21331.6
344,160.0,248202,0.050000000000000044,3.8668614936720145,298.4659604589555,21358.6
345,380.0,249459,0.050000000000000044,3.732713073989941,297.99262257578266,21409.1
346,380.0,250994,0.050000000000000044,3.8047371309820917,298.8830553384091,21468.8
347,100.0,251540,0.050000000000000044,3.548680855241014,299.171256627792,21490.1
348,340.0,252947,0.050000000000000044,3.857791462474964,296.28056334364726,21547.1
349,180.0,253766,0.050000000000000044,3.6583538295585156,296.1084361093822,21579.8
350,460.0,255219,0.050000000000000044,3.73912142591483,293.8716697194046,21636.7
351,180.0,256040,0.050000000000000044,3.7849743475141535,291.49324788361895,21668.5
352,80.0,256553,0.050000000000000044,3.6498377044298493,289.8112870006301,21688.7
353,140.0,257411,0.050000000000000044,3.879507582573902,289.23595296864187,21722.3
354,100.0,257889,0.050000000000000044,3.448811390160517,288.44990711930404,21740.9
355,260.0,258990,0.050000000000000044,3.4379501550117477,287.89603774012704,21784.0
356,240.0,260050,0.050000000000000044,3.6726421536139724,287.0035866359495,21825.5
357,220.0,261121,0.050000000000000044,3.660217985329953,286.68243546401305,21869.3
358,160.0,261942,0.050000000000000044,3.788196089642347,287.17584642974816,21901.2
359,180.0,262797,0.050000000000000044,3.6943223340469493,286.08613327650994,21933.7
360,100.0,263545,0.050000000000000044,3.735894965376446,285.090814111067,21962.5
361,200.0,264445,0.050000000000000044,3.866816442542606,285.80400885687936,21997.4
362,160.0,265286,0.050000000000000044,3.5056108559496195,282.0364151273131,22030.0
363,160.0,266163,0.050000000000000044,3.787741286724704,283.06783375582376,22063.7
364,160.0,266913,0.050000000000000044,3.727446936527888,281.4498282470703,22092.4
365,260.0,268033,0.050000000000000044,3.82158205807209,281.759439931597,22135.9
366,160.0,268788,0.050000000000000044,3.704899951164296,279.32308313230806,22166.0
367,340.0,270018,0.050000000000000044,3.5803174047450708,278.2581836111177,22213.7
368,240.0,270869,0.050000000000000044,3.7480319458925626,277.5244576692861,22248.2
369,260.0,271896,0.050000000000000044,3.6629028389957656,274.57344264668404,22288.7
370,120.0,272768,0.050000000000000044,3.7392128714864405,273.54707451916613,22322.4
371,240.0,273727,0.050000000000000044,3.802921097892666,271.9919223884845,22360.1
372,280.0,274872,0.050000000000000044,3.5440149500380436,269.52401254978764,22405.4
373,180.0,276191,0.050000000000000044,3.8057296666075913,268.0016379193703,22459.1
374,280.0,277333,0.050000000000000044,3.5755967436237635,266.8049258417507,22505.5
375,220.0,278279,0.050000000000000044,3.6242157060172544,266.0645214024356,22542.5
376,240.0,279337,0.050000000000000044,3.4440484983821897,264.4643554831723,22584.3
377,220.0,280199,0.050000000000000044,3.5483659532119947,263.47915874224526,22617.8
378,200.0,280933,0.050000000000000044,3.525336071158625,264.12828142961297,22647.1
379,240.0,281883,0.050000000000000044,3.4723347497613806,262.8608933137593,22684.7
380,240.0,282608,0.050000000000000044,3.418382457946909,262.04872619628907,22714.0
381,340.0,283657,0.050000000000000044,3.4382769383625034,260.3948790456592,22755.4
382,220.0,284457,0.050000000000000044,3.213060023635626,261.09036680221556,22786.9
383,80.0,285211,0.050000000000000044,3.1566065604395828,261.86583707693086,22817.3
384,280.0,286270,0.050000000000000044,3.3193807733633025,260.2307318524441,22859.0
385,160.0,287001,0.050000000000000044,3.2048330102345197,259.6686063419452,22888.2
386,540.0,288738,0.050000000000000044,3.1697152252504726,256.64155051539393,22957.9
387,320.0,289769,0.050000000000000044,3.0857054107288615,254.65113219326844,22998.4
388,240.0,290978,0.050000000000000044,3.103740866909942,253.30544889969113,23064.7
389,280.0,291942,0.050000000000000044,3.0248997317804833,252.06205361710545,23125.9
390,140.0,292762,0.050000000000000044,3.130636033997303,251.68674024256265,23174.9
391,240.0,293599,0.050000000000000044,2.9529215963368207,250.30561341863378,23228.2
392,100.0,294182,0.050000000000000044,2.8358397099411508,250.40580372622247,23263.0
393,140.0,294783,0.050000000000000044,3.0103843406512216,247.98009916232547,23299.8
394,180.0,295596,0.050000000000000044,2.770408525091549,246.89634941072921,23350.1
395,280.0,296731,0.050000000000000044,2.870395257399471,246.56299820282385,23421.2
396,220.0,297826,0.050000000000000044,2.9224680266423855,244.79513779731647,23489.1
397,200.0,298602,0.050000000000000044,2.9931332009662057,244.8043011734166,23538.1
398,220.0,299593,0.050000000000000044,2.929057080558042,244.1028028039711,23598.9
399,220.0,300403,0.050000000000000044,3.0794617738252805,242.51374334641446,23648.9
400,180.0,301198,0.050000000000000044,3.0080194606721027,239.75683396057514,23704.9
401,140.0,301904,0.050000000000000044,2.793069455424382,240.96812220673385,23755.7
402,100.0,302809,0.050000000000000044,2.6783600544402613,239.7099566717833,23812.2
403,200.0,304118,0.050000000000000044,2.7877026076440687,238.12159502861425,23891.0
404,100.0,304972,0.050000000000000044,2.836735923061326,238.15468438391943,23942.6
405,180.0,305895,0.050000000000000044,2.83394201411457,237.87554936600145,23999.2
406,140.0,307073,0.050000000000000044,2.7418067044940586,236.7845911048669,24072.4
407,220.0,308024,0.050000000000000044,2.706005680824304,235.52338572280516,24129.7
408,100.0,308727,0.050000000000000044,2.7985278080571256,234.77435144286068,24172.3
409,100.0,309553,0.050000000000000044,2.7993880057161715,234.64229171789876,24221.8
410,180.0,310391,0.050000000000000044,2.8087010791876437,234.01699213651597,24273.1
411,140.0,311075,0.050000000000000044,2.783342476825268,234.32648831640768,24315.6
412,40.0,311547,0.050000000000000044,2.8636354774994364,232.5851120059773,24344.7
413,60.0,312031,0.050000000000000044,2.783168168846241,231.84854293066607,24373.1
414,140.0,312666,0.050000000000000044,2.808177447225165,231.65140866257073,24410.5
415,280.0,314030,0.050000000000000044,2.676577842436578,230.63490663455727,24495.7
416,100.0,314525,0.050000000000000044,2.789409148813498,231.16746132590555,24526.3
417,140.0,315212,0.050000000000000044,2.8833803842508465,230.6255461846897,24569.4
418,160.0,315985,0.050000000000000044,2.799131446984268,229.93107535891514,24614.4
419,120.0,316589,0.050000000000000044,2.865465530397876,229.5067090419744,24642.9
420,120.0,317077,0.050000000000000044,2.8291936858755644,226.80879445935858,24663.1
421,260.0,317861,0.050000000000000044,2.6434683421892777,226.423256231814,24695.4
422,220.0,318762,0.050000000000000044,2.7350458003307687,224.13994995523637,24732.2
423,220.0,319705,0.050000000000000044,2.6144765031110193,223.86654255321903,24769.9
424,320.0,320736,0.050000000000000044,2.701170736557066,222.8017357901158,24811.1
425,240.0,321635,0.050000000000000044,2.7232192851876524,219.7138100052304,24848.3
426,260.0,322531,0.050000000000000044,2.8049901522629495,219.10591231073653,24885.4
427,140.0,323382,0.050000000000000044,2.670165848893088,217.81715715814002,24922.2
428,200.0,324345,0.050000000000000044,2.6139556470318377,217.19982461741162,24962.3
429,280.0,325311,0.050000000000000044,2.6028079313706165,217.39039172691835,25002.1
430,240.0,326209,0.050000000000000044,2.5743429182897963,216.02520751953125,25038.7
431,140.0,326917,0.050000000000000044,2.5986099031011936,213.64288931377862,25067.6
432,140.0,327767,0.050000000000000044,2.627219551240697,213.64202652875116,25101.4
433,220.0,328805,0.050000000000000044,2.5485853497692617,213.7179339487888,25142.6
434,480.0,330252,0.050000000000000044,2.4980955403594205,212.41591446566105,25201.4
435,220.0,331158,0.050000000000000044,2.6140254391542332,212.94578228881028,25238.0
436,120.0,331859,0.050000000000000044,2.591146291620211,212.7183218614521,25265.5
437,380.0,333387,0.050000000000000044,2.4667836172769517,211.37841934683436,25325.7
438,500.0,335155,0.050000000000000044,2.374186166692778,210.23098470938152,25395.6
439,340.0,336323,0.050000000000000044,2.5252858210763294,208.03651609812698,25441.9
440,180.0,337079,0.050000000000000044,2.406370104975486,207.53547081114755,25472.8
441,260.0,338670,0.050000000000000044,2.447634902692006,206.2181271517674,25535.5
442,100.0,339460,0.050000000000000044,2.3468311464107487,205.22655087241642,25565.9
443,120.0,340109,0.050000000000000044,2.3744749656443602,204.0987944287034,25591.6
444,160.0,340808,0.050000000000000044,2.5523019225812265,204.83039589637679,25620.2
445,120.0,341528,0.050000000000000044,2.412317350713743,205.1222966723972,25649.5
446,60.0,342007,0.050000000000000044,2.3140993930228317,204.26041990531013,25669.0
447,260.0,342980,0.050000000000000044,2.1979564162467025,203.3332759155399,25709.0
448,180.0,343967,0.050000000000000044,2.3500225538238806,203.11795419617627,25749.2
449,180.0,344637,0.050000000000000044,2.322920852276816,202.11998552920213,25776.9
450,140.0,345181,0.050000000000000044,2.298125264015706,201.53190349130068,25799.0
451,220.0,346074,0.050000000000000044,2.2288803262980226,201.78689419702613,25835.0
452,180.0,346721,0.050000000000000044,2.382281076733075,199.33073446518486,25861.8
453,100.0,347266,0.050000000000000044,2.493285077974337,200.03876603152773,25884.1
454,120.0,347954,0.050000000000000044,2.4308046190457984,200.10032485252202,25911.9
455,200.0,348889,0.050000000000000044,2.2800584442794003,200.15465574213528,25949.6
456,140.0,349790,0.050000000000000044,2.4068845646429007,200.84163466780618,25986.0
457,240.0,350754,0.050000000000000044,2.394295153961637,199.15097125041535,26025.0
458,240.0,351689,0.050000000000000044,2.4559660393924,196.93898592862215,26064.0
459,120.0,352317,0.050000000000000044,2.249466105488835,195.75979806207548,26089.8
460,140.0,353222,0.050000000000000044,2.344381797346621,194.73301892359612,26126.8
461,120.0,354003,0.050000000000000044,2.435217714645493,194.64053778459106,26159.1
462,180.0,355051,0.050000000000000044,2.4709518604435536,193.46453264833406,26201.9
463,220.0,356032,0.050000000000000044,2.514455458591716,192.24367296877986,26241.9
464,260.0,357165,0.050000000000000044,2.386918040996932,190.6585034928486,26289.0
465,340.0,358570,0.050000000000000044,2.4045735118015803,191.21657253278957,26344.3
466,320.0,359786,0.050000000000000044,2.2927451188872126,191.50099791978536,26392.9
467,400.0,361195,0.050000000000000044,2.498273469904283,191.2709308784003,26450.1
468,340.0,362445,0.050000000000000044,2.5240718559741975,192.03868436279296,26500.5
469,300.0,363724,0.050000000000000044,2.6278396673832582,194.10439602968933,26551.0
470,140.0,364332,0.050000000000000044,2.604250619384019,195.48551825473183,26575.6
471,120.0,365065,0.050000000000000044,2.7365040905153606,197.357099254655,26604.2
472,260.0,366299,0.050000000000000044,2.809308367861341,198.9538197324187,26654.5
473,420.0,367683,0.050000000000000044,2.745984787175249,198.8750200877989,26709.6
474,300.0,368938,0.050000000000000044,2.763976852969819,198.80522054847017,26759.3
475,160.0,369742,0.050000000000000044,2.883276268765701,199.36559982679375,26790.9
476,160.0,370654,0.050000000000000044,2.8497498110590276,199.35039048445853,26826.9
477,120.0,371359,0.050000000000000044,2.792658500045749,201.76237485628602,26855.4
478,160.0,371993,0.050000000000000044,2.817859544550959,201.8070143209271,26881.4
479,260.0,373082,0.050000000000000044,3.0874679529196194,202.45641923103997,26925.3
480,420.0,374455,0.050000000000000044,2.8398316681428453,203.5818619919101,26981.1
481,260.0,375438,0.050000000000000044,3.0102086203629463,201.57037229334227,27019.9
482,120.0,376030,0.050000000000000044,3.1232302874528073,202.37190300709491,27043.4
483,100.0,376564,0.050000000000000044,3.0080760591262288,203.93536854147465,27064.4
484,180.0,377432,0.050000000000000044,2.832008667736559,203.16511445990355,27099.7
485,160.0,378336,0.050000000000000044,2.7961631721231788,200.91975024738144,27136.0
486,240.0,379122,0.050000000000000044,2.67954624298268,201.0775226855096,27166.7
487,100.0,379703,0.050000000000000044,2.641627071543938,201.29298432394478,27189.3
488,120.0,380676,0.050000000000000044,2.6586445788685364,201.21967763400886,27228.7
489,140.0,381419,0.050000000000000044,2.520751367427138,201.9719956039901,27259.5
490,100.0,382089,0.050000000000000044,2.4861158493739457,202.22711236298974,27286.4
491,200.0,382992,0.050000000000000044,2.611578336783818,201.52935840019487,27323.1
492,160.0,383686,0.050000000000000044,2.3693173621332955,200.78509765537052,27351.5
493,480.0,385158,0.050000000000000044,2.617081473460016,199.95523262023926,27411.0
494,180.0,386031,0.050000000000000044,2.4673054587663517,197.76809972039885,27445.4
495,220.0,386943,0.050000000000000044,2.477358074107191,196.60981593215675,27481.4
496,100.0,387537,0.050000000000000044,2.5447397351465644,197.89839077316952,27505.4
497,120.0,388105,0.050000000000000044,2.4767358159305344,194.83624753817705,27528.5
498,160.0,389087,0.050000000000000044,2.3880311878902605,195.19520993048206,27568.6
499,140.0,389762,0.050000000000000044,2.5938080763816833,195.82095137984663,27596.0
500,200.0,390590,0.050000000000000044,2.5272334855103837,194.4955614246608,27629.8
501,240.0,391685,0.050000000000000044,2.4440996189367827,193.9857025703883,27673.7
502,180.0,392601,0.050000000000000044,2.387692483621914,194.42655773246133,27710.1
503,280.0,393580,0.050000000000000044,2.325762012092524,192.79377523700842,27748.7
504,240.0,394703,0.050000000000000044,2.400173972837647,193.74363639199723,27792.8
505,200.0,395664,0.050000000000000044,2.3874408976096393,193.43108598945292,27831.4
506,260.0,396579,0.050000000000000044,2.364891643374344,192.14456438575286,27870.3
507,160.0,397302,0.050000000000000044,2.4066447001440068,191.06423730705123,27899.4
508,140.0,397901,0.050000000000000044,2.391157605164437,191.3155919044762,27923.2
509,120.0,398522,0.050000000000000044,2.3523919867912544,188.92288940233118,27947.8
510,160.0,399248,0.050000000000000044,2.3633904534266343,187.58197229558772,27976.4
511,280.0,400214,0.050000000000000044,2.3679448984116007,189.13326092832577,28015.7
512,160.0,400786,0.050000000000000044,2.4729363442092507,189.43265165315643,28039.0
513,120.0,401486,0.050000000000000044,2.448915871509484,189.0071540614537,28066.7
514,140.0,402268,0.050000000000000044,2.2051686439901363,188.01014186537174,28098.1
515,160.0,403017,0.050000000000000044,2.3877765046499757,186.14662124572672,28128.5
516,240.0,404089,0.050000000000000044,2.2302406875611243,185.89416530950746,28171.7
517,280.0,405016,0.050000000000000044,2.2599398232393666,186.95955839846383,28208.5
518,280.0,405961,0.050000000000000044,2.2440086142726674,187.43609840352698,28247.2
519,220.0,406918,0.050000000000000044,2.3710208423085346,184.58491665990624,28286.7
520,240.0,407925,0.050000000000000044,2.338537636082601,184.4733571845228,28327.5
521,100.0,408460,0.050000000000000044,2.4640722353881763,183.59611827814692,28349.1
522,480.0,410056,0.050000000000000044,2.36910885146686,182.2763504707126,28412.9
523,100.0,410600,0.050000000000000044,2.1703669882434258,180.05097122753367,28434.2
524,360.0,411959,0.050000000000000044,2.2451712989122927,180.07674380450499,28490.1
525,620.0,414230,0.050000000000000044,2.255385660996578,180.24233577766907,28582.1
526,160.0,414895,0.050000000000000044,2.1917655370737377,180.84332008074998,28609.8
527,120.0,415710,0.050000000000000044,2.369399107855522,179.70621740423098,28643.4
528,200.0,416687,0.050000000000000044,2.3048398218660053,180.47747159272646,28684.0
529,220.0,417559,0.050000000000000044,2.1840458638077482,179.15127003521002,28720.5
530,220.0,418235,0.050000000000000044,2.244656442317384,179.0539141886333,28748.7
531,200.0,419066,0.050000000000000044,2.2485460965713724,179.6903541372141,28782.8
532,280.0,420419,0.050000000000000044,2.2076454837500212,177.67482145186804,28838.5
533,120.0,421090,0.050000000000000044,2.0894607806525536,176.8315909509332,28866.4
534,60.0,421517,0.050000000000000044,2.279866259606158,176.50532004648963,28884.3
535,60.0,422120,0.050000000000000044,2.0961404108190616,174.522750816535,28908.9
536,100.0,422823,0.050000000000000044,2.17872659987101,175.5029001358054,28938.2
537,380.0,424129,0.050000000000000044,2.1377000348673847,174.37875508750926,28996.3
538,360.0,425374,0.050000000000000044,2.0473470105224822,172.36946414196825,29050.3
539,140.0,426007,0.050000000000000044,2.106764717736704,170.42311504779835,29076.8
540,220.0,426843,0.050000000000000044,2.055219444967628,170.76759206050892,29110.8
541,180.0,427668,0.050000000000000044,2.06129407062675,170.47356045809659,29143.5
542,200.0,428482,0.050000000000000044,2.1436229600440666,170.25434643044812,29176.5
543,140.0,429153,0.050000000000000044,2.1269792698534697,169.4279147629944,29203.1
544,260.0,430047,0.050000000000000044,2.0751038567065128,168.4855204076575,29238.9
545,200.0,430782,0.050000000000000044,2.025542475212188,166.2171340630979,29268.8
546,80.0,431340,0.050000000000000044,1.9855447753355921,165.3481804495644,29290.8
547,280.0,432578,0.050000000000000044,2.009040934853677,164.84857512367753,29340.1
548,180.0,433226,0.050000000000000044,2.0509373691898807,163.21732280872487,29368.4
549,280.0,434233,0.050000000000000044,2.08442104250459,163.45094222037534,29409.2
550,340.0,435639,0.050000000000000044,1.9995133048652076,161.83233067931695,29466.1
551,120.0,436312,0.050000000000000044,1.958842648483846,163.1801206750289,29493.6
552,140.0,436972,0.050000000000000044,1.9987497014981328,162.1048958865079,29520.4
553,400.0,438336,0.050000000000000044,1.9801580565503616,160.0432755310864,29575.6
554,440.0,439915,0.050000000000000044,2.0924043835455137,156.6152645591847,29641.7
555,180.0,440746,0.050000000000000044,2.0635001236566137,157.50440822927243,29676.3
556,240.0,441689,0.050000000000000044,1.917905277152835,155.95400440301015,29714.2
557,100.0,442223,0.050000000000000044,1.9302380724569386,156.30150115623903,29736.1
558,140.0,443063,0.050000000000000044,2.1253727461965313,155.61293400355748,29770.0
559,380.0,444406,0.050000000000000044,1.9747174748358935,154.83618743510186,29823.7
560,260.0,445609,0.050000000000000044,1.9569382184213733,154.79002275728524,29872.9
561,80.0,446144,0.050000000000000044,1.8147852444760153,154.50376315963604,29894.0
562,160.0,447012,0.050000000000000044,1.937622377571697,155.42128642912834,29929.0
563,160.0,447756,0.050000000000000044,1.7511978604059706,153.8596646913918,29958.8
564,260.0,448840,0.050000000000000044,1.9868159538815382,152.15452751638264,30002.6
565,420.0,450399,0.050000000000000044,1.976323261866591,151.62734386353557,30064.9
566,360.0,451606,0.050000000000000044,1.9420341151552745,151.87028484455098,30113.4
567,200.0,452604,0.050000000000000044,1.6801161462653853,150.81228983999492,30153.4
568,280.0,453819,0.050000000000000044,1.767046605093489,149.9852293038074,30203.0
569,60.0,454314,0.050000000000000044,1.7461504953076141,152.37701923100636,30222.9
570,180.0,455214,0.050000000000000044,1.8148134988049667,149.71680753072104,30259.9
571,80.0,455907,0.050000000000000044,1.722021863832102,150.04288760098544,30288.4
572,140.0,456674,0.050000000000000044,1.8022569184819288,148.2860954612921,30319.8
573,140.0,457317,0.050000000000000044,1.791087117944127,149.71141417697652,30346.4
574,120.0,458191,0.050000000000000044,1.7998066123072016,148.76505895828492,30382.0
575,120.0,459016,0.050000000000000044,1.864778078469363,147.81293184222596,30415.9
576,160.0,459535,0.050000000000000044,1.860780075737966,146.42336587777257,30436.8
577,200.0,460349,0.050000000000000044,1.6968059238842723,146.43441187603176,30469.8
578,140.0,461103,0.050000000000000044,1.6896472793635702,145.72331368322398,30499.8
579,160.0,462276,0.050000000000000044,1.7691611149376107,142.75264228762262,30548.2
580,180.0,463216,0.050000000000000044,1.7571333049142615,141.83218606177797,30587.1
581,160.0,463966,0.050000000000000044,1.557018865029017,140.1109223429362,30618.1
582,120.0,464798,0.050000000000000044,1.649384196758127,139.1274466606287,30651.6
583,280.0,465893,0.050000000000000044,1.681708081903523,139.08236360593475,30696.3
584,200.0,466879,0.050000000000000044,1.636701992692135,138.33670030017413,30736.1
585,340.0,468239,0.050000000000000044,1.6250594290411648,136.47222204769358,30791.1
586,260.0,469387,0.050000000000000044,1.6033883543120444,135.1544333135625,30838.1
587,140.0,470209,0.050000000000000044,1.6928534026817394,134.94005898431558,30871.7
588,240.0,471089,0.050000000000000044,1.7437193376774138,135.3188138441606,30908.7
589,140.0,471978,0.050000000000000044,1.60748546487569,134.3821070942487,30945.3
590,180.0,472813,0.050000000000000044,1.7258074377111332,135.3772967218639,30979.4
591,180.0,473703,0.050000000000000044,1.657534541541271,133.38795416328344,31015.3
592,240.0,474769,0.050000000000000044,1.6046485577135103,132.26254450671,31058.3
593,220.0,475667,0.050000000000000044,1.6321769243558424,131.73359868786648,31094.4
594,240.0,476735,0.050000000000000044,1.6922481094769548,130.29850081111607,31138.3
595,220.0,477688,0.050000000000000044,1.5639234101253192,129.7585788578702,31177.0
596,140.0,478573,0.050000000000000044,1.4705860597265643,128.65628059516519,31213.7
597,220.0,479537,0.050000000000000044,1.5645096323827739,127.36326341906029,31254.0
598,100.0,480120,0.050000000000000044,1.4401457764169978,126.66529228511438,31277.9
599,140.0,480932,0.050000000000000044,1.6685339444743588,126.82963056517352,31311.4
600,160.0,481874,0.050000000000000044,1.5658312632905955,124.76285357789122,31350.7
601,180.0,482726,0.050000000000000044,1.4306667952890126,124.5955669062798,31385.5
602,200.0,483645,0.050000000000000044,1.5154293640167071,123.79266887079515,31423.7
603,300.0,484719,0.050000000000000044,1.5365687339415763,123.36874594945925,31470.9
604,240.0,485732,0.050000000000000044,1.4241072794703835,122.21563857776157,31512.5
605,240.0,486847,0.050000000000000044,1.438859353097565,120.97896218748905,31558.5
606,140.0,487515,0.050000000000000044,1.4236280462609794,121.36391684252345,31585.5
607,260.0,488611,0.050000000000000044,1.4102383214762828,119.5328986731759,31629.4
608,180.0,489361,0.050000000000000044,1.4525630207657814,119.4040659383138,31660.3
609,200.0,490256,0.050000000000000044,1.4270535700314537,119.64659817658323,31697.1
610,220.0,491315,0.050000000000000044,1.4447811256190084,119.25676065936642,31741.7
611,260.0,492306,0.050000000000000044,1.446870867136629,118.4388693492901,31783.8
612,140.0,493036,0.050000000000000044,1.4412791948612422,117.65613888257171,31814.3
613,240.0,493835,0.050000000000000044,1.4272170197195344,118.58674769586555,31846.4
614,140.0,494554,0.050000000000000044,1.360836588996508,117.7865196196194,31874.9
615,300.0,496057,0.050000000000000044,1.3131081024736304,117.11325529076937,31936.2
616,220.0,496920,0.050000000000000044,1.3961176609108925,117.39831259187099,31971.8
617,260.0,497931,0.050000000000000044,1.3382859763889237,115.90437114651432,32012.0
618,160.0,499098,0.050000000000000044,1.3721728492927225,116.29177392928541,32060.3
619,80.0,499746,0.050000000000000044,1.2540770532034429,116.2064494262507,32087.2
620,200.0,500855,0.050000000000000044,1.3100141613829017,114.74908862101053,32132.8
621,220.0,501739,0.050000000000000044,1.3006914775835443,114.28727654849781,32168.6
622,140.0,502610,0.050000000000000044,1.2413865074464019,113.7852733537606,32203.7
623,60.0,503098,0.050000000000000044,1.2545192919549395,113.8924973597292,32223.3
624,100.0,503802,0.050000000000000044,1.3747874977363443,112.6657302162864,32252.0
625,80.0,504297,0.050000000000000044,1.4218378532715519,112.27560918018071,32272.0
626,300.0,505590,0.050000000000000044,1.2880839429167656,110.67196598038227,32324.3
627,200.0,506603,0.050000000000000044,1.2429119083747224,109.88538791396658,32365.6
628,120.0,507443,0.050000000000000044,1.288574984066543,109.55327702476865,32399.9
629,160.0,508355,0.050000000000000044,1.3852313456386982,109.13044265278599,32436.6
630,200.0,509218,0.050000000000000044,1.314228399189433,109.73733003335646,32471.6
631,120.0,509853,0.050000000000000044,1.2973758174209145,109.7608587670514,32497.6
632,120.0,510489,0.050000000000000044,1.2830329625252284,108.13920590862539,32523.3
633,160.0,511302,0.050000000000000044,1.1288060771363249,107.69256211734786,32556.6
634,300.0,512307,0.050000000000000044,1.3058955089518087,108.21669967423624,32598.0
635,180.0,513050,0.050000000000000044,1.2138903915561223,107.5541212613297,32628.8
636,260.0,514034,0.050000000000000044,1.3416803411881977,107.51116962743,32669.6
637,300.0,515100,0.050000000000000044,1.375892083176305,106.13248805033557,32712.1
638,280.0,516290,0.050000000000000044,1.345929562770018,105.52982034122243,32760.1
639,140.0,516855,0.050000000000000044,1.394686827406419,106.65875480449306,32783.2
640,140.0,517766,0.050000000000000044,1.2587226784975154,104.57792286710603,32819.5
641,260.0,519031,0.050000000000000044,1.2916439856111768,104.41782552847278,32871.8
642,120.0,519636,0.050000000000000044,1.2039192562876655,103.20196576079061,32897.2
643,120.0,520211,0.050000000000000044,1.289398762298667,103.40925265104875,32920.9
644,240.0,521375,0.050000000000000044,1.268232621527773,103.5456989458746,32968.5
645,340.0,522284,0.050000000000000044,1.2565481573900636,103.18786697471627,33005.6
646,200.0,523264,0.050000000000000044,1.2241918598358728,102.8795034136091,33046.4
647,480.0,524792,0.050000000000000044,1.2949865125217206,102.97233610502713,33109.3
648,300.0,525871,0.050000000000000044,1.3066426584699067,102.27876073856724,33153.7
649,200.0,526584,0.050000000000000044,1.3417540331166056,102.20105331442299,33183.3
650,160.0,527569,0.050000000000000044,1.214291076157904,102.33373449490155,33224.8
651,140.0,528143,0.050000000000000044,1.2120488093393604,103.00605960008575,33249.2
652,220.0,529219,0.050000000000000044,1.3495107202420227,103.35968475625417,33293.4
653,220.0,530155,0.050000000000000044,1.2434839306510665,102.96993141500359,33331.9
654,220.0,531538,0.050000000000000044,1.1890003477652178,102.71109369571711,33388.5
655,220.0,532390,0.050000000000000044,1.172908180353927,101.91184012542868,33424.0
656,200.0,533170,0.050000000000000044,1.2342292997699518,101.19913658728966,33457.1
657,260.0,534410,0.050000000000000044,1.2304659264162183,99.9570175417008,33510.0
658,180.0,535255,0.050000000000000044,1.1995580672600565,99.90238102117233,33545.0
659,160.0,535808,0.050000000000000044,1.109014040549668,99.17636635419905,33567.8
660,140.0,536648,0.050000000000000044,1.1237043220993308,98.08399049668085,33601.7
661,180.0,537371,0.050000000000000044,1.081403784938208,97.43911207101488,33631.8
662,120.0,537897,0.050000000000000044,1.0275527970022575,96.28668312972036,33653.4
663,300.0,539177,0.050000000000000044,1.0756154448434245,95.82469415068627,33705.5
664,140.0,539758,0.050000000000000044,1.1489378155662764,95.59484951918795,33729.5
665,160.0,540532,0.050000000000000044,1.0697757667291534,95.10386572943793,33761.0
666,400.0,541704,0.050000000000000044,1.0648116815085094,94.37298108774647,33808.3
667,120.0,542238,0.050000000000000044,1.1165275215153836,95.46343688393354,33829.8
668,240.0,543118,0.050000000000000044,1.0277354065582833,94.84463376131924,33867.1
669,340.0,544656,0.050000000000000044,1.0570843073361407,93.44648357485609,33929.8
670,320.0,545903,0.050000000000000044,1.0265839360863471,92.52342750286233,33981.5
671,360.0,547406,0.050000000000000044,1.0102298924289221,92.05592336546796,34043.0
672,160.0,548160,0.050000000000000044,0.9613520849288617,91.67455939335912,34073.6
673,220.0,549125,0.050000000000000044,1.0134070785320484,91.78529325890418,34113.3
674,320.0,550063,0.050000000000000044,1.033393134551643,89.82693492832469,34151.7
675,200.0,550837,0.050000000000000044,0.9622076848468886,89.80330573680789,34183.7
676,320.0,552040,0.050000000000000044,0.9326381946937897,89.70566824566595,34232.2
677,300.0,553384,0.050000000000000044,0.9549868200916708,88.48223716588248,34288.0
678,140.0,554168,0.050000000000000044,0.9568434367146419,87.50374345390163,34321.6
679,200.0,554802,0.050000000000000044,1.0244521953471075,86.38365006672471,34348.2
680,160.0,555800,0.050000000000000044,1.0108344030150311,85.79694844630056,34390.9
681,300.0,557020,0.050000000000000044,0.9778914330008088,84.36360077154441,34441.3
682,260.0,557824,0.050000000000000044,0.8788947917761939,83.87458053512952,34476.1
683,480.0,559351,0.050000000000000044,0.9312144133952137,83.81129330158547,34540.5
684,140.0,560042,0.050000000000000044,0.9542462781352004,85.03345183663707,34569.2
685,300.0,561298,0.050000000000000044,0.9863481485480621,83.77101503663762,34620.0
686,160.0,562019,0.050000000000000044,0.9674325542273865,84.3378888208228,34649.2
687,340.0,563330,0.050000000000000044,0.9453335852510687,84.21346209632996,34702.4
688,240.0,564224,0.050000000000000044,0.9994433203282905,83.97818203953823,34739.0
689,220.0,565096,0.050000000000000044,1.0258849093331657,83.39022817524202,34774.6
690,140.0,565764,0.050000000000000044,0.9661217171609581,81.55965539509664,34801.6
691,180.0,566688,0.050000000000000044,1.008951745508037,81.71706188911999,34839.5
692,160.0,567329,0.050000000000000044,0.9025014702829296,81.92726714897454,34865.5
693,340.0,568736,0.050000000000000044,0.9073031976151822,81.50291123759602,34922.7
694,380.0,570029,0.050000000000000044,0.9037041337317906,81.53076033507404,34975.7
695,240.0,571032,0.050000000000000044,0.9851086773721135,81.47674115562249,35016.7
696,280.0,572039,0.050000000000000044,0.9084290031791326,81.07215310090112,35059.6
697,300.0,573155,0.050000000000000044,0.8442425861901279,80.4054306604529,35108.0
698,220.0,573990,0.050000000000000044,0.8807286034176449,80.05646432202734,35143.5
699,340.0,575138,0.050000000000000044,0.858880154048628,79.22951726547933,35191.1
700,200.0,575794,0.050000000000000044,0.8758507443523806,78.79490830258625,35217.9
701,180.0,576551,0.050000000000000044,0.9025104991609386,78.6294114479458,35248.3
702,100.0,577106,0.050000000000000044,0.8143961512424924,76.93142386084205,35271.0
703,220.0,578133,0.050000000000000044,0.8773667697287812,77.73884520488913,35313.2
704,280.0,579464,0.050000000000000044,0.8122343882011526,76.6755090193315,35367.9
705,160.0,580504,0.050000000000000044,0.8474083291151776,75.98792147269616,35410.4
706,260.0,581628,0.050000000000000044,0.8270012965803681,75.80563241816076,35456.9
707,200.0,582726,0.050000000000000044,0.8384512844266462,75.70296771495937,35502.2
708,140.0,583552,0.050000000000000044,0.8058381342931175,75.38793408668647,35535.6
709,60.0,584196,0.050000000000000044,0.7898982738995034,74.93643782597891,35562.1
710,200.0,585501,0.050000000000000044,0.8069159515373323,74.45192099969506,35614.8
711,180.0,586793,0.050000000000000044,0.819808478291282,74.0580901745303,35669.4
712,100.0,587651,0.050000000000000044,0.7375387465168824,73.53944250698135,35704.2
713,200.0,588578,0.050000000000000044,0.7477433189323741,73.77967241486813,35741.7
714,240.0,589692,0.050000000000000044,0.7354046735357447,73.2117682581958,35786.9
715,100.0,590778,0.050000000000000044,0.7862549311520864,72.5244303926359,35830.7
716,280.0,592089,0.050000000000000044,0.7361258957776562,71.95180766951665,35885.8
717,80.0,592838,0.050000000000000044,0.7294874763854833,71.54612542981299,35916.9
718,100.0,593493,0.050000000000000044,0.7245726347310852,70.72966745391147,35943.6
719,80.0,594169,0.050000000000000044,0.7957032008989323,71.03919461492956,35970.7
720,60.0,595177,0.050000000000000044,0.8037642010871971,70.47811865428137,36012.7
721,80.0,595976,0.050000000000000044,0.7147632858463014,70.09593435581097,36045.6
722,80.0,598942,0.050000000000000044,0.714349662775798,69.38286791471558,36167.5
723,120.0,600446,0.050000000000000044,0.7197754646383939,67.72659933567047,36229.2
724,320.0,601692,0.050000000000000044,0.7280280476983152,67.04961154013155,36281.9
725,300.0,602611,0.050000000000000044,0.7653013920336476,67.03178118933012,36320.7
726,180.0,603372,0.050000000000000044,0.6735721700598392,66.84778424036173,36352.1
727,140.0,604097,0.050000000000000044,0.69076547156634,66.30836620462352,36381.7
728,200.0,604911,0.050000000000000044,0.703672736311098,66.34895608700464,36415.4
729,280.0,606161,0.050000000000000044,0.7629113147169352,66.25118507080079,36467.1
730,160.0,606749,0.050000000000000044,0.7143452050303724,65.75987782770274,36491.3
731,120.0,607292,0.050000000000000044,0.6857799602669027,65.23184027065888,36513.2
732,260.0,608190,0.050000000000000044,0.6914847562077117,65.41269600577237,36549.7
733,240.0,609041,0.050000000000000044,0.7210120668965276,64.81813456785244,36584.2
734,160.0,609833,0.050000000000000044,0.6567015494314031,64.54283937300094,36616.3
735,80.0,610520,0.050000000000000044,0.6555593080189638,64.24480022336024,36643.8
736,140.0,611255,0.050000000000000044,0.6482220465634145,63.748403920283934,36674.4
737,300.0,612706,0.050000000000000044,0.6613470680066875,62.849652443484224,36733.2
738,140.0,613603,0.050000000000000044,0.6374011930564175,62.76272261501555,36769.6
739,140.0,614252,0.050000000000000044,0.634635919673463,62.93256271197726,36796.1
740,80.0,614904,0.050000000000000044,0.6326307215859279,62.947989118611154,36822.5
741,220.0,615787,0.050000000000000044,0.5999692321785579,61.93102650194179,36859.9
742,80.0,616244,0.050000000000000044,0.6023776516872631,62.41542437196561,36886.6
743,120.0,616887,0.050000000000000044,0.6612181453321065,61.20232320758826,36929.2
744,260.0,617835,0.050000000000000044,0.6219756799093782,61.39449188377284,36990.0
745,320.0,619006,0.050000000000000044,0.6139425877624857,60.680762694087626,37064.9
746,200.0,620021,0.050000000000000044,0.6467723037625475,61.1386605135913,37136.4
747,160.0,620704,0.050000000000000044,0.6008514035520407,60.73426862412281,37173.5
748,100.0,621363,0.050000000000000044,0.5627554973618485,61.16995618990955,37203.3
749,360.0,623034,0.050000000000000044,0.5932898310256675,60.37950149116082,37275.9
750,140.0,623582,0.050000000000000044,0.6071017057410557,59.741174656109216,37299.5
751,100.0,624292,0.050000000000000044,0.5838140362742501,59.77288627624512,37329.3
752,120.0,625007,0.050000000000000044,0.6010022187410118,59.53933625654741,37360.0
753,240.0,626325,0.050000000000000044,0.5889887221932004,58.279374248522004,37416.5
754,140.0,627020,0.050000000000000044,0.5095752502677681,58.14272051475031,37446.5
755,160.0,627645,0.050000000000000044,0.5725215325832367,57.631391302490236,37474.6
756,200.0,628514,0.050000000000000044,0.5305271932878827,57.22606311266935,37512.7
757,140.0,629381,0.050000000000000044,0.5747030872761378,56.96218143009947,37550.1
758,140.0,630223,0.050000000000000044,0.5533607151456655,55.932871512732426,37586.3
759,100.0,630719,0.050000000000000044,0.5352603599369046,55.90020336643342,37607.0
760,260.0,631606,0.050000000000000044,0.5601923968411957,55.58405887126385,37643.8
761,300.0,632802,0.050000000000000044,0.5422904636823015,55.19521099588145,37704.1
762,60.0,633295,0.050000000000000044,0.5162900574958711,54.94742435664241,37731.5
763,240.0,634145,0.050000000000000044,0.5898594637653407,54.79292543299058,37767.4
764,320.0,635544,0.050000000000000044,0.561225231199008,54.040215062106654,37825.6
765,100.0,636012,0.050000000000000044,0.47900243054948044,54.14191533765222,37845.2
766,220.0,637114,0.050000000000000044,0.5408535735468682,53.521883256638766,37891.8
767,260.0,638225,0.050000000000000044,0.5168376116569948,52.914170908133904,37938.2
768,200.0,639140,0.050000000000000044,0.5165283940610338,53.37514972790994,37979.7
769,120.0,639683,0.050000000000000044,0.5336914852151774,53.33972346409469,38002.5
770,140.0,640211,0.050000000000000044,0.49727380693410383,53.17587326512192,38025.6
771,120.0,640848,0.050000000000000044,0.5468329003071953,52.7504052022937,38053.6
772,160.0,641582,0.050000000000000044,0.5295503539583907,52.30998372901688,38084.5
773,80.0,642363,0.050000000000000044,0.5020004175651088,51.37788949397401,38117.2
774,320.0,643513,0.050000000000000044,0.5205541387783444,52.09139146556025,38166.4
775,260.0,644488,0.050000000000000044,0.5057146061058992,51.747722492707084,38207.9
776,240.0,645371,0.050000000000000044,0.49610120212682446,51.7609777353358,38244.4
777,180.0,646066,0.050000000000000044,0.4578249019791754,50.78261993188652,38274.0
778,200.0,646796,0.050000000000000044,0.5173339279649193,51.06966481666042,38305.3
779,380.0,648040,0.050000000000000044,0.47950441941882443,50.755290252219446,38356.2
780,220.0,648899,0.050000000000000044,0.4677944642570785,50.31427294383643,38392.0
781,100.0,649701,0.050000000000000044,0.4894053505622129,50.68178588791084,38425.3
782,240.0,650914,0.050000000000000044,0.4686543082224124,49.95876336156683,38476.0
783,300.0,652272,0.050000000000000044,0.4739286442189882,50.090292125808645,38532.0
784,200.0,653479,0.050000000000000044,0.5162808049405372,49.96247201333287,38582.6
785,80.0,653973,0.050000000000000044,0.5943696257594203,50.609829628515826,38603.7
786,180.0,654798,0.050000000000000044,0.4638333525169979,49.99725790312796,38638.1
787,300.0,655917,0.050000000000000044,0.48929421561566233,49.86917356980284,38687.3
788,160.0,656863,0.050000000000000044,0.49415120784484684,49.730322549509445,38727.8
789,100.0,657496,0.050000000000000044,0.5197210588079022,49.56946064736606,38754.7
790,140.0,658180,0.050000000000000044,0.5356876833625791,49.17647889343618,38783.9
791,220.0,658959,0.050000000000000044,0.5104711703305755,49.84862544998737,38817.5
792,160.0,659608,0.050000000000000044,0.48986093500178474,49.15597128610949,38845.1
793,260.0,660551,0.050000000000000044,0.5012407336850213,48.892094192423976,38885.1
794,240.0,661402,0.050000000000000044,0.5091436152706486,48.73503229788972,38921.6
795,140.0,662032,0.050000000000000044,0.4939071238513977,48.17210770864335,38948.0
796,120.0,662487,0.050000000000000044,0.4583341189956927,48.11976994944143,38967.0
797,220.0,663390,0.050000000000000044,0.46702255585652713,47.61086224611943,39003.8
798,140.0,664123,0.050000000000000044,0.4839156306365258,47.31306223589596,39033.4
799,360.0,665233,0.050000000000000044,0.5150850429929591,47.44834910556003,39079.0
800,120.0,665808,0.050000000000000044,0.4996226461879585,47.47737812208093,39102.4
801,160.0,666659,0.050000000000000044,0.4763821542972193,47.179124448890555,39137.6
802,160.0,667225,0.050000000000000044,0.502070785411255,47.01089597843561,39160.6
803,140.0,667971,0.050000000000000044,0.46163084467338655,47.32447696307389,39191.2
804,360.0,669239,0.050000000000000044,0.4724607073469822,46.29210941723844,39243.9
805,180.0,670180,0.050000000000000044,0.47645966910760096,45.75192961860032,39285.6
806,260.0,671123,0.050000000000000044,0.494046903044491,45.83247288717065,39324.6
807,120.0,671616,0.050000000000000044,0.457234512156907,46.325534182194524,39345.4
808,200.0,672404,0.050000000000000044,0.4489691942518927,45.58100871507286,39378.1
809,120.0,673160,0.050000000000000044,0.47036940493330204,45.960987287854394,39410.1
810,380.0,674367,0.050000000000000044,0.4578579876559548,45.31416941360688,39461.3
811,160.0,675012,0.050000000000000044,0.44572100250064867,45.603379088409184,39488.8
812,160.0,675747,0.050000000000000044,0.4621089215485417,45.345334049147006,39519.8
813,200.0,676721,0.050000000000000044,0.4702693176297069,44.934740238855504,39561.3
814,100.0,677337,0.050000000000000044,0.49142106102065897,44.71222696366248,39587.1
815,140.0,677997,0.050000000000000044,0.4218010392802006,44.3872415340308,39614.0
816,240.0,678823,0.050000000000000044,0.4624514331066976,44.256992333160476,39647.5
817,220.0,679956,0.050000000000000044,0.5062996893874571,44.34135058572202,39694.0
818,240.0,680866,0.050000000000000044,0.47799026003660083,44.40857459267417,39731.4
819,220.0,681771,0.050000000000000044,0.483023674343584,44.097814241693825,39769.0
820,160.0,682753,0.050000000000000044,0.4580760057863842,43.360295225792164,39810.6
821,300.0,683898,0.050000000000000044,0.45334298910662596,43.32368220033604,39859.0
822,160.0,684801,0.050000000000000044,0.4335751336992018,42.82159429953608,39897.5
823,40.0,685393,0.050000000000000044,0.45569286887483623,42.372079994227434,39923.0
824,220.0,686361,0.050000000000000044,0.450088036134993,42.57538635277551,39964.2
825,60.0,687084,0.050000000000000044,0.45457883579025293,42.12087977344729,39995.3
826,380.0,688587,0.050000000000000044,0.45414703856739735,41.74363503167412,40058.5
827,180.0,689710,0.050000000000000044,0.42710448138230045,41.79781453310117,40105.0
828,240.0,690807,0.050000000000000044,0.42880630937346353,41.57168066186479,40151.0
829,180.0,691566,0.050000000000000044,0.4586664247516744,41.199311182275906,40183.0
830,200.0,692443,0.050000000000000044,0.4106982616450693,40.54640381746716,40219.6
831,260.0,693426,0.050000000000000044,0.43532165695864816,39.98363556381645,40260.8
832,200.0,694248,0.050000000000000044,0.4849365022908126,39.94412852377787,40295.8
833,280.0,695333,0.050000000000000044,0.42496110613067306,39.60976523474065,40340.5
834,220.0,696402,0.050000000000000044,0.4467646944692918,39.48443495926175,40385.0
835,100.0,696861,0.050000000000000044,0.40671310197635024,39.342916941590815,40404.3
836,160.0,697656,0.050000000000000044,0.4644340023515547,39.338426858674055,40438.0
837,180.0,698457,0.050000000000000044,0.43928425786051706,39.243669848019415,40472.1
838,140.0,699256,0.050000000000000044,0.47764965968302103,39.03377167005861,40505.2
839,300.0,700603,0.050000000000000044,0.430455240017908,39.15493590900787,40562.7
840,240.0,701657,0.050000000000000044,0.4586236019507475,39.10827082972373,40607.9
841,200.0,702274,0.050000000000000044,0.4577725656221906,39.18411088569431,40633.6
842,340.0,703548,0.050000000000000044,0.4534013504191672,38.65076400571191,40686.4
843,140.0,704061,0.050000000000000044,0.4276117814911736,38.640038670619795,40707.6
844,240.0,704947,0.050000000000000044,0.4407572183909387,38.24036500039542,40743.9
845,140.0,705598,0.050000000000000044,0.4034036609806269,37.8503164241574,40771.1
846,120.0,706179,0.050000000000000044,0.4226536729634321,37.67808754965278,40795.4
847,320.0,707210,0.050000000000000044,0.4012455494097,37.4743171066595,40837.8
848,120.0,707804,0.050000000000000044,0.44474942747327917,36.98071061721956,40863.2
849,140.0,708446,0.050000000000000044,0.44025277970155635,37.37295860813414,40890.6
850,200.0,709597,0.050000000000000044,0.4684553351884402,37.25162758814781,40940.1
851,200.0,710545,0.050000000000000044,0.41997234408354644,37.18963751410633,40979.2
852,80.0,711004,0.050000000000000044,0.4704165703176738,37.31793418585085,40997.9
853,200.0,711980,0.050000000000000044,0.42473329588976977,36.85083627309955,41038.5
854,180.0,712715,0.050000000000000044,0.40234926185589664,36.30577934939845,41072.1
855,200.0,713798,0.050000000000000044,0.41491702267176034,36.50512201656155,41116.9
856,200.0,714790,0.050000000000000044,0.4140799632971926,36.198413445103554,41158.4
857,200.0,715901,0.050000000000000044,0.42195755661097223,36.166103364753894,41204.4
858,220.0,716823,0.050000000000000044,0.40019787560720116,35.755118119742505,41242.7
859,260.0,718018,0.050000000000000044,0.4013361166960026,35.74072873901623,41292.2
860,200.0,718868,0.050000000000000044,0.4192677869801136,35.954683635936064,41328.1
861,120.0,719457,0.050000000000000044,0.4087741428793286,35.79721327103257,41362.5
862,340.0,720814,0.050000000000000044,0.4026765862415293,35.53576453960196,41421.4
863,80.0,721281,0.050000000000000044,0.3895846664490741,35.328833708671226,41441.5
864,60.0,721829,0.050000000000000044,0.41174469459597973,35.671952501700744,41464.4
865,180.0,722748,0.050000000000000044,0.38817853873476016,35.40743765555995,41502.8
866,260.0,723763,0.050000000000000044,0.40097829009144764,35.447274464574356,41545.8
867,140.0,724463,0.050000000000000044,0.42063385217583604,34.97471314838955,41575.5
868,100.0,724904,0.050000000000000044,0.4282396923066402,35.35598144185246,41594.3
869,100.0,725334,0.050000000000000044,0.32234377252414476,35.033157330890035,41613.0
870,280.0,726379,0.050000000000000044,0.40699518830047554,35.001023266075904,41658.3
871,120.0,727059,0.050000000000000044,0.376131258518709,35.53055228906519,41687.1
872,200.0,727927,0.050000000000000044,0.3984135849238266,34.78908790421376,41723.9
873,200.0,728693,0.050000000000000044,0.38897842153731743,34.995076104804056,41756.3
874,320.0,729765,0.050000000000000044,0.3983419631093518,35.10772712017173,41800.6
875,160.0,730377,0.050000000000000044,0.4119842506616431,34.849914634928986,41826.2
876,240.0,731207,0.050000000000000044,0.394808238466461,34.42740543319518,41861.5
877,120.0,731924,0.050000000000000044,0.3744340150446905,34.370094027978105,41891.2
878,220.0,732866,0.050000000000000044,0.3965052495712529,34.05010615792244,41930.3
879,240.0,733589,0.050000000000000044,0.3581715228131368,34.22807596399247,41960.2
880,160.0,734433,0.050000000000000044,0.40409873726323103,34.13100102501458,41994.9
881,220.0,735151,0.050000000000000044,0.408930052463536,33.95178297568829,42024.8
882,100.0,735668,0.050000000000000044,0.39599221734405715,33.40926988996436,42045.8
883,120.0,736194,0.050000000000000044,0.40031397309749184,34.098439644498065,42067.3
884,200.0,737043,0.050000000000000044,0.3925377707752905,34.063667614131425,42102.7
885,320.0,738170,0.050000000000000044,0.3861918642921927,34.136294804110186,42149.3
886,100.0,738585,0.050000000000000044,0.37142664649220836,33.5527298892837,42166.5
887,340.0,739919,0.050000000000000044,0.35760643404965725,33.63118454934596,42222.6
888,400.0,741378,0.050000000000000044,0.37700393538784194,33.1862399929431,42285.9
889,320.0,742300,0.050000000000000044,0.3679838347169944,33.3474489220311,42326.0
890,240.0,743411,0.050000000000000044,0.41005070440799773,33.16874296873352,42372.7
891,160.0,744097,0.050000000000000044,0.4172723924648831,33.27696024502679,42401.5
892,220.0,744910,0.050000000000000044,0.39599703093543925,33.20038385848717,42435.8
893,140.0,745422,0.050000000000000044,0.393220286743599,32.97023409605026,42457.7
894,140.0,746146,0.050000000000000044,0.40591781595155846,33.05943686132273,42489.9
895,120.0,746702,0.050000000000000044,0.38722396121367064,33.17078271701182,42513.5
896,120.0,747231,0.050000000000000044,0.44586888506712785,32.75436941842727,42535.9
897,200.0,747974,0.050000000000000044,0.39573880945850026,33.099554832016956,42566.8
898,160.0,748600,0.050000000000000044,0.3849798323283085,33.19214531103262,42593.0
899,180.0,749422,0.050000000000000044,0.37710927245988896,32.902978386612126,42626.9
900,140.0,750130,0.050000000000000044,0.38892769228961677,33.22274643957278,42656.7
901,200.0,751169,0.050000000000000044,0.3859501679332011,32.94884137767685,42700.1
902,280.0,752216,0.050000000000000044,0.4024449136204228,32.66736097436011,42743.6
903,80.0,752709,0.050000000000000044,0.4000749523670207,32.368578494925046,42763.7
904,220.0,753558,0.050000000000000044,0.4080761346211317,32.37091067373682,42800.6
905,140.0,754157,0.050000000000000044,0.3851315684971059,31.855198110284313,42828.4
906,260.0,754965,0.050000000000000044,0.37943224591378233,31.42274018797544,42864.4
907,200.0,755639,0.050000000000000044,0.3721316453671906,31.438410852358675,42892.8
908,160.0,756330,0.050000000000000044,0.4294960859397429,31.636148783991548,42922.1
909,100.0,756843,0.050000000000000044,0.37258361794098077,31.449040767974555,42943.6
910,180.0,757537,0.050000000000000044,0.4109876050267594,31.445958901550995,42972.4
911,140.0,758121,0.050000000000000044,0.38714805449365497,31.157222195847392,42996.9
912,180.0,759036,0.050000000000000044,0.39327256672817174,31.072044993749735,43034.9
913,320.0,760030,0.050000000000000044,0.38356054603952305,30.85976903251479,43076.0
914,300.0,761152,0.050000000000000044,0.39017354259632675,30.725520213870016,43122.9
915,160.0,761777,0.050000000000000044,0.38968776407241823,31.147440957641603,43149.3
916,180.0,762472,0.050000000000000044,0.3926757626101482,30.650190762307147,43178.3
917,200.0,763265,0.050000000000000044,0.39488978802565894,30.623321706379798,43210.9
918,200.0,763995,0.050000000000000044,0.3876930116356848,30.948591804504396,43241.0
919,300.0,764936,0.050000000000000044,0.37178989907174387,30.769305167365403,43280.9
920,200.0,765836,0.050000000000000044,0.3843155737862819,30.654919401804605,43318.6
921,300.0,766872,0.050000000000000044,0.4176336827446998,30.68089841415523,43361.7
922,160.0,767654,0.050000000000000044,0.40941385291230953,30.957634179488473,43393.6
923,140.0,768267,0.050000000000000044,0.41466174725911065,30.71463231122513,43418.9
924,140.0,768928,0.050000000000000044,0.3948881405739624,30.46788788996017,43447.1
925,180.0,769804,0.050000000000000044,0.38409893573198006,30.5626637489284,43484.7
926,120.0,770344,0.050000000000000044,0.4008661598760497,30.25068758858575,43507.5
927,160.0,771108,0.050000000000000044,0.4098524658633542,30.476057167452666,43539.3
928,320.0,772542,0.050000000000000044,0.390208541081161,30.308710289799517,43599.0
929,120.0,773136,0.050000000000000044,0.38634628805046534,30.222736066439335,43624.0
930,140.0,773658,0.050000000000000044,0.3797750770760222,30.47595332134729,43645.3
931,180.0,774459,0.050000000000000044,0.38870004572430056,30.086887135785467,43678.4
932,180.0,775140,0.050000000000000044,0.3855358536236218,29.453839269853724,43706.3
933,280.0,776441,0.050000000000000044,0.39011355683201787,29.634480818705224,43760.5
934,240.0,777354,0.050000000000000044,0.3984446308911173,29.75689750537684,43797.7
935,140.0,778055,0.050000000000000044,0.37818506899716253,29.32077518849502,43826.5
936,180.0,778751,0.050000000000000044,0.3687804319960033,29.163663573648737,43854.7
937,280.0,779910,0.050000000000000044,0.38307551172424537,29.209804329201514,43902.3
938,100.0,780370,0.050000000000000044,0.36843485421217653,29.199147759313167,43921.2
939,380.0,781631,0.050000000000000044,0.40232211753613745,28.69526340657052,43974.0
940,180.0,782445,0.050000000000000044,0.3672427873010461,28.762473560961226,44008.8
941,200.0,783117,0.050000000000000044,0.3897198262663248,28.58759283451807,44037.0
942,100.0,783593,0.050000000000000044,0.36605401496410744,28.469999193143444,44058.2
943,180.0,784546,0.050000000000000044,0.36351122784527,28.761335883285668,44098.7
944,120.0,785101,0.050000000000000044,0.37116236301424266,28.784817814182592,44122.4
945,200.0,785708,0.050000000000000044,0.37101494543917196,28.527350477567417,44147.2
946,240.0,786640,0.050000000000000044,0.3544947525562295,28.8512608851486,44185.3
947,220.0,787575,0.050000000000000044,0.36515379731149916,28.66022321731649,44224.4
948,200.0,788540,0.050000000000000044,0.3681939406465218,28.82420864994662,44264.2
949,220.0,789365,0.050000000000000044,0.394200601557439,28.625112986709134,44298.9
950,320.0,790525,0.050000000000000044,0.41536609285575304,28.571882520872972,44346.9
951,320.0,791561,0.050000000000000044,0.39504294296093717,28.675029535551328,44389.8
952,300.0,792848,0.050000000000000044,0.37804250042558457,29.081310402633797,44444.4
953,160.0,793395,0.050000000000000044,0.42073399753359164,29.398721304410554,44468.0
954,140.0,793896,0.050000000000000044,0.4285858690612271,29.19728719212576,44489.1
955,260.0,794898,0.050000000000000044,0.3758592015846136,29.415339488945083,44531.4
956,200.0,796155,0.050000000000000044,0.37220448907687015,29.503961895416914,44585.4
957,260.0,796965,0.050000000000000044,0.37901690569418817,29.563851610819498,44619.4
958,100.0,797465,0.050000000000000044,0.3702391053810716,29.545850574493407,44640.2
959,220.0,798454,0.050000000000000044,0.40000637847444287,29.18865481184756,44683.9
960,280.0,799470,0.050000000000000044,0.38429955561373996,29.21506343300887,44728.1
961,180.0,800241,0.050000000000000044,0.3882999418861439,29.491831332947648,44760.9
962,260.0,801464,0.050000000000000044,0.3915456747978877,29.440273334818205,44812.9
963,240.0,802543,0.050000000000000044,0.380243811235039,29.44503882640595,44859.4
964,360.0,803745,0.050000000000000044,0.3707631998129821,29.826780627055495,44909.4
965,180.0,804688,0.050000000000000044,0.3707406533603514,29.691233611688382,44948.7
966,180.0,805383,0.050000000000000044,0.36658814380066,29.786730410898333,44978.0
967,280.0,806402,0.050000000000000044,0.3878419230508383,29.712200716971417,45021.0
968,180.0,807261,0.050000000000000044,0.4150364025343075,29.80873113905315,45056.3
969,340.0,808418,0.050000000000000044,0.38699683122330425,30.07239688091888,45105.8
970,180.0,809110,0.050000000000000044,0.3681050408846898,29.600697139784092,45135.6
971,240.0,810114,0.050000000000000044,0.3720776433462789,29.94001755201484,45179.1
972,160.0,810849,0.050000000000000044,0.36388450755047147,29.86735285804385,45210.3
973,240.0,811644,0.050000000000000044,0.34828647040533567,29.70151843664781,45243.5
974,160.0,812380,0.050000000000000044,0.3591048248016033,29.554561915604964,45276.2
975,260.0,813315,0.050000000000000044,0.3758076901403181,29.659571860818303,45315.9
976,140.0,813867,0.050000000000000044,0.39031984695179417,29.27037549709928,45339.6
977,100.0,814399,0.050000000000000044,0.39346857144868463,29.16902264258019,45361.9
978,160.0,814932,0.050000000000000044,0.36376651536191046,29.15430343441847,45384.8
979,120.0,815468,0.050000000000000044,0.38005119366849316,29.160864121878326,45407.9
980,240.0,816289,0.050000000000000044,0.36939538473515215,28.995460988833464,45442.5
981,120.0,816803,0.050000000000000044,0.37354494989686554,28.970298878413693,45464.3
982,240.0,817654,0.050000000000000044,0.37883730706803664,29.028231442605005,45500.6
983,100.0,818094,0.050000000000000044,0.3793727417857471,28.703873907436023,45519.5
984,220.0,818824,0.050000000000000044,0.3724701195495994,28.53048722254087,45549.6
985,120.0,819338,0.050000000000000044,0.36460339112736373,28.655131714817152,45570.5
986,160.0,820019,0.050000000000000044,0.3797631074405014,28.159478869557205,45599.3
987,140.0,820586,0.050000000000000044,0.3585689828207148,28.230200638005762,45623.7
988,180.0,821251,0.050000000000000044,0.3326491107730041,27.97045442107925,45652.1
989,100.0,821745,0.050000000000000044,0.3503240408858488,27.822402942518472,45673.4
990,160.0,822580,0.050000000000000044,0.37039810823287794,27.76209031293492,45709.3
991,140.0,823288,0.050000000000000044,0.3539421129550806,27.46884737984609,45739.9
992,220.0,824173,0.050000000000000044,0.37391141558139673,27.173483000502074,45777.4
993,220.0,825264,0.050000000000000044,0.3471306851671498,27.2358689277572,45824.5
994,160.0,825918,0.050000000000000044,0.3698501308257791,26.989164749052183,45853.1
995,240.0,827013,0.050000000000000044,0.3730323086352381,26.919034611253434,45899.8
996,220.0,828081,0.050000000000000044,0.38246552339381773,26.736081105492982,45944.8
997,160.0,828745,0.050000000000000044,0.3638003240648029,26.758826953819,45972.8
998,100.0,829472,0.050000000000000044,0.35564149174188486,26.80178057475136,46004.2
999,280.0,830419,0.050000000000000044,0.37594482112860794,26.884126880730346,46044.7
1000,160.0,831100,0.050000000000000044,0.34894045937954066,26.85692686621488,46073.9
1001,200.0,832249,0.050000000000000044,0.37085325357863264,26.876440949601854,46122.6
1002,120.0,832972,0.050000000000000044,0.372973687045101,26.50703238649487,46152.5
1003,220.0,833972,0.050000000000000044,0.3511151608210057,26.50034338951111,46193.5
1004,80.0,834503,0.050000000000000044,0.32707990760688727,26.432907488835507,46215.7
1005,60.0,835003,0.050000000000000044,0.37044744164869187,26.381198585510255,46236.6
1006,200.0,835904,0.050000000000000044,0.3326096248013959,26.357658739756797,46273.7
1007,100.0,836467,0.050000000000000044,0.3458720048786956,26.160801238742646,46296.5
1008,160.0,837148,0.050000000000000044,0.35059301488965794,26.32454192375822,46324.8
1009,100.0,838098,0.050000000000000044,0.3464220708451773,26.242345133329692,46364.1
1010,160.0,838633,0.050000000000000044,0.35132761339300145,26.093786343013015,46386.3
1011,160.0,839390,0.050000000000000044,0.31615144399928524,25.828498530419374,46418.5
1012,220.0,840604,0.050000000000000044,0.34006578216860084,25.83517249922776,46470.2
1013,260.0,841763,0.050000000000000044,0.33611416164544555,26.081534141296967,46519.4
1014,100.0,842259,0.050000000000000044,0.3546883491160829,26.18070529353234,46540.3
1015,120.0,842964,0.050000000000000044,0.3342286009394319,25.90502938344969,46570.3
1016,180.0,843857,0.050000000000000044,0.3404656548265781,25.560711426003383,46608.7
1017,240.0,844697,0.050000000000000044,0.32234133124085407,25.90334079833258,46644.7
1018,200.0,845402,0.050000000000000044,0.3432732463252883,25.429140255975383,46674.9
1019,100.0,846000,0.050000000000000044,0.31328496097720987,25.482276176529187,46700.7
1020,160.0,846950,0.050000000000000044,0.34129877773162565,25.65938118382504,46741.9
1021,180.0,847643,0.050000000000000044,0.3140337612146638,25.69429080792492,46771.3
1022,120.0,848204,0.050000000000000044,0.3116452735740818,25.540191351198683,46795.0
1023,240.0,849172,0.050000000000000044,0.30103184241986225,25.707379124381326,46834.8
1024,140.0,849734,0.050000000000000044,0.33128428839319435,25.494123323107953,46858.0
1025,300.0,850638,0.050000000000000044,0.3099161669203962,25.50509646508546,46895.2
1026,120.0,851465,0.050000000000000044,0.3288632616301618,25.59257314974913,46929.5
1027,120.0,851921,0.050000000000000044,0.3120249623939264,25.318494851129095,46949.0
1028,200.0,852829,0.050000000000000044,0.31766420899221615,25.462462021915922,46990.7
1029,220.0,853722,0.050000000000000044,0.30363227958474953,25.43284832910621,47029.9
1030,220.0,854441,0.050000000000000044,0.32999533467689046,25.345688614294826,47062.6
1031,160.0,855119,0.050000000000000044,0.30151164100112554,25.39043813047156,47091.2
1032,500.0,856532,0.050000000000000044,0.32204074546383654,25.190305242788178,47151.6
1033,140.0,857265,0.050000000000000044,0.3474791272559888,25.218823579941734,47182.5
1034,140.0,857772,0.050000000000000044,0.3073090512004242,24.853888001902803,47204.0
1035,220.0,858516,0.050000000000000044,0.31797226314352806,25.026543932576335,47235.9
1036,280.0,859476,0.050000000000000044,0.3353102458078259,24.91561276515325,47277.3
1037,140.0,860159,0.050000000000000044,0.31402427780047865,25.01492440543447,47306.8
1038,200.0,860775,0.050000000000000044,0.30583117997225423,24.623125899921764,47333.0
1039,240.0,861655,0.050000000000000044,0.3118880628333004,24.954052021286703,47370.5
1040,180.0,862483,0.050000000000000044,0.32578169368432414,25.00543365616729,47405.3
1041,280.0,863448,0.050000000000000044,0.3112759657165547,25.2778012310285,47445.4
1042,280.0,864675,0.050000000000000044,0.3138694562998577,25.189292427380103,47496.8
1043,280.0,865690,0.050000000000000044,0.3138731603350105,25.311230906594563,47539.5
1044,140.0,866381,0.050000000000000044,0.3243036248738704,25.198688211730868,47568.1
1045,220.0,867141,0.050000000000000044,0.31383182458873643,25.1255424148158,47601.2
1046,260.0,868007,0.050000000000000044,0.2969557406879772,24.96876209382372,47638.8
1047,240.0,868756,0.050000000000000044,0.32421022733656046,24.986965222734316,47671.6
1048,380.0,869905,0.050000000000000044,0.318532054702402,24.994047397318045,47721.5
1049,180.0,870584,0.050000000000000044,0.3181372243082576,25.19580455100238,47750.0
1050,160.0,871240,0.050000000000000044,0.3359313594836106,25.037484389979664,47777.2
1051,140.0,871770,0.050000000000000044,0.31069194422507623,24.963895463043787,47799.6
1052,160.0,872361,0.050000000000000044,0.2997466487378235,24.889262875526285,47824.0
1053,260.0,873159,0.050000000000000044,0.3146293273377687,24.682622425538256,47857.0
1054,200.0,873787,0.050000000000000044,0.32907636410254204,24.83496781671123,47883.6
1055,160.0,874426,0.050000000000000044,0.33636312108306166,24.706609797589657,47910.4
1056,180.0,875047,0.050000000000000044,0.2927319815625315,24.76354343150165,47936.4
1057,140.0,875598,0.050000000000000044,0.32509462137836725,24.798940329716125,47959.3
1058,300.0,876712,0.050000000000000044,0.3400299707277138,24.69922038340269,48005.3
1059,140.0,877363,0.050000000000000044,0.32946762967047877,24.829931007186023,48032.8
1060,260.0,878098,0.050000000000000044,0.3352478406563097,24.734360275787562,48063.2
1061,220.0,878828,0.050000000000000044,0.3377621822518437,24.70754854385167,48093.3
1062,140.0,879460,0.050000000000000044,0.31578367054933987,25.077460992185376,48119.7
1063,420.0,880508,0.050000000000000044,0.3433868350063003,24.835164048289524,48163.3
1064,100.0,881047,0.050000000000000044,0.3302885437926799,24.85334250214812,48186.2
1065,180.0,881661,0.050000000000000044,0.3241862658113969,25.063842248450662,48211.3
1066,280.0,882410,0.050000000000000044,0.32324438098972247,24.867214533929353,48242.3
1067,140.0,883082,0.050000000000000044,0.3140775233817597,25.116557728676568,48271.0
1068,220.0,883637,0.050000000000000044,0.31260751703972217,25.258686457453546,48293.9
1069,180.0,884347,0.050000000000000044,0.33543832796612677,25.06731823665995,48323.0
1070,260.0,885337,0.050000000000000044,0.33007152373667314,25.052934103301077,48364.0
1071,120.0,885844,0.050000000000000044,0.3150911052918881,24.91071987340201,48384.7
1072,180.0,886595,0.050000000000000044,0.3077585686806753,25.009469549125743,48415.7
1073,320.0,887835,0.050000000000000044,0.3297946380150895,24.8076987020431,48468.6
1074,180.0,888355,0.050000000000000044,0.31618514151240773,24.791191808994,48491.0
1075,100.0,888853,0.050000000000000044,0.32604357309968596,24.665426985805773,48511.7
1076,300.0,889861,0.050000000000000044,0.3308281448248419,24.622195771762303,48554.8
1077,220.0,890541,0.050000000000000044,0.3402477905866416,24.50889759905198,48584.0
1078,160.0,891051,0.050000000000000044,0.3449314843498024,24.459188173331466,48606.0
1079,160.0,891664,0.050000000000000044,0.32228107619149454,24.153521514444524,48631.6
1080,300.0,892403,0.050000000000000044,0.327717170809901,24.38181451531644,48662.6
1081,200.0,893113,0.050000000000000044,0.32000469064576104,24.172779529195438,48692.6
1082,120.0,893612,0.050000000000000044,0.3028950535417917,24.22026503492214,48713.9
1083,240.0,894500,0.050000000000000044,0.3199525877439023,24.19829562333253,48751.9
1084,140.0,895046,0.050000000000000044,0.2958045303958021,24.192626872778813,48775.4
1085,320.0,895916,0.050000000000000044,0.32557556481025685,24.01676690989527,48811.6
1086,260.0,896867,0.050000000000000044,0.34098675610452545,23.856129410640424,48852.9
1087,300.0,897903,0.050000000000000044,0.3284665687013288,23.819196360451834,48896.8
1088,200.0,898567,0.050000000000000044,0.3073599755214191,24.017602728073854,48925.3
1089,220.0,899421,0.050000000000000044,0.3063601314895012,23.982528822762625,48961.0
1090,180.0,900055,0.050000000000000044,0.32033479147905053,23.804219630990495,48987.7
1091,280.0,900757,0.050000000000000044,0.3308175645789869,23.898685667249893,49017.2
1092,180.0,901488,0.050000000000000044,0.3249859641651367,23.846249187693875,49048.7
1093,140.0,902056,0.050000000000000044,0.33753097616136074,23.543848732827414,49073.0
1094,220.0,902693,0.050000000000000044,0.35058236671860216,23.520429006363944,49100.4
1095,300.0,903622,0.050000000000000044,0.33786209728027444,23.371770314687804,49139.7
1096,200.0,904248,0.050000000000000044,0.31111623914227987,23.15854856229057,49165.4
1097,320.0,905743,0.050000000000000044,0.3348474678000977,22.783048881096985,49229.2
1098,140.0,906361,0.050000000000000044,0.31900174418482385,22.817709660452934,49254.4
1099,360.0,907459,0.050000000000000044,0.316326355263048,22.69349271743024,49300.1
1100,120.0,908090,0.050000000000000044,0.3380934438902867,22.811781271134993,49326.5
1101,220.0,908731,0.050000000000000044,0.33862689298442483,22.85340828382281,49353.3
1102,240.0,909493,0.050000000000000044,0.329483223199023,22.82263656676285,49384.8
1103,140.0,910013,0.050000000000000044,0.34557384037269423,22.84398784637451,49406.9
1104,120.0,910614,0.050000000000000044,0.3147354709254128,22.734400017685978,49431.8
1105,220.0,911544,0.050000000000000044,0.31806082930616153,22.66030757657943,49471.0
1106,140.0,912189,0.050000000000000044,0.29817007306472276,22.789613229914227,49497.7
1107,140.0,912697,0.050000000000000044,0.31318734914401736,22.759249916226846,49519.7
1108,300.0,913667,0.050000000000000044,0.30975979673724197,22.892555978126133,49561.4
1109,280.0,914519,0.050000000000000044,0.3346057057013394,22.94762309168426,49598.2
1110,400.0,915702,0.050000000000000044,0.32192064746458554,22.85380036651534,49649.1
1111,240.0,916522,0.050000000000000044,0.3215507690817481,23.0095349870077,49684.0
1112,240.0,917215,0.050000000000000044,0.32318190753481435,22.97983769283322,49713.5
1113,180.0,918041,0.050000000000000044,0.32737681629546617,22.942519725956583,49749.4
1114,240.0,918904,0.050000000000000044,0.32942320432121136,23.0588435596276,49786.5
1115,200.0,919618,0.050000000000000044,0.33311166661251496,23.035852616574584,49817.1
1116,160.0,920155,0.050000000000000044,0.3367186193553873,23.022296560987193,49840.4
1117,200.0,920886,0.050000000000000044,0.3099268656020166,23.061045371393497,49871.7
1118,220.0,921696,0.050000000000000044,0.3388912607996184,23.097200101687584,49905.7
1119,200.0,922410,0.050000000000000044,0.31993409655257765,23.14157462988247,49935.5
1120,260.0,923040,0.050000000000000044,0.3310778309369371,23.055672600155784,49961.8
1121,220.0,923763,0.050000000000000044,0.33017957257428937,23.249980778779893,49991.5
1122,160.0,924324,0.050000000000000044,0.35006856273215614,23.339353819794407,50014.6
1123,180.0,924919,0.050000000000000044,0.3500844447302217,23.50417693643009,50040.0
1124,180.0,925513,0.050000000000000044,0.36277426148981157,23.450521902604535,50066.0
1125,220.0,926275,0.050000000000000044,0.34247794607531995,23.51528999498823,50097.9
1126,320.0,927142,0.050000000000000044,0.341941271007336,23.61559333933266,50134.4
1127,180.0,927650,0.050000000000000044,0.33182345660711365,23.463697617448222,50156.1
1128,300.0,928577,0.050000000000000044,0.36485959429940873,23.374419925282304,50194.5
1129,160.0,929289,0.050000000000000044,0.33863482353790253,23.40400479616744,50223.8
1130,160.0,929750,0.050000000000000044,0.3264961798398588,23.534377331847484,50242.7
1131,320.0,930600,0.050000000000000044,0.3532257951533093,23.374322451423197,50277.8
1132,260.0,931508,0.050000000000000044,0.3498709331172219,23.379404725482285,50315.6
1133,220.0,932201,0.050000000000000044,0.3379547174100752,23.437227678505373,50344.8
1134,300.0,932951,0.050000000000000044,0.3401467300603787,23.361971153259276,50377.4
1135,300.0,933901,0.050000000000000044,0.3448107961094693,23.450118119089225,50418.6
1136,140.0,934339,0.050000000000000044,0.336947950496249,23.60572383828359,50437.4
1137,180.0,934935,0.050000000000000044,0.3591839321295187,23.58509147567237,50463.2
1138,180.0,935438,0.050000000000000044,0.3490488841152096,23.526171432100753,50484.5
1139,220.0,936094,0.050000000000000044,0.34709421738914054,23.624541477459232,50512.0
1140,280.0,936883,0.050000000000000044,0.35879353744996517,23.662459872672464,50545.2
1141,200.0,937577,0.050000000000000044,0.36282081137108013,23.94430172615161,50574.5
1142,180.0,938215,0.050000000000000044,0.36353221839311356,23.87837363933695,50602.3
1143,260.0,939158,0.050000000000000044,0.3533059516773497,23.930697806187425,50642.1
1144,200.0,939813,0.050000000000000044,0.3756624190748193,24.21101276892742,50670.2
1145,100.0,940264,0.050000000000000044,0.3487259625413862,24.218866314433367,50689.0
1146,200.0,940830,0.050000000000000044,0.36549475865418835,24.201555252075195,50712.9
1147,200.0,941524,0.050000000000000044,0.37318306476393076,24.458826205228867,50741.8
1148,280.0,942346,0.050000000000000044,0.3548639153477049,24.367837072868998,50776.0
1149,180.0,942848,0.050000000000000044,0.3477249873126764,24.25553358313572,50796.8
1150,320.0,943746,0.050000000000000044,0.37140179742003204,24.32676834199901,50834.0
1151,140.0,944189,0.050000000000000044,0.3633359358067841,24.32959144110066,50853.0
1152,160.0,944652,0.050000000000000044,0.3422213287513148,24.31397804276732,50872.4
1153,240.0,945318,0.050000000000000044,0.3891954523072139,24.158465305248182,50900.6
1154,140.0,945803,0.050000000000000044,0.36027038831686237,24.031925940759404,50920.9
1155,140.0,946330,0.050000000000000044,0.35904494911941226,23.906462193440216,50942.7
1156,300.0,947035,0.050000000000000044,0.38041277144183505,23.93663421522641,50972.7
1157,220.0,947682,0.050000000000000044,0.36150182590141916,24.060141031303584,50999.8
1158,440.0,948814,0.050000000000000044,0.3706885782488401,23.973918023463273,51046.6
1159,180.0,949369,0.050000000000000044,0.3668521914798934,24.044624091483453,51069.4
1160,240.0,950207,0.050000000000000044,0.37198216458760325,24.106287407704354,51104.5
1161,160.0,950885,0.050000000000000044,0.38303374757325404,24.015548461306413,51132.8
1162,200.0,951436,0.050000000000000044,0.372387142537564,24.069695969458717,51155.8
1163,340.0,952233,0.050000000000000044,0.385663710282169,24.12556085861761,51188.3
1164,220.0,952979,0.050000000000000044,0.36616630436747705,24.220787411400842,51220.1
1165,220.0,953535,0.050000000000000044,0.39057567706264606,24.142472833180598,51244.0
1166,220.0,954167,0.050000000000000044,0.386192983204994,24.073795206939117,51272.3
1167,240.0,954828,0.050000000000000044,0.37227914009508134,24.3804401795911,51301.5
1168,180.0,955479,0.050000000000000044,0.386839946523057,24.505008504138015,51329.4
1169,160.0,956030,0.050000000000000044,0.36562199921037886,24.430683720998886,51353.0
1170,220.0,956675,0.050000000000000044,0.36374372605436534,24.430257306357685,51379.7
1171,180.0,957325,0.050000000000000044,0.37449113983374377,24.35024008824275,51406.9
1172,380.0,958146,0.050000000000000044,0.40929586777007537,24.414410427339764,51440.8
1173,140.0,958747,0.050000000000000044,0.3836217098148809,24.40018551996266,51467.6
1174,120.0,959223,0.050000000000000044,0.38953117248328295,24.336231696505507,51487.8
1175,220.0,959906,0.050000000000000044,0.39504241256116945,24.089207284796117,51516.2
1176,140.0,960434,0.050000000000000044,0.3722184717260075,24.388694261059616,51538.6
1177,260.0,961136,0.050000000000000044,0.40045388302423507,24.354689888804728,51568.9
1178,160.0,961690,0.050000000000000044,0.39007135674303617,24.624500274658203,51593.0
1179,360.0,962612,0.050000000000000044,0.37225812846499773,24.644480643199994,51632.9
1180,260.0,963217,0.050000000000000044,0.401981034751766,24.63806012366429,51658.6
1181,360.0,964218,0.050000000000000044,0.39482286786074405,24.729554975663984,51700.0
1182,160.0,964755,0.050000000000000044,0.38184208289010785,24.681535713721477,51722.2
1183,220.0,965371,0.050000000000000044,0.39043201593222554,24.65380524040817,51747.9
1184,200.0,966124,0.050000000000000044,0.39504566628382026,24.77948817472217,51778.9
1185,280.0,966925,0.050000000000000044,0.3777604362416952,24.675505346424423,51812.0
1186,260.0,967654,0.050000000000000044,0.3727842245164068,24.85942951772766,51842.1
1187,300.0,968398,0.050000000000000044,0.3974312287504955,25.072997039364232,51874.3
1188,240.0,969111,0.050000000000000044,0.39641907933425435,25.101286860033973,51903.6
1189,400.0,970071,0.050000000000000044,0.3941358555185919,25.49807837208112,51943.1
1190,260.0,970830,0.050000000000000044,0.38504479553094023,25.483108216437742,51975.5
1191,400.0,971806,0.050000000000000044,0.4119867849751513,25.54745762270005,52016.3
1192,200.0,972376,0.050000000000000044,0.4136059225781968,25.543281568560683,52040.2
1193,520.0,973550,0.050000000000000044,0.4110030262164607,25.650810160466314,52089.6
1194,220.0,974309,0.050000000000000044,0.4038435844643157,25.671905319053035,52121.1
1195,260.0,974978,0.050000000000000044,0.43548123803552136,25.677993811477638,52148.6
1196,380.0,975814,0.050000000000000044,0.41418453101425223,25.855484389802484,52184.2
1197,500.0,976863,0.050000000000000044,0.4151115086217286,26.03381812402018,52228.4
1198,440.0,977964,0.050000000000000044,0.4195372189964412,26.114889716582336,52274.8
1199,220.0,978617,0.050000000000000044,0.4197913533444609,26.401798242449214,52302.6
1200,120.0,979154,0.050000000000000044,0.4192078274360804,26.513647502139072,52325.8
1201,420.0,980213,0.050000000000000044,0.43133805803356584,26.571175275375754,52370.9
1202,320.0,980932,0.050000000000000044,0.4173031934279228,26.758981710017473,52401.6
1203,420.0,981987,0.050000000000000044,0.43279459990243213,26.847702398797345,52447.2
1204,260.0,982645,0.050000000000000044,0.42147697038427673,26.934381447302172,52475.1
1205,420.0,983593,0.050000000000000044,0.4209347465370275,26.872085671887618,52514.1
1206,340.0,984353,0.050000000000000044,0.4444630492086473,27.1345110366219,52545.6
1207,180.0,984912,0.050000000000000044,0.4567929170026122,27.36727941441408,52568.8
1208,380.0,985768,0.050000000000000044,0.43806685159139547,27.43054839606597,52604.2
1209,660.0,987207,0.050000000000000044,0.4420515950342033,27.76825903785817,52664.2
1210,240.0,987992,0.050000000000000044,0.4591009391246328,27.95136799174509,52697.7
1211,280.0,988784,0.050000000000000044,0.4579171816244571,28.328850093514028,52731.9
1212,320.0,989565,0.050000000000000044,0.4480726862381118,28.416860831989673,52764.0
1213,460.0,990636,0.050000000000000044,0.44580088717902966,28.431151132734996,52808.5
1214,320.0,991380,0.050000000000000044,0.42272968506140096,28.34821581840515,52839.0
1215,260.0,992057,0.050000000000000044,0.4353003241506954,28.44837153222043,52867.1
1216,140.0,992629,0.050000000000000044,0.4092563974925063,28.60793818627204,52891.1
1217,320.0,993438,0.050000000000000044,0.4441963577290769,28.456248793820073,52925.3
1218,300.0,994255,0.050000000000000044,0.42030237718158137,28.326999120350422,52959.2
1219,340.0,995108,0.050000000000000044,0.41817040299474845,28.40739359525835,52995.4
1220,320.0,995886,0.050000000000000044,0.43776972250950674,28.51404681855425,53028.0
1221,360.0,996924,0.050000000000000044,0.4159290249349984,28.600964123573377,53071.5
1222,340.0,997964,0.050000000000000044,0.43121828732009115,28.545653280845055,53115.7
1223,240.0,998557,0.050000000000000044,0.39764760531372,28.240844218365055,53140.6
1224,420.0,999594,0.050000000000000044,0.428191887033365,28.15316986186985,53184.4
1225,280.0,1000518,0.050000000000000044,0.42057396778715894,28.18705333362926,53222.2
1226,120.0,1001192,0.050000000000000044,0.43193407347895624,28.25843115447183,53250.2
1227,440.0,1002355,0.050000000000000044,0.4200174974810944,28.2117805612159,53298.7
1228,220.0,1003038,0.050000000000000044,0.45321885641462456,28.411613355443908,53327.2
1229,200.0,1003676,0.050000000000000044,0.4599944450965496,28.576588472228813,53354.3
1230,200.0,1004246,0.050000000000000044,0.44928725789252083,28.854788298355906,53378.1
1231,400.0,1005235,0.050000000000000044,0.451795239336751,28.714203295500383,53419.9
1232,480.0,1006787,0.050000000000000044,0.43952539006065694,28.820921804487092,53485.8
1233,300.0,1007649,0.050000000000000044,0.44002678679635104,29.042249982705524,53521.4
1234,400.0,1008840,0.050000000000000044,0.46534623508439354,29.130867761888993,53570.0
1235,200.0,1009508,0.050000000000000044,0.4568335276409359,29.147379923723413,53597.8
1236,360.0,1010504,0.050000000000000044,0.45219075946833,29.169284211583886,53638.9
1237,180.0,1011224,0.050000000000000044,0.4672257325922449,29.118096531762017,53670.3
1238,300.0,1011985,0.050000000000000044,0.45325511950465913,29.10353728506161,53703.4
1239,80.0,1012471,0.050000000000000044,0.47881348697859566,28.960731934127494,53723.5
1240,260.0,1013636,0.050000000000000044,0.4817830433981101,29.11733465890516,53773.5
1241,260.0,1014468,0.050000000000000044,0.47255944557344687,29.317200147188625,53807.9
1242,120.0,1015060,0.050000000000000044,0.458607334089843,29.29708278501356,53832.8
1243,260.0,1015831,0.050000000000000044,0.45722252250336176,29.577319767379265,53865.3
1244,180.0,1016575,0.050000000000000044,0.46452582853856267,29.649019802770308,53896.2
1245,220.0,1017132,0.050000000000000044,0.47521948594352503,29.726931957196932,53920.0
1246,160.0,1017773,0.050000000000000044,0.45875444882164323,30.057745821948355,53947.7
1247,280.0,1018565,0.050000000000000044,0.47449027986801934,30.082340987041743,53981.7
1248,420.0,1019564,0.050000000000000044,0.4854961949679348,29.930703675782716,54024.3
1249,460.0,1020661,0.050000000000000044,0.46845381462449037,29.81103756782024,54069.2
1250,240.0,1021405,0.050000000000000044,0.4506407961129181,29.857612150971608,54100.2
1251,360.0,1022348,0.050000000000000044,0.4543826524741071,30.04423935769851,54139.7
1252,280.0,1023050,0.050000000000000044,0.48509001929281104,30.25545993218055,54169.9
1253,160.0,1023557,0.050000000000000044,0.454144613336059,30.517887457823143,54191.2
1254,320.0,1024366,0.050000000000000044,0.45518879089573555,30.497452866751125,54224.5
1255,240.0,1025040,0.050000000000000044,0.46124257423669013,30.44290435349552,54253.7
1256,180.0,1025556,0.050000000000000044,0.4392694317584121,30.24121260827826,54275.0
1257,220.0,1026280,0.050000000000000044,0.47853107634129116,30.34188409668306,54304.5
1258,160.0,1027033,0.050000000000000044,0.4898273960290202,30.43541006516334,54335.5
1259,420.0,1027984,0.050000000000000044,0.4828832933736023,30.644153819600614,54376.5
1260,260.0,1028741,0.050000000000000044,0.4665309371355345,30.47898166560749,54408.2
1261,320.0,1029585,0.050000000000000044,0.4699354826944982,30.496259666732136,54443.6
1262,380.0,1030768,0.050000000000000044,0.47209041153764886,30.703582226776614,54493.6
1263,260.0,1031560,0.050000000000000044,0.4964678527862586,30.6540612066635,54526.6
1264,260.0,1032512,0.050000000000000044,0.4704680891097093,30.650170163947994,54566.3
1265,140.0,1033023,0.050000000000000044,0.4618697653282179,30.65413663905194,54587.5
1266,120.0,1033513,0.050000000000000044,0.4597634337234254,30.925492278897032,54607.6
1267,340.0,1034372,0.050000000000000044,0.48535039163995813,31.01863274446605,54643.2
1268,280.0,1035156,0.050000000000000044,0.4619228173218363,31.00828734709292,54676.2
1269,160.0,1035718,0.050000000000000044,0.4707633288066794,30.93123280535389,54699.8
1270,120.0,1036152,0.050000000000000044,0.4725385997358555,31.026398816965692,54717.7
1271,420.0,1037064,0.050000000000000044,0.45751864770263956,31.078385683528165,54755.7
1272,160.0,1037786,0.050000000000000044,0.4794131666834665,31.00451005793014,54785.7
1273,120.0,1038257,0.050000000000000044,0.46008200150956013,31.126196648664536,54805.5
1274,120.0,1038726,0.050000000000000044,0.4863151445158763,31.057021061748838,54825.3
1275,240.0,1039354,0.050000000000000044,0.45459850999722434,30.9433319280102,54851.9
1276,180.0,1039980,0.050000000000000044,0.4681637606348473,30.934768987539858,54878.7
1277,380.0,1040741,0.050000000000000044,0.4667744408220875,31.188014219687584,54912.1
1278,600.0,1041992,0.050000000000000044,0.4752850269111131,31.078290209019308,54964.7
1279,400.0,1042989,0.050000000000000044,0.47327443647199313,31.030624093119812,55006.5
1280,580.0,1044213,0.050000000000000044,0.47735057167368,31.10530881320729,55057.5
1281,220.0,1044856,0.050000000000000044,0.46550788903611817,31.381057344736245,55085.1
1282,460.0,1046127,0.050000000000000044,0.493119145786781,31.370625516169657,55138.6
1283,180.0,1046845,0.050000000000000044,0.4772700142312515,31.45723643608412,55168.0
1284,220.0,1047388,0.050000000000000044,0.4948479583963724,31.65817581092455,55189.9
1285,240.0,1047967,0.050000000000000044,0.47714445993484406,31.7076923785432,55214.5
1286,380.0,1048918,0.050000000000000044,0.48701885062907396,31.809954856848492,55254.9
1287,360.0,1049636,0.050000000000000044,0.4717807892326027,31.725933088233543,55285.6
1288,420.0,1050603,0.050000000000000044,0.486364173752014,31.742816427994168,55326.8
1289,760.0,1052089,0.050000000000000044,0.48082711297171354,31.62470408756672,55389.3
1290,460.0,1053062,0.050000000000000044,0.487941575855905,31.60612844367189,55430.0
1291,860.0,1054511,0.050000000000000044,0.5051421251551623,31.769575698199645,55493.1
1292,260.0,1055165,0.050000000000000044,0.49040789346264774,31.616903106736117,55521.7
1293,440.0,1056086,0.050000000000000044,0.5003784607193886,31.932128945598127,55561.3
1294,380.0,1057029,0.050000000000000044,0.4925897873756362,31.761059133017934,55600.7
1295,200.0,1057574,0.050000000000000044,0.5076771675993543,31.717842690004122,55624.0
1296,380.0,1058429,0.050000000000000044,0.5005885081855874,31.92944069354855,55659.3
1297,320.0,1059206,0.050000000000000044,0.4844923518991225,31.88720160623008,55691.4
1298,420.0,1060030,0.050000000000000044,0.5035176978726844,31.99430807354381,55727.0
1299,440.0,1060831,0.050000000000000044,0.4996253549122483,32.32074277737316,55760.8
1300,380.0,1061684,0.050000000000000044,0.49072903664597034,32.49648670183117,55797.5
1301,340.0,1062497,0.050000000000000044,0.4910974108773257,32.66798167211103,55831.0
1302,720.0,1063819,0.050000000000000044,0.5166230826059557,32.592407344870054,55885.8
1303,400.0,1064722,0.050000000000000044,0.500667198304322,32.52197729683134,55924.4
1304,500.0,1065856,0.050000000000000044,0.5138928009496059,32.64868501128343,55974.3
1305,360.0,1066687,0.050000000000000044,0.5073081381287242,32.69004412076103,56009.8
1306,400.0,1067600,0.050000000000000044,0.5243806585032995,32.852734157315744,56050.1
1307,400.0,1068569,0.050000000000000044,0.5098116689345293,32.897192739480786,56089.9
1308,640.0,1070008,0.050000000000000044,0.5212382491344044,32.818384597332965,56149.3
1309,500.0,1071153,0.050000000000000044,0.5287165725595566,32.884631685815,56196.2
1310,460.0,1072247,0.050000000000000044,0.5235863993220181,32.930791216750904,56241.3
1311,300.0,1073002,0.050000000000000044,0.5378469309269988,32.66532004653223,56273.9
1312,440.0,1073890,0.050000000000000044,0.5376967013318528,32.735476820318546,56312.0
1313,580.0,1074934,0.050000000000000044,0.5328527274809178,32.65663377352601,56356.0
1314,660.0,1076197,0.050000000000000044,0.5297093639240223,32.79791797387251,56407.7
1315,440.0,1077127,0.050000000000000044,0.5478544681302963,32.91423973985898,56445.6
1316,380.0,1077785,0.050000000000000044,0.5218472336687849,33.06021867479597,56472.4
1317,440.0,1078787,0.050000000000000044,0.5325236210075324,32.920746487295794,56514.7
1318,400.0,1079641,0.050000000000000044,0.5500990021581253,32.89648567708929,56551.4
1319,440.0,1080604,0.050000000000000044,0.5350016151184481,33.001374804218486,56592.9
1320,540.0,1081612,0.050000000000000044,0.530406337320095,33.11433231452155,56635.6
1321,340.0,1082349,0.050000000000000044,0.5322103189403037,33.326379680245346,56666.7
1322,720.0,1083732,0.050000000000000044,0.546885047078305,33.44699872445129,56724.0
1323,360.0,1084518,0.050000000000000044,0.5497948823653105,33.60264949216187,56756.2
1324,460.0,1085407,0.050000000000000044,0.540711263016587,33.759495532418796,56793.2
1325,300.0,1086084,0.050000000000000044,0.5341201994012342,33.88599978662488,56821.8
1326,380.0,1086942,0.050000000000000044,0.545381603671329,34.17713676577126,56857.4
1327,380.0,1087771,0.050000000000000044,0.563883557340492,34.08599525654129,56891.0
1328,440.0,1088686,0.050000000000000044,0.5718058133223017,34.23543850216058,56928.9
1329,540.0,1089852,0.050000000000000044,0.5635029276574148,34.48319413690584,56976.7
1330,600.0,1091042,0.050000000000000044,0.5854811097518736,34.78978285909701,57024.7
1331,180.0,1091729,0.050000000000000044,0.6038494378631986,35.13279517005798,57053.1
1332,480.0,1092825,0.050000000000000044,0.5733708714196173,35.412102406912474,57098.6
1333,480.0,1093796,0.050000000000000044,0.5971827496583626,35.53829883571511,57139.1
1334,320.0,1094666,0.050000000000000044,0.5956101770544874,35.737159566769655,57176.0
1335,220.0,1095364,0.050000000000000044,0.6015491752023342,36.15129280090332,57205.1
1336,900.0,1096976,0.050000000000000044,0.5923215743274458,36.281070502165235,57273.3
1337,300.0,1097697,0.050000000000000044,0.6075492824082898,36.68669192701702,57303.1
1338,320.0,1098414,0.050000000000000044,0.616272195155318,36.759957985232894,57332.7
1339,320.0,1099303,0.050000000000000044,0.616592978800912,36.91440548591056,57368.9
1340,620.0,1100750,0.050000000000000044,0.6063238184309533,36.99636885241632,57427.9
1341,480.0,1101641,0.050000000000000044,0.6049020485879328,37.07615183392492,57464.8
1342,580.0,1102888,0.050000000000000044,0.6274933336062152,37.07023953588466,57517.9
1343,360.0,1103735,0.050000000000000044,0.6439802216491283,37.59564661613744,57553.2
1344,560.0,1104785,0.050000000000000044,0.6606807892095475,37.887899954659595,57596.1
1345,360.0,1105616,0.050000000000000044,0.6726889413401538,38.09852636362528,57631.1
1346,760.0,1107067,0.050000000000000044,0.6600384902822651,37.97772548052461,57690.9
1347,540.0,1108172,0.050000000000000044,0.6576356280173651,38.18888505616339,57736.7
1348,560.0,1109430,0.050000000000000044,0.6672271097549763,38.21308778086603,57790.8
1349,540.0,1110501,0.050000000000000044,0.6854302023792245,38.216273159094776,57836.6
1350,560.0,1111863,0.050000000000000044,0.6565472478875767,38.33558894394078,57920.7
1351,460.0,1112791,0.050000000000000044,0.6625510430413073,38.57593555491546,57979.6
1352,620.0,1114046,0.050000000000000044,0.6635983280392282,38.65377706854467,58060.4
1353,840.0,1115504,0.050000000000000044,0.6669416404412281,39.203446462811755,58151.7
1354,540.0,1116647,0.050000000000000044,0.6872568096336522,39.39007685837366,58224.0
1355,320.0,1117464,0.050000000000000044,0.6877062419107961,39.687599714412244,58275.5
1356,800.0,1118846,0.050000000000000044,0.6968119735418457,39.69263812809018,58361.6
1357,580.0,1120196,0.050000000000000044,0.7018246582591975,39.5761685039379,58447.1
1358,560.0,1121531,0.050000000000000044,0.6878837906242756,39.5832756071055,58532.5
1359,280.0,1122161,0.050000000000000044,0.661377836101585,39.91610602121504,58572.9
1360,320.0,1122883,0.050000000000000044,0.6707112089294807,40.09401390096818,58620.2
1361,460.0,1124040,0.050000000000000044,0.6472609633565362,40.028865876853104,58695.3
1362,540.0,1125242,0.050000000000000044,0.679593712054255,40.31662689469221,58774.2
1363,240.0,1125957,0.050000000000000044,0.6625557872798893,40.69995675787226,58820.9
1364,400.0,1126744,0.050000000000000044,0.6544713038652946,40.590610586551726,58871.0
1365,540.0,1127985,0.050000000000000044,0.6672895690493772,40.82791863748088,58951.5
1366,440.0,1128898,0.050000000000000044,0.6742087697930561,40.99965915491913,59010.1
1367,560.0,1130041,0.050000000000000044,0.6973294975433241,41.08295952637573,59083.9
1368,380.0,1130751,0.050000000000000044,0.6982366769036776,40.962658207853075,59131.4
1369,460.0,1131765,0.050000000000000044,0.677863451775303,41.11222999617898,59196.7
1370,220.0,1132352,0.050000000000000044,0.6719749108007657,41.0826900813608,59234.3
1371,600.0,1133626,0.050000000000000044,0.6984279857980588,41.230671785315685,59315.7
1372,760.0,1135107,0.050000000000000044,0.6843277395355146,41.42842296262918,59410.3
1373,180.0,1135777,0.050000000000000044,0.6922334831819605,41.65172351438608,59453.5
1374,260.0,1136432,0.050000000000000044,0.6699095197761332,41.58889282459521,59495.0
1375,700.0,1137948,0.050000000000000044,0.6961872847775357,41.84894399718433,59591.8
1376,720.0,1139319,0.050000000000000044,0.684962535376187,41.53691980040569,59678.2
1377,200.0,1140040,0.050000000000000044,0.7036687254120342,41.74269652664248,59723.4
1378,400.0,1141230,0.050000000000000044,0.7223869060267921,41.87697533679609,59797.9
1379,360.0,1142269,0.050000000000000044,0.7149846565132536,42.096848455728306,59862.5
1380,240.0,1142903,0.050000000000000044,0.709860040961944,42.47513014134548,59902.5
1381,280.0,1143619,0.050000000000000044,0.7241162189683101,42.67099371435922,59947.8
1382,440.0,1144507,0.050000000000000044,0.7074580776026925,42.26075303447139,60004.2
1383,300.0,1145217,0.050000000000000044,0.6900731260717755,42.13398502242397,60049.2
1384,240.0,1145927,0.050000000000000044,0.7048715110605871,42.3208279945481,60093.3
1385,260.0,1146637,0.050000000000000044,0.7261526878241082,42.50495683911821,60137.1
1386,500.0,1147723,0.050000000000000044,0.7285661694231832,42.56067254925301,60203.7
1387,280.0,1148354,0.050000000000000044,0.7232739102868762,42.438515972977775,60232.4
1388,640.0,1149466,0.050000000000000044,0.7326573781776342,42.37895322703629,60281.7
1389,520.0,1150595,0.050000000000000044,0.7235060230465037,42.504197457704635,60330.3
1390,240.0,1151219,0.050000000000000044,0.733291449646155,42.5244357524774,60357.5
1391,440.0,1152311,0.050000000000000044,0.7373681316090809,42.38240624871446,60405.0
1392,480.0,1153355,0.050000000000000044,0.7379919890300067,42.44625815760587,60452.6
1393,280.0,1154088,0.050000000000000044,0.7230288695549086,42.83923612545164,60484.8
1394,220.0,1154722,0.050000000000000044,0.7388011503388829,42.60740665231217,60513.2
1395,560.0,1155978,0.050000000000000044,0.7423663348623901,42.51330954557771,60569.5
1396,520.0,1157044,0.050000000000000044,0.7354697510320518,42.68611833525867,60616.8
1397,360.0,1157747,0.050000000000000044,0.7259442651509221,42.91791305976097,60648.0
1398,560.0,1158998,0.050000000000000044,0.7466535795685485,43.169338079951075,60703.7
1399,260.0,1159710,0.050000000000000044,0.7536340402125308,43.31640558564261,60735.1
1400,380.0,1160749,0.050000000000000044,0.7356063371615644,43.399199429788304,60780.7
1401,480.0,1161697,0.050000000000000044,0.7739114591278105,43.587350133099136,60822.6
1402,400.0,1162507,0.050000000000000044,0.7398407626851106,43.57197167667342,60859.4
1403,680.0,1164045,0.050000000000000044,0.7813989294181797,43.69510524387633,60925.0
1404,420.0,1165008,0.050000000000000044,0.7870956453826444,43.390673786927856,60967.2
1405,520.0,1166030,0.050000000000000044,0.7680056624099934,43.97287098908844,61010.7
1406,320.0,1166792,0.050000000000000044,0.7682472664735761,43.960464938106185,61042.7
1407,540.0,1168239,0.050000000000000044,0.7609248572101903,43.728392605626674,61104.8
1408,560.0,1169540,0.050000000000000044,0.76635286286416,43.728432144411336,61160.9
1409,620.0,1170915,0.050000000000000044,0.7601049756136807,43.90670803555575,61219.5
1410,460.0,1171848,0.050000000000000044,0.773101485730623,43.66714469361791,61259.3
1411,420.0,1172674,0.050000000000000044,0.75182693453447,43.456927195588264,61294.6
1412,680.0,1174124,0.050000000000000044,0.7625399895885895,43.198971333997,61355.9
1413,380.0,1175251,0.050000000000000044,0.750384505914182,43.789820846246215,61404.4
1414,500.0,1176283,0.050000000000000044,0.7642230630325254,44.129778751107146,61450.4
1415,500.0,1177176,0.050000000000000044,0.7735263962227713,43.859231912542434,61490.1
1416,740.0,1178648,0.050000000000000044,0.7560190771524187,43.713770011196964,61555.2
1417,600.0,1179756,0.050000000000000044,0.7806396790870905,43.73720277861998,61604.1
1418,760.0,1181164,0.050000000000000044,0.7820574211126025,43.749736699191004,61666.0
1419,280.0,1182035,0.050000000000000044,0.7762134296201537,44.048598923447756,61704.1
1420,440.0,1182968,0.050000000000000044,0.7618829184725865,43.84902750487496,61744.0
1421,820.0,1184585,0.050000000000000044,0.7795755820522798,44.2359957438453,61812.3
1422,620.0,1186007,0.050000000000000044,0.768774898358622,44.19124119593624,61872.6
1423,340.0,1186696,0.050000000000000044,0.7918058223319504,44.49469690087572,61901.9
1424,340.0,1187719,0.050000000000000044,0.7753465141689556,44.520636662010574,61944.8
1425,500.0,1188660,0.050000000000000044,0.8171697590226955,44.663357774205465,61984.3
1426,400.0,1189616,0.050000000000000044,0.7886898078523171,44.465542226655714,62025.3
1427,500.0,1190621,0.050000000000000044,0.7923579397041406,44.54823303222656,62068.5
1428,560.0,1191925,0.050000000000000044,0.783423981646453,44.514422071492014,62123.8
1429,700.0,1193304,0.050000000000000044,0.8139990244636163,44.69437170270736,62182.3
1430,600.0,1194459,0.050000000000000044,0.7899571613702939,44.8578478594363,62230.9
1431,460.0,1195379,0.050000000000000044,0.8069532658094946,44.90677928095278,62270.7
1432,540.0,1196540,0.050000000000000044,0.8209434155628252,44.787257129626475,62319.9
1433,500.0,1197561,0.050000000000000044,0.8143641073749301,45.39527606123458,62363.0
1434,540.0,1198673,0.050000000000000044,0.8087503222896041,45.26348057753748,62409.7
1435,420.0,1199638,0.050000000000000044,0.8075002247959838,45.05289758870021,62450.9
1436,440.0,1200445,0.050000000000000044,0.7686844964822134,45.090227559596634,62486.4
1437,400.0,1201347,0.050000000000000044,0.7925097352583498,44.924393808233766,62524.4
1438,340.0,1202097,0.050000000000000044,0.7956926226218541,44.827121668497725,62555.5
1439,760.0,1203542,0.050000000000000044,0.7929780870366674,44.86627009038694,62616.2
1440,380.0,1204410,0.050000000000000044,0.8101236853697058,44.61304836009504,62654.6
1441,620.0,1205628,0.050000000000000044,0.8000739531466134,44.77977995723731,62708.2
1442,400.0,1206578,0.050000000000000044,0.8031475432609257,44.82921040986714,62751.4
1443,520.0,1207761,0.050000000000000044,0.8017313131087933,44.53287143013987,62802.3
1444,540.0,1208903,0.050000000000000044,0.8190221991096404,44.85057907638951,62850.8
1445,620.0,1210035,0.050000000000000044,0.8040863480221467,44.59541189038711,62898.7
1446,380.0,1210752,0.050000000000000044,0.8158658189046998,44.80256422460495,62930.0
1447,720.0,1212030,0.050000000000000044,0.7825172249116995,45.0842292887131,62985.1
1448,660.0,1213519,0.050000000000000044,0.7834209757835133,45.14067707868772,63048.2
1449,180.0,1214069,0.050000000000000044,0.7887925412167203,45.19842201926492,63071.6
1450,160.0,1214764,0.050000000000000044,0.8072831324107356,45.07038911229415,63101.1
1451,280.0,1215515,0.050000000000000044,0.7733154027622327,45.36637233830641,63133.3
1452,800.0,1217146,0.050000000000000044,0.7817766742471316,45.41304326247467,63202.4
1453,400.0,1217962,0.050000000000000044,0.7690532139922474,45.46305747125663,63237.7
1454,400.0,1218807,0.050000000000000044,0.7940825119173739,46.28664501122469,63275.2
1455,600.0,1219976,0.050000000000000044,0.7756838725483041,46.32766583314607,63325.7
1456,300.0,1220668,0.050000000000000044,0.7912992979749779,46.52229163550228,63355.4
1457,280.0,1221424,0.050000000000000044,0.7888065244628009,46.496114796431605,63388.0
1458,240.0,1221985,0.050000000000000044,0.80367286771589,46.79440717646145,63412.5
1459,300.0,1222682,0.050000000000000044,0.820602379878248,46.86555177204236,63442.9
1460,580.0,1223999,0.050000000000000044,0.770378406426177,46.95318224942404,63506.6
1461,540.0,1225310,0.050000000000000044,0.7966643932391267,47.030610329681096,63592.8
1462,160.0,1225859,0.050000000000000044,0.7890634219720281,47.235563886187336,63634.4
1463,620.0,1226936,0.050000000000000044,0.7796615843791704,46.993838282791465,63706.3
1464,440.0,1227925,0.050000000000000044,0.7655989301246868,46.349067363989725,63770.0
1465,520.0,1229110,0.050000000000000044,0.765901182007186,45.995369594911985,63849.1
1466,100.0,1229564,0.050000000000000044,0.7571448097538843,46.12957746867041,63878.8
1467,520.0,1230577,0.050000000000000044,0.7937767169965102,46.44158873035548,63946.8
1468,260.0,1231317,0.050000000000000044,0.7786232185323496,46.65356443766001,63997.2
1469,500.0,1232303,0.050000000000000044,0.7771753886710799,46.350594363879964,64061.4
1470,680.0,1233542,0.050000000000000044,0.8062213920507824,46.49048172994618,64143.8
1471,320.0,1234478,0.050000000000000044,0.808580820233776,46.606724115518425,64205.1
1472,260.0,1235067,0.050000000000000044,0.7899672905131795,46.49295485647101,64246.9
1473,420.0,1235924,0.050000000000000044,0.7983111137722031,46.58030400226108,64303.5
1474,160.0,1236454,0.050000000000000044,0.7781520063303552,46.45774076929632,64339.7
1475,700.0,1237971,0.050000000000000044,0.7991845408355082,46.455505260449925,64438.9
1476,160.0,1238545,0.050000000000000044,0.7716625853074968,46.595299272171715,64475.9
1477,400.0,1239487,0.050000000000000044,0.7723857901531673,46.88990431378601,64535.6
1478,720.0,1240943,0.050000000000000044,0.7972472667346125,47.16236661030696,64629.6
1479,380.0,1241902,0.050000000000000044,0.762170222507279,47.23335715603157,64695.6
1480,260.0,1242622,0.050000000000000044,0.7825912551126546,47.396384212705826,64746.1
1481,560.0,1243588,0.050000000000000044,0.8071761907350202,47.40049545809349,64810.4
1482,420.0,1244659,0.050000000000000044,0.7736056824079971,47.53450743802566,64881.0
1483,560.0,1245777,0.050000000000000044,0.7775564245173244,47.71751648795413,64955.7
1484,620.0,1247218,0.050000000000000044,0.7881882493070725,47.96740436487774,65054.2
1485,880.0,1248865,0.050000000000000044,0.7946837387558324,47.9187175262025,65164.7
1486,260.0,1249653,0.050000000000000044,0.7615730768722023,47.74192656115227,65216.4
1487,580.0,1250960,0.050000000000000044,0.8077895878696587,47.7082632658768,65302.1
1488,340.0,1251768,0.050000000000000044,0.805567577591922,47.91882866207916,65354.6
1489,560.0,1252924,0.050000000000000044,0.8078488524371571,48.10570681548861,65432.0
1490,560.0,1254251,0.050000000000000044,0.800590131580605,47.67141183193411,65516.5
1491,420.0,1255143,0.050000000000000044,0.8022725552888462,47.56228473047504,65576.9
1492,640.0,1256317,0.050000000000000044,0.7958044379670332,47.82913157968343,65655.1
1493,480.0,1257539,0.050000000000000044,0.805488223737371,48.08244451719493,65734.5
1494,280.0,1258156,0.050000000000000044,0.8274780720037618,48.29961329109278,65774.7
1495,640.0,1259293,0.050000000000000044,0.7868384199385697,48.282394244782004,65849.8
1496,600.0,1260347,0.050000000000000044,0.7895062837813339,48.40022811672493,65919.2
1497,520.0,1261573,0.050000000000000044,0.7966729153379142,48.111933358147326,66004.6
1498,240.0,1262267,0.050000000000000044,0.7783165711276125,48.175005635198325,66052.5
1499,280.0,1262955,0.050000000000000044,0.7857513564833721,48.39795400375544,66096.6
1500,440.0,1264091,0.050000000000000044,0.7984453250562221,48.260317705046965,66167.2
1501,1040.0,1265970,0.050000000000000044,0.8154701611315589,48.58186846657469,66287.2
1502,240.0,1266683,0.050000000000000044,0.832257495249973,48.77320444500296,66336.2
1503,380.0,1267585,0.050000000000000044,0.8352072618389605,48.72717163356604,66396.6
1504,840.0,1269201,0.050000000000000044,0.8139267565940719,48.336005824627264,66500.7
1505,520.0,1270280,0.050000000000000044,0.7946629443993936,48.19612378605656,66571.3
1506,460.0,1271321,0.050000000000000044,0.8041950788610148,48.06509551122484,66640.0
1507,860.0,1273054,0.050000000000000044,0.8082190836466466,48.36055320435979,66756.4
1508,420.0,1273863,0.050000000000000044,0.8154202074512416,48.93120141612879,66808.8
1509,540.0,1274946,0.050000000000000044,0.823379755598026,48.30919423900263,66879.6
1510,760.0,1276194,0.050000000000000044,0.7964488737858259,48.66500394160931,66959.2
1511,280.0,1276823,0.050000000000000044,0.8157129644257844,48.6949471017325,67002.1
1512,620.0,1277909,0.050000000000000044,0.8340792716317853,48.65848454498235,67078.3
1513,480.0,1279060,0.050000000000000044,0.8180281262776833,48.953922016531564,67160.7
1514,480.0,1280257,0.050000000000000044,0.811661338609462,49.22807958948682,67242.6
1515,320.0,1281139,0.050000000000000044,0.8194048003443515,49.34580505786299,67300.3
1516,620.0,1282346,0.050000000000000044,0.8097206689818595,49.08607999332305,67381.3
1517,540.0,1283544,0.050000000000000044,0.815734670399525,49.341305785266705,67461.7
1518,580.0,1284579,0.050000000000000044,0.8194305265871223,49.20929832642781,67530.5
1519,420.0,1285508,0.050000000000000044,0.8301746750769754,49.26524780897586,67592.4
1520,720.0,1286825,0.050000000000000044,0.8388969918363639,49.63444895588636,67685.7
1521,480.0,1287816,0.050000000000000044,0.8371987878885326,49.439369016891774,67753.7
1522,280.0,1288703,0.050000000000000044,0.8264439315981364,49.84033429340418,67819.5
1523,640.0,1290149,0.050000000000000044,0.8204441705865484,49.477935421681174,67918.7
1524,380.0,1290901,0.050000000000000044,0.8302868972631529,49.722826653338494,67968.4
1525,400.0,1291592,0.050000000000000044,0.8414629936088874,49.447617372107054,68016.3
1526,1100.0,1293775,0.050000000000000044,0.838383581630964,49.436924658725964,68164.8
1527,1020.0,1295671,0.050000000000000044,0.8541866059136038,49.77400853764659,68287.9
1528,460.0,1296609,0.050000000000000044,0.8474452376905789,49.511177986161286,68350.3
1529,540.0,1297606,0.050000000000000044,0.8402374615461202,49.536227732269076,68417.7
1530,660.0,1298814,0.050000000000000044,0.8708801941810459,49.60471087259962,68497.4
1531,680.0,1300097,0.050000000000000044,0.8494059060549978,49.73642026049405,68584.4
1532,540.0,1301060,0.050000000000000044,0.8684617823931782,49.50803682242103,68654.3
1533,440.0,1302081,0.050000000000000044,0.8020618477075504,49.354772719066595,68732.5
1534,740.0,1303365,0.050000000000000044,0.8615029551019179,49.52099649482798,68827.0
1535,660.0,1304581,0.050000000000000044,0.852361126717082,49.44600541654386,68917.9
1536,680.0,1305802,0.050000000000000044,0.8526436974409659,49.69535656115933,69008.6
1537,700.0,1307135,0.050000000000000044,0.8616300650382525,49.520053328380314,69098.8
1538,440.0,1308142,0.050000000000000044,0.8540500400970804,49.82447107688199,69168.4
1539,440.0,1308939,0.050000000000000044,0.8802149149973688,49.81940539179363,69223.4
1540,580.0,1310070,0.050000000000000044,0.8705532214580438,49.94244106167929,69302.7
1541,460.0,1311124,0.050000000000000044,0.8657745166453736,50.061738468437994,69373.9
1542,280.0,1312086,0.050000000000000044,0.8606215441549147,50.47666251882446,69441.7
1543,400.0,1313159,0.050000000000000044,0.8682378526613852,50.632334695835596,69512.8
1544,260.0,1313832,0.050000000000000044,0.8875443157788372,51.176659083826934,69556.8
1545,780.0,1315232,0.050000000000000044,0.8780202095210552,51.04385646002633,69645.9
1546,440.0,1316559,0.050000000000000044,0.8897560219860832,51.402983880348465,69730.2
1547,660.0,1317638,0.050000000000000044,0.8881625530480013,51.356221065574275,69801.2
1548,580.0,1318499,0.050000000000000044,0.9045559522651491,51.260878147563865,69857.7
1549,560.0,1319586,0.050000000000000044,0.8957499441139832,51.44836052032162,69931.5
1550,840.0,1321361,0.050000000000000044,0.8792138389466514,51.18952141560299,70045.4
1551,520.0,1322437,0.050000000000000044,0.9000663040101972,51.232639061030845,70122.2
1552,380.0,1323247,0.050000000000000044,0.8894487900682437,51.04443882129811,70176.4
1553,460.0,1324126,0.050000000000000044,0.8793219860062529,51.27819694024304,70235.8
1554,680.0,1325384,0.050000000000000044,0.8976800236584461,51.50064600291047,70319.9
1555,220.0,1326025,0.050000000000000044,0.942215052949099,51.88835322577942,70364.6
1556,540.0,1327096,0.050000000000000044,0.9100603078510247,52.12203242553939,70440.2
1557,460.0,1328074,0.050000000000000044,0.8928274330978258,52.04267073165176,70506.9
1558,160.0,1328611,0.050000000000000044,0.9226567169696481,52.5077821031851,70543.6
1559,500.0,1329535,0.050000000000000044,0.9058999706591878,52.66954473189978,70605.6
1560,500.0,1330670,0.050000000000000044,0.9080745796931473,52.586860572714116,70681.2
1561,340.0,1331458,0.050000000000000044,0.9035272152744575,52.68457761270746,70732.7
1562,300.0,1332114,0.050000000000000044,0.9160630280015672,52.593922865100026,70774.7
1563,780.0,1333486,0.050000000000000044,0.8918199255714959,52.691017181463216,70861.4
1564,540.0,1334794,0.050000000000000044,0.915936954456185,52.59879260981848,70945.6
1565,740.0,1336192,0.050000000000000044,0.9119558334030818,52.82242946324601,71036.8
1566,360.0,1337020,0.050000000000000044,0.9134579468608478,53.10974497495642,71091.7
1567,320.0,1337774,0.050000000000000044,0.9324331137324517,53.83671373018219,71142.9
1568,800.0,1339389,0.050000000000000044,0.9453524695000043,53.46020474035304,71248.2
1569,600.0,1340462,0.050000000000000044,0.9551219219847028,53.85941818109318,71322.5
1570,780.0,1341890,0.050000000000000044,0.917802187303702,53.759709646721845,71420.2
1571,560.0,1342865,0.050000000000000044,0.8964946564497092,53.821764952830776,71486.2
1572,580.0,1343914,0.050000000000000044,0.9268783098805848,53.9736272850073,71554.6
1573,620.0,1345159,0.050000000000000044,0.9215830557916059,54.03597927782909,71634.2
1574,360.0,1345962,0.050000000000000044,0.9250967001744255,54.15431557794288,71687.3
1575,860.0,1347713,0.050000000000000044,0.9213987869800396,54.21716756728089,71803.0
1576,860.0,1349192,0.050000000000000044,0.9096168566084617,54.285846679254185,71899.3
1577,660.0,1350519,0.050000000000000044,0.9199246520509196,54.07505869344382,71987.5
1578,560.0,1351531,0.050000000000000044,0.9177729994235303,54.20710329952919,72053.7
1579,640.0,1352757,0.050000000000000044,0.9460859789739425,54.28948814367198,72133.6
1580,460.0,1353848,0.050000000000000044,0.911055903892032,54.4499135948342,72205.8
1581,1000.0,1355623,0.050000000000000044,0.9235501884406722,54.20149205382441,72323.3
1582,1040.0,1357441,0.050000000000000044,0.951742726657847,54.35696939483072,72439.1
1583,600.0,1358710,0.050000000000000044,0.9458097433649338,54.34566293089666,72522.8
1584,1140.0,1360997,0.050000000000000044,0.9546645394594429,54.216197982541225,72675.0
1585,820.0,1362604,0.050000000000000044,0.9591155645078803,54.113445747247304,72792.2
1586,820.0,1364058,0.050000000000000044,0.9551357229174905,54.43857476340691,72916.5
1587,620.0,1365325,0.050000000000000044,0.9699712420836526,54.52761685161395,73039.2
1588,820.0,1366904,0.050000000000000044,0.9565504386105668,54.17819633991225,73187.8
1589,740.0,1368182,0.050000000000000044,0.9551326398138709,54.16809900489771,73287.5
1590,620.0,1369438,0.050000000000000044,0.954742924256879,53.88649318780109,73378.2
1591,920.0,1371045,0.050000000000000044,0.9510322944692892,53.95917080141553,73491.8
1592,520.0,1372062,0.050000000000000044,0.9425576464762965,53.77048333767241,73561.0
1593,780.0,1373410,0.050000000000000044,0.9427557931964228,53.75349469283922,73652.4
1594,620.0,1374511,0.050000000000000044,0.9588425516622051,53.54775353413512,73736.8
1595,760.0,1376008,0.050000000000000044,0.975428863274868,53.796360003128,73864.1
1596,820.0,1377522,0.050000000000000044,0.9341210493992625,54.07043463834211,73992.4
1597,1040.0,1379486,0.050000000000000044,0.948234337235966,53.995559441824795,74147.8
1598,820.0,1380956,0.050000000000000044,0.9457029203371126,54.173124282214104,74246.2
1599,880.0,1382589,0.050000000000000044,0.9731509742912747,54.23275773187977,74355.5
1600,540.0,1383699,0.050000000000000044,1.011455979674786,53.84476943144927,74429.7
1601,820.0,1385261,0.050000000000000044,0.9826545490192848,53.663320270298996,74532.2
1602,780.0,1386647,0.050000000000000044,0.9804244741775945,53.6920895074181,74624.6
1603,500.0,1387804,0.050000000000000044,0.9760847802345569,53.50545133427494,74701.5
1604,500.0,1388756,0.050000000000000044,0.968133438754232,54.039233023379026,74769.8
1605,460.0,1389755,0.050000000000000044,0.946242162758285,54.047675780944516,74836.9
1606,500.0,1390546,0.050000000000000044,0.9548144889842394,53.73358444618968,74888.8
1607,440.0,1391491,0.050000000000000044,0.9678473897238887,54.200830082161715,74953.2
1608,920.0,1393098,0.050000000000000044,0.9704849304215242,54.17681192565424,75058.6
1609,720.0,1394343,0.050000000000000044,0.9973824502952606,54.36542514050342,75138.7
1610,600.0,1395433,0.050000000000000044,0.9830150085578271,54.5800253981844,75208.4
1611,1400.0,1397704,0.050000000000000044,0.9815861967915955,54.45540993479263,75358.6
1612,400.0,1398476,0.050000000000000044,0.9896643569046352,54.84576366602448,75409.1
1613,500.0,1399560,0.050000000000000044,1.0023634804625792,54.958742250815526,75480.2
1614,780.0,1400941,0.050000000000000044,0.9689274743835966,55.23188088408076,75572.0
1615,480.0,1401959,0.050000000000000044,1.0036231224189105,55.14813277763562,75638.8
1616,820.0,1403362,0.050000000000000044,0.9949413013942566,55.16996227598836,75730.7
1617,480.0,1404325,0.050000000000000044,0.9893010890929499,55.2321359351169,75793.4
1618,680.0,1405572,0.050000000000000044,0.9984297722028367,55.67150649779686,75884.9
1619,880.0,1407062,0.050000000000000044,1.0467200312438427,55.9047965875408,75991.6
1620,500.0,1408094,0.050000000000000044,1.034604423960974,56.27827680203342,76066.1
1621,380.0,1408907,0.050000000000000044,1.0013313443385075,55.97304585117842,76126.3
1622,760.0,1410106,0.050000000000000044,0.9864315045337263,55.98566138654873,76216.2
1623,600.0,1411425,0.050000000000000044,0.9994856651824383,56.064856247977836,76314.0
1624,840.0,1412838,0.050000000000000044,1.0092605060495052,56.63284893535336,76417.7
1625,600.0,1413973,0.050000000000000044,1.0083341874215046,56.36153040142312,76504.9
1626,800.0,1415493,0.050000000000000044,1.0384376499605805,56.83191644267032,76618.5
1627,780.0,1416852,0.050000000000000044,1.0257745812797125,57.29925518302552,76718.8
1628,980.0,1418378,0.050000000000000044,1.0236757840975865,57.345686713802394,76835.7
1629,640.0,1419545,0.050000000000000044,1.0122252859258203,57.61726313691519,76925.8
1630,980.0,1421113,0.050000000000000044,1.01634856847552,57.64949769633157,77049.4
1631,720.0,1422362,0.050000000000000044,1.0216611266088447,57.34579248787213,77146.4
1632,1100.0,1424272,0.050000000000000044,1.023155422251262,57.318949131191715,77289.1
1633,260.0,1424998,0.050000000000000044,1.0412941891956593,57.46330523425226,77342.7
1634,560.0,1426058,0.050000000000000044,1.0233555298650039,57.316699517447994,77421.7
1635,600.0,1427240,0.050000000000000044,1.016307650256883,57.2898600492784,77510.5
1636,840.0,1428645,0.050000000000000044,1.057685474950648,57.077211726178476,77628.5
1637,640.0,1429949,0.050000000000000044,1.0308490377719417,56.94709438780334,77726.7
1638,440.0,1430904,0.050000000000000044,1.0308392670766222,56.77214986591439,77795.2
1639,740.0,1432263,0.050000000000000044,0.9954763975671498,57.44947759643734,77893.2
1640,560.0,1433165,0.050000000000000044,1.0208220813431654,58.00575499524034,77964.6
1641,460.0,1434023,0.050000000000000044,1.009554471690338,57.882538891060925,78028.0
1642,540.0,1434976,0.050000000000000044,1.0353096264794641,58.39678904642464,78096.7
1643,380.0,1435623,0.050000000000000044,1.0342043008557427,58.73859234534238,78145.4
1644,540.0,1436718,0.050000000000000044,1.0175632312689742,58.47283393825026,78241.2
1645,580.0,1437891,0.050000000000000044,1.024201432279512,58.606500900411646,78334.4
1646,840.0,1439475,0.050000000000000044,1.0319250492811805,59.167911707752886,78455.3
1647,420.0,1440321,0.050000000000000044,1.0408836687710268,59.11984939214467,78523.3
1648,360.0,1441264,0.050000000000000044,1.0245346643133355,59.21362870621909,78595.7
1649,260.0,1441924,0.050000000000000044,1.0167846129247637,59.61039448940393,78642.3
1650,540.0,1442875,0.050000000000000044,1.020836596922669,59.09643852723259,78703.6
1651,700.0,1444186,0.050000000000000044,1.0417927186012632,59.34531625184642,78789.9
1652,300.0,1444846,0.050000000000000044,1.049670456191807,59.34473971164588,78835.0
1653,440.0,1445686,0.050000000000000044,1.062810610554048,59.14588707515171,78894.6
1654,880.0,1447253,0.050000000000000044,1.041156671327927,58.79870397084522,78999.5
1655,780.0,1448553,0.050000000000000044,1.0258660103036807,59.27793884277344,79083.7
1656,620.0,1449597,0.050000000000000044,1.034428632664726,59.43593014245746,79150.5
1657,900.0,1451109,0.050000000000000044,1.0402417226778293,59.20028146864876,79245.3
1658,1000.0,1452916,0.050000000000000044,1.0242579293369785,59.35773433396086,79357.5
1659,640.0,1454115,0.050000000000000044,1.031294229952269,59.217349977469425,79430.6
1660,700.0,1455362,0.050000000000000044,1.0474718958258915,59.1384295055937,79509.9
1661,700.0,1456544,0.050000000000000044,1.0505363867821427,59.336869548016594,79582.1
1662,860.0,1458327,0.050000000000000044,1.012498430886833,59.03094534197351,79690.5
1663,400.0,1459181,0.050000000000000044,1.0141490167072282,59.15278526770706,79741.8
1664,820.0,1460786,0.050000000000000044,1.0058408202597657,58.838330080501756,79840.0
1665,580.0,1461812,0.050000000000000044,1.002938114237367,59.12622211969387,79902.2
1666,600.0,1463069,0.050000000000000044,1.0038803957622016,59.46070802942001,79978.8
1667,400.0,1463893,0.050000000000000044,1.0366840224025897,59.58237261448092,80029.3
1668,660.0,1465118,0.050000000000000044,1.0173937049447275,59.47682098700076,80105.5
1669,860.0,1466821,0.050000000000000044,1.0017598331832074,59.430796181392616,80209.8
1670,540.0,1467799,0.050000000000000044,1.018624462172054,59.54791969268112,80270.2
1671,660.0,1469075,0.050000000000000044,1.0171863971552506,59.52323897729473,80348.3
1672,620.0,1470154,0.050000000000000044,1.0170055021695013,59.56077273760381,80414.9
1673,880.0,1471632,0.050000000000000044,1.01119096885676,59.47960262530873,80507.5
1674,660.0,1472962,0.050000000000000044,1.0311816340326367,59.391157878789684,80588.6
1675,1040.0,1474809,0.050000000000000044,1.0006566620157031,59.63444001673361,80701.1
1676,780.0,1476269,0.050000000000000044,1.0059295556929013,59.71743945552878,80791.0
1677,460.0,1477243,0.050000000000000044,1.0179225016668347,59.63930299982153,80850.3
1678,860.0,1478858,0.050000000000000044,1.0217995919125737,60.04694333150291,80951.1
1679,800.0,1480109,0.050000000000000044,1.0276171119807722,60.11992490663231,81028.8
1680,960.0,1481790,0.050000000000000044,1.0214111972234563,59.963201160873425,81131.6
1681,1200.0,1483597,0.050000000000000044,1.0068718037126339,59.60661034090584,81242.0
1682,880.0,1485204,0.050000000000000044,1.0046092097849748,59.44165128792156,81340.7
1683,440.0,1486299,0.050000000000000044,1.0155672599191534,59.43084970761652,81406.9
1684,780.0,1487526,0.050000000000000044,1.0124725816010847,59.58748002429269,81481.2
1685,880.0,1489157,0.050000000000000044,1.020028638298858,59.70004513364566,81588.9
1686,740.0,1490366,0.050000000000000044,1.0102806947539915,59.61416862304789,81661.9
1687,840.0,1491740,0.050000000000000044,1.0050082634239739,59.764749651913036,81748.4
1688,1180.0,1493707,0.050000000000000044,0.9977335096708578,59.66336937125225,81874.6
1689,780.0,1495209,0.050000000000000044,0.9834221033813474,59.44928173822029,81970.3
1690,600.0,1496592,0.050000000000000044,1.0174366496476417,59.86263785427753,82060.5
1691,600.0,1497551,0.050000000000000044,1.0146901282764451,60.27214647756503,82119.5
1692,840.0,1499094,0.050000000000000044,1.0257106532118805,60.296854148958694,82214.7
1693,700.0,1500489,0.050000000000000044,1.0323114529305462,60.32467464597422,82298.7
1694,640.0,1501502,0.050000000000000044,1.021904272099944,60.648935301047324,82359.2
1695,580.0,1502483,0.050000000000000044,1.070238869398012,61.18828027863265,82419.9
1696,640.0,1503614,0.050000000000000044,1.037791863307818,61.24977580643038,82489.3
1697,460.0,1504427,0.050000000000000044,1.0454069191972561,61.62544185736962,82538.2
1698,740.0,1505517,0.050000000000000044,1.041405259113793,61.8342784916589,82605.0
1699,400.0,1506339,0.050000000000000044,1.0148490909532328,61.84994933320948,82661.0
1700,920.0,1508067,0.050000000000000044,1.044440786699178,62.151175989045036,82769.3
1701,700.0,1509293,0.050000000000000044,1.0424964117527398,62.07196317489151,82843.1
1702,740.0,1510756,0.050000000000000044,1.0432967126613926,62.443967022638326,82933.1
1703,920.0,1512251,0.050000000000000044,1.0558915216587859,62.82888190993497,83026.5
1704,960.0,1513691,0.050000000000000044,1.0686478491458629,63.27043055428399,83118.4
1705,260.0,1514319,0.050000000000000044,1.0445205627638063,63.34883159588856,83157.5
1706,560.0,1515387,0.050000000000000044,1.0515890129552352,63.49087798015009,83226.3
1707,740.0,1516530,0.050000000000000044,1.0412294549944103,63.50197786546442,83307.0
1708,500.0,1517500,0.050000000000000044,1.0701266127456095,63.26081245265056,83373.1
1709,760.0,1518675,0.050000000000000044,1.0940787016838154,63.531221313476564,83446.0
1710,340.0,1519467,0.050000000000000044,1.0653285905718803,63.853600733207934,83495.4
1711,1200.0,1521496,0.050000000000000044,1.0668669407696134,63.86816040573007,83629.1
1712,740.0,1522721,0.050000000000000044,1.0727946057125013,63.970130465760526,83704.8
1713,560.0,1523800,0.050000000000000044,1.0857807592565645,64.00588285006009,83772.4
1714,1020.0,1525320,0.050000000000000044,1.0810253062040398,63.784779320265116,83867.0
1715,580.0,1526462,0.050000000000000044,1.0768219848700038,63.98219382491504,83938.5
1716,860.0,1527899,0.050000000000000044,1.0566627091845457,64.39102511581814,84033.3
1717,680.0,1529044,0.050000000000000044,1.0402011079038596,64.4036674566144,84111.5
1718,740.0,1530523,0.050000000000000044,1.0528007098716041,64.38353556954756,84209.3
1719,700.0,1531731,0.050000000000000044,1.0840471148096174,64.7509759814534,84288.3
1720,960.0,1533506,0.050000000000000044,1.0696564938148982,64.90865934559997,84405.5
1721,860.0,1534897,0.050000000000000044,1.0625777668463592,65.11618912708494,84509.5
1722,320.0,1535706,0.050000000000000044,1.081316236254606,65.07694618781505,84564.1
1723,700.0,1536882,0.050000000000000044,1.0858768329885946,65.24776804852648,84643.0
1724,900.0,1538145,0.050000000000000044,1.0787286106216842,65.1229464907733,84727.0
1725,940.0,1539822,0.050000000000000044,1.078903915701555,65.24120524388805,84832.5
1726,640.0,1540971,0.050000000000000044,1.058676645730349,65.5856489043738,84912.4
1727,1060.0,1542692,0.050000000000000044,1.0590651996048435,65.2098730819853,85025.3
1728,1200.0,1544318,0.050000000000000044,1.029415942865984,64.90079042216509,85123.7
1729,680.0,1545533,0.050000000000000044,1.051060261476187,64.64801752851824,85196.6
1730,720.0,1546781,0.050000000000000044,1.0383689941790624,64.8087379076542,85275.0
1731,1060.0,1548606,0.050000000000000044,1.0421989922654138,65.04179546408457,85394.6
1732,1380.0,1550409,0.050000000000000044,1.0516605690923322,65.3342029531334,85509.2
1733,720.0,1551841,0.050000000000000044,1.0635608703980233,65.16072218644553,85601.6
1734,760.0,1553084,0.050000000000000044,1.0585713347694323,65.30538188538432,85684.1
1735,660.0,1554221,0.050000000000000044,1.0700372404819427,65.23388184385543,85764.1
1736,740.0,1555399,0.050000000000000044,1.0752908037706628,64.92320199976146,85855.8
1737,980.0,1556857,0.050000000000000044,1.075585926316975,65.18768630008148,85962.8
1738,700.0,1558089,0.050000000000000044,1.0893687909444818,65.50098989226602,86040.2
1739,860.0,1559471,0.050000000000000044,1.0941525002464372,65.54744749993905,86125.6
1740,720.0,1560744,0.050000000000000044,1.0761160694138796,65.47011472068242,86202.3
1741,1040.0,1562383,0.050000000000000044,1.0725155306560663,65.70076677695944,86303.8
1742,560.0,1563487,0.050000000000000044,1.0714383378786885,65.95026944685674,86371.4
1743,860.0,1564851,0.050000000000000044,1.0630879260577764,65.96918071120366,86455.7
1744,960.0,1566193,0.050000000000000044,1.070875685190124,65.92090216123579,86537.1
1745,720.0,1567472,0.050000000000000044,1.0636040392893193,65.92149008243135,86615.4
1746,960.0,1568971,0.050000000000000044,1.1053530071638997,66.12530823211975,86707.8
1747,420.0,1569823,0.050000000000000044,1.0780202526022011,65.46560366276844,86758.9
1748,980.0,1571262,0.050000000000000044,1.0886940036365107,65.74623573679655,86847.6
1749,980.0,1572884,0.050000000000000044,1.0989592120914953,65.92043804446219,86954.6
1750,1220.0,1574768,0.050000000000000044,1.1087243302296175,65.80639733073565,87076.2
1751,860.0,1576119,0.050000000000000044,1.1169444434206897,65.91177379740864,87163.4
1752,800.0,1577362,0.050000000000000044,1.1301896665619922,66.1692566998237,87243.4
1753,1240.0,1579465,0.050000000000000044,1.1277889989978973,65.97894441474918,87380.5
1754,1000.0,1581161,0.050000000000000044,1.1297021798156905,66.07368340132372,87487.4
1755,1140.0,1582877,0.050000000000000044,1.1091506998369467,66.2946245397999,87602.9
1756,680.0,1584041,0.050000000000000044,1.1082795349132155,65.5265996218547,87685.0
1757,1340.0,1586256,0.050000000000000044,1.095557267200328,65.8372876789446,87844.3
1758,560.0,1587312,0.050000000000000044,1.1185327551581643,65.98778934189768,87921.3
1759,800.0,1588561,0.050000000000000044,1.130007798142964,65.7036036544079,88004.5
1760,1120.0,1590280,0.050000000000000044,1.1482285512887578,65.77844938862941,88118.2
1761,1060.0,1591959,0.050000000000000044,1.1676947146636378,65.6762181543892,88228.7
1762,500.0,1592893,0.050000000000000044,1.1682271212339401,65.60040395928654,88289.3
1763,680.0,1594014,0.050000000000000044,1.1257381399862474,65.37818889975229,88359.6
1764,660.0,1594932,0.050000000000000044,1.1291521228606405,65.49532214644688,88415.3
1765,640.0,1596145,0.050000000000000044,1.154994678123864,65.59163647531382,88494.1
1766,380.0,1596906,0.050000000000000044,1.1219094463975294,65.72207342340818,88542.8
1767,720.0,1598057,0.050000000000000044,1.116076267899688,65.48508821913308,88624.0
1768,700.0,1599470,0.050000000000000044,1.1143103598789046,65.51561050523027,88713.8
1769,1180.0,1601381,0.050000000000000044,1.1324721493844523,65.93160428656513,88830.6
1770,900.0,1602687,0.050000000000000044,1.1602581906236513,65.99913718908523,88912.9
1771,1380.0,1604719,0.050000000000000044,1.1317573107016368,65.69119536407351,89039.0
1772,700.0,1605878,0.050000000000000044,1.1375650445174512,65.53818453705651,89111.0
1773,1280.0,1607871,0.050000000000000044,1.141683236818725,65.41569819357069,89235.6
1774,680.0,1609087,0.050000000000000044,1.1422076722557999,66.27006754122283,89311.6
1775,1240.0,1610856,0.050000000000000044,1.1541885698394225,65.99406918083092,89421.9
1776,840.0,1612326,0.050000000000000044,1.1413656686844469,66.02460641406832,89513.5
1777,960.0,1613765,0.050000000000000044,1.1136829016356107,65.99544744113818,89608.4
1778,940.0,1615060,0.050000000000000044,1.1166556992125787,66.32482996465616,89698.0
1779,240.0,1615642,0.050000000000000044,1.1487361737030888,65.96792974832542,89735.1
1780,1240.0,1617345,0.050000000000000044,1.1468987613653898,66.48722116959775,89842.3
1781,1180.0,1618985,0.050000000000000044,1.168269050557439,66.84759407043457,89954.8
1782,820.0,1620138,0.050000000000000044,1.1611026178363708,66.62480042152372,90032.2
1783,440.0,1620898,0.050000000000000044,1.1910835031223925,66.80022009799355,90083.8
1784,940.0,1622252,0.050000000000000044,1.1685685083336104,66.84760337108347,90172.6
1785,1300.0,1624019,0.050000000000000044,1.1731148353052059,66.92716184226416,90290.1
1786,560.0,1625066,0.050000000000000044,1.1604878398044518,67.20522510925701,90355.9
1787,800.0,1626232,0.050000000000000044,1.1503022328709247,66.93969669636486,90428.4
1788,1000.0,1627769,0.050000000000000044,1.190948353410155,67.14574169786859,90522.3
1789,720.0,1628807,0.050000000000000044,1.1724801986318563,67.30146850924042,90584.5
1790,560.0,1629830,0.050000000000000044,1.1333006615163295,67.62465095333573,90646.0
1791,640.0,1630872,0.050000000000000044,1.157661007484868,67.64638325257403,90708.9
1792,1480.0,1633131,0.050000000000000044,1.163083729410446,67.73822462395157,90846.9
1793,960.0,1634424,0.050000000000000044,1.139292732975968,68.33502409094909,90926.2
1794,1140.0,1636031,0.050000000000000044,1.1750181610530848,68.01618123840825,91025.6
1795,620.0,1637175,0.050000000000000044,1.1338545952539343,68.12585624614796,91103.4
1796,1320.0,1638888,0.050000000000000044,1.199867163686396,68.18317172155697,91210.2
1797,880.0,1640461,0.050000000000000044,1.1910144790334454,68.59415486960826,91305.3
1798,760.0,1641727,0.050000000000000044,1.1788916063110975,68.52635337504165,91382.5
1799,1340.0,1643569,0.050000000000000044,1.164537502373857,68.71083220441488,91495.3
1800,920.0,1644903,0.050000000000000044,1.1706551034589936,68.80257141536501,91577.0
1801,860.0,1646328,0.050000000000000044,1.1676087064701215,68.4898380159077,91664.9
1802,780.0,1647508,0.050000000000000044,1.1771484528052605,68.09022073584087,91738.1
1803,580.0,1648648,0.050000000000000044,1.1560404185924613,68.64475267644514,91807.5
1804,760.0,1649845,0.050000000000000044,1.150857199727244,68.74490364412516,91879.7
1805,760.0,1650976,0.050000000000000044,1.1453343663829074,68.62123028985386,91949.1
1806,960.0,1652418,0.050000000000000044,1.1491384874724482,68.880587513007,92038.0
1807,1500.0,1654521,0.050000000000000044,1.18267222285214,68.75325006583844,92168.2
1808,1580.0,1656655,0.050000000000000044,1.1599518779906137,68.53777421559813,92273.8
1809,1200.0,1658254,0.050000000000000044,1.1579807291484163,68.48325907103042,92345.0
1810,1080.0,1659967,0.050000000000000044,1.1335983575434276,68.4421638203725,92420.6
1811,1760.0,1662022,0.050000000000000044,1.1605502347876555,68.81111342158631,92512.0
1812,1520.0,1664293,0.050000000000000044,1.1686995999501277,68.60611304917666,92611.1
1813,880.0,1665610,0.050000000000000044,1.1595463769265713,68.33436847764973,92670.2
1814,1140.0,1667409,0.050000000000000044,1.174278578057827,68.67276953272584,92750.1
1815,960.0,1668912,0.050000000000000044,1.1861166144638797,68.98819107796776,92815.6
1816,740.0,1670154,0.050000000000000044,1.174964848683844,69.09864429652019,92869.9
1817,600.0,1671410,0.050000000000000044,1.1635976851128849,69.34996559361743,92924.9
1818,560.0,1672506,0.050000000000000044,1.2014929708229365,69.60694228471631,92972.9
1819,1360.0,1674681,0.050000000000000044,1.2093092959913714,70.05817965628087,93067.3
1820,640.0,1675781,0.050000000000000044,1.18826865142042,69.90387207724831,93114.9
1821,900.0,1677274,0.050000000000000044,1.1836933441315414,70.1055373225688,93179.8
1822,840.0,1678547,0.050000000000000044,1.1910238849161556,69.58244163111637,93234.1
1823,860.0,1679951,0.050000000000000044,1.1608259307480606,69.64196660783556,93297.2
1824,1100.0,1681489,0.050000000000000044,1.1873299214015236,70.0041299901796,93363.8
1825,1040.0,1682866,0.050000000000000044,1.1923940207487271,70.54532150401529,93424.7
1826,920.0,1684334,0.050000000000000044,1.2293620750470446,71.03920698815536,93490.2
1827,1040.0,1685952,0.050000000000000044,1.2029846111503608,71.32285902025673,93561.1
1828,1220.0,1687692,0.050000000000000044,1.2103519103479112,71.36795596199474,93636.9
1829,1000.0,1689168,0.050000000000000044,1.2222926142981383,71.04008430129467,93700.4
1830,940.0,1690536,0.050000000000000044,1.214998723819242,71.94628870556926,93760.3
1831,1100.0,1691978,0.050000000000000044,1.201038707559218,72.0239587749423,93823.2
1832,1060.0,1693437,0.050000000000000044,1.2480470871500482,71.82796661554745,93887.5
1833,900.0,1694736,0.050000000000000044,1.2136581127830797,72.1338243168808,93942.4
1834,1840.0,1697010,0.050000000000000044,1.1936679603425473,71.96728473015804,94041.7
1835,1320.0,1698785,0.050000000000000044,1.2302981474701788,72.10679013319418,94118.7
1836,1260.0,1700505,0.050000000000000044,1.2457330551431622,72.05449139351069,94193.5
1837,680.0,1701649,0.050000000000000044,1.2383079234693017,71.87761700903619,94241.8
1838,200.0,1702212,0.050000000000000044,1.2337024366982665,71.49733639271602,94265.6
1839,780.0,1703325,0.050000000000000044,1.2043673699221307,71.64463449017164,94313.2
1840,1320.0,1705042,0.050000000000000044,1.207206676692968,71.63180084095212,94386.6
1841,920.0,1706276,0.050000000000000044,1.193336551613514,71.45702731164967,94440.1
1842,1120.0,1707955,0.050000000000000044,1.2030341329675405,71.55224047053635,94512.6
1843,1640.0,1710005,0.050000000000000044,1.2041372921990185,71.90875024935094,94598.7
1844,1020.0,1711452,0.050000000000000044,1.2225252905424167,71.72911289797706,94659.4
1845,1100.0,1712748,0.050000000000000044,1.1839345772003318,71.74290767422428,94714.2
1846,540.0,1713827,0.050000000000000044,1.2013914937272572,71.73210975569194,94760.7
1847,1420.0,1715657,0.050000000000000044,1.2031877013177819,72.03658789337659,94839.0
1848,940.0,1716941,0.050000000000000044,1.1895886610415867,71.72977015831017,94893.5
1849,1100.0,1718497,0.050000000000000044,1.192418376821785,71.8946827273136,94960.6
1850,1040.0,1719941,0.050000000000000044,1.1843397838587246,72.18867434028773,95022.3
1851,1080.0,1721570,0.050000000000000044,1.185736626807424,72.30148726873708,95092.6
1852,680.0,1722873,0.050000000000000044,1.191295931385923,72.11219449456802,95154.5
1853,980.0,1724454,0.050000000000000044,1.197916403422244,72.51815614694286,95266.0
1854,1320.0,1726171,0.050000000000000044,1.2179467206995502,72.45998688499526,95388.3
1855,740.0,1727184,0.050000000000000044,1.210702948309003,72.8432155432141,95461.7
1856,1140.0,1728653,0.050000000000000044,1.2105420184143552,72.90313845609141,95563.0
1857,980.0,1729929,0.050000000000000044,1.1825531214288783,72.58302664980992,95647.9
1858,580.0,1730827,0.050000000000000044,1.2311235220235812,72.95338589895542,95707.5
1859,1500.0,1732715,0.050000000000000044,1.216163631528616,72.3766782303988,95835.3
1860,1100.0,1734320,0.050000000000000044,1.247411541274032,72.23308475054685,95948.7
1861,700.0,1735382,0.050000000000000044,1.2463568453229754,72.32253023639686,96033.9
1862,720.0,1736557,0.050000000000000044,1.242653087783367,72.4162379682825,96121.0
1863,1400.0,1738292,0.050000000000000044,1.240859444787248,72.61500522712466,96241.4
1864,1080.0,1739748,0.050000000000000044,1.2358664429367898,72.65451767942407,96342.1
1865,1180.0,1741440,0.050000000000000044,1.2538397386670113,72.99640607721135,96455.9
1866,1440.0,1743558,0.050000000000000044,1.2461617491907169,73.42566190652964,96597.6
1867,1280.0,1745295,0.050000000000000044,1.251805127507733,73.58717948812551,96705.9
1868,1440.0,1747251,0.050000000000000044,1.245126912915024,73.78955796988707,96827.1
1869,1400.0,1749089,0.050000000000000044,1.2596608549518606,73.9154789834339,96940.1
1870,1300.0,1750872,0.050000000000000044,1.2483242792623201,73.92228321325759,97046.5
1871,680.0,1751785,0.050000000000000044,1.2358084846887767,74.57696520250703,97100.5
1872,1260.0,1753366,0.050000000000000044,1.2627532432947937,74.58649403079261,97195.8
1873,1360.0,1755189,0.050000000000000044,1.2179972159784047,74.78165811192382,97303.1
1874,1540.0,1757204,0.050000000000000044,1.231834037383792,74.96894465936325,97423.1
1875,1520.0,1759227,0.050000000000000044,1.2722291704368545,75.01661289156633,97550.1
1876,1000.0,1760680,0.050000000000000044,1.247067049689237,75.15495533953022,97639.0
1877,1380.0,1762503,0.050000000000000044,1.237981064987915,75.11060213558764,97748.6
1878,1040.0,1763996,0.050000000000000044,1.258438774087009,74.80363917877749,97837.6
1879,780.0,1765241,0.050000000000000044,1.217835085985651,75.04028696267001,97912.9
1880,1300.0,1766785,0.050000000000000044,1.2233497125574344,75.65707774236412,98004.9
1881,980.0,1768160,0.050000000000000044,1.2280066302689638,75.8427416381836,98087.9
1882,540.0,1769118,0.050000000000000044,1.1838231975512117,76.09598745931414,98144.9
1883,880.0,1770298,0.050000000000000044,1.213984354067657,75.81989231756178,98216.7
1884,740.0,1771469,0.050000000000000044,1.2234057158766192,75.88356640927309,98287.5
1885,1020.0,1773041,0.050000000000000044,1.2573454394443648,76.1695664942113,98382.2
1886,900.0,1774532,0.050000000000000044,1.2628630037918578,75.87229277766207,98472.2
1887,540.0,1775411,0.050000000000000044,1.2297355360748825,75.71030978917804,98525.6
1888,960.0,1776868,0.050000000000000044,1.203581122539595,75.9454803074069,98613.0
1889,840.0,1778230,0.050000000000000044,1.2270031719743417,75.47430682357363,98695.4
1890,900.0,1779805,0.050000000000000044,1.2495047972694275,75.39067113482763,98788.2
1891,1040.0,1781349,0.050000000000000044,1.2596404544159847,75.60468601068685,98880.0
1892,680.0,1782374,0.050000000000000044,1.2334307498175923,75.86492756169017,98941.6
1893,640.0,1783384,0.050000000000000044,1.2429750258379644,76.03746687256464,99002.4
1894,340.0,1784365,0.050000000000000044,1.2647925515969594,76.18216923860479,99061.4
1895,660.0,1785478,0.050000000000000044,1.2534289794897884,75.94192431536432,99128.6
1896,540.0,1786483,0.050000000000000044,1.278535639913521,75.96471049750029,99188.4
1897,1140.0,1787935,0.050000000000000044,1.2520524954048726,76.55596604360365,99276.0
1898,1240.0,1789942,0.050000000000000044,1.2225106811873878,76.7263594809372,99395.0
1899,1380.0,1791975,0.050000000000000044,1.2459863967574176,77.03014302101266,99515.8
1900,700.0,1793326,0.050000000000000044,1.203016756707699,77.05238222846448,99595.1
1901,1680.0,1795551,0.050000000000000044,1.2509990287228916,76.41329132937314,99727.0
1902,440.0,1796392,0.050000000000000044,1.2368052861920151,75.87944609543374,99777.6
1903,860.0,1797619,0.050000000000000044,1.270925428290239,75.69061094624489,99852.2
1904,1200.0,1799239,0.050000000000000044,1.2584550432952835,74.94595777958999,99949.7
1905,1100.0,1800974,0.050000000000000044,1.2507641003179963,75.14202450139378,100052.2
1906,1060.0,1802443,0.050000000000000044,1.236202510949947,75.79286884596107,100138.3
1907,1140.0,1803916,0.050000000000000044,1.2254665406763514,76.31128297431567,100225.4
1908,1200.0,1805533,0.050000000000000044,1.2486066365212516,76.57563370779553,100322.7
1909,820.0,1806928,0.050000000000000044,1.2547932745948915,76.40187593412229,100406.4
1910,660.0,1807987,0.050000000000000044,1.2617358880238898,76.34967803594861,100469.2
1911,640.0,1809236,0.050000000000000044,1.2357501068098053,76.1451345707914,100542.2
1912,760.0,1810532,0.050000000000000044,1.2196315327590261,76.35003460778131,100617.8
1913,1000.0,1811995,0.050000000000000044,1.2115917852580018,76.620309153079,100704.6
1914,1240.0,1813756,0.050000000000000044,1.2300623750429407,76.52100068828317,100810.2
1915,1060.0,1815415,0.050000000000000044,1.2254260785972015,76.77425094797641,100910.0
1916,1360.0,1817263,0.050000000000000044,1.1969897653020563,76.56712605942896,101020.9
1917,880.0,1818622,0.050000000000000044,1.2096597119409254,75.89537607772637,101101.9
1918,200.0,1819188,0.050000000000000044,1.1880956529096665,75.66277596975804,101135.3
1919,720.0,1820451,0.050000000000000044,1.2248767729751289,75.7431157430013,101208.9
1920,960.0,1821891,0.050000000000000044,1.2166996541122594,75.95963209735022,101294.0
1921,1040.0,1823562,0.050000000000000044,1.2205703017563252,76.08933589531233,101392.3
1922,720.0,1824865,0.050000000000000044,1.2178537015355009,76.4359212540153,101468.8
1923,900.0,1826279,0.050000000000000044,1.2135917855244884,77.21452475605793,101553.3
1924,1380.0,1828152,0.050000000000000044,1.1921073381619471,77.69497476181625,101665.5
1925,1200.0,1829782,0.050000000000000044,1.2351407571072959,77.41301328974998,101765.1
1926,1180.0,1831677,0.050000000000000044,1.2240490514087174,77.56535082291173,101881.0
1927,1120.0,1833240,0.050000000000000044,1.2389814427512162,78.05745522272717,101976.8
1928,1100.0,1834894,0.050000000000000044,1.2179181555234246,78.42873658868682,102077.1
1929,1240.0,1836604,0.050000000000000044,1.2210321765719798,78.15009965506214,102178.6
1930,1120.0,1838613,0.050000000000000044,1.2117146806019108,77.77820101064376,102300.5
1931,1140.0,1840184,0.050000000000000044,1.2264681987933943,78.1366214982876,102394.1
1932,1240.0,1841815,0.050000000000000044,1.2046415426481143,78.25669557722269,102490.3
1933,1160.0,1843541,0.050000000000000044,1.2088205528425038,78.42142788035017,102593.1
1934,1280.0,1845188,0.050000000000000044,1.2504706880542533,78.58564714757182,102691.4
1935,1580.0,1847349,0.050000000000000044,1.2264529343061787,79.20815169066536,102820.4
1936,1340.0,1849132,0.050000000000000044,1.2086114962149122,79.77369380572239,102927.6
1937,580.0,1850014,0.050000000000000044,1.2405035826557078,80.0181390758004,102979.9
1938,900.0,1851457,0.050000000000000044,1.1939009690111244,79.92450815096385,103065.4
1939,1180.0,1852990,0.050000000000000044,1.2042466039876882,79.79147278150545,103157.1
1940,1420.0,1854760,0.050000000000000044,1.2045914083045755,79.78922276038908,103262.5
1941,920.0,1856244,0.050000000000000044,1.221017181431508,79.76580983801993,103351.0
1942,1120.0,1857739,0.050000000000000044,1.2230755052638294,79.76987231710683,103441.0
1943,1320.0,1859358,0.050000000000000044,1.2274627032436067,79.27721807469256,103538.5
1944,940.0,1860904,0.050000000000000044,1.2366988930904232,79.30908212007866,103630.6
1945,920.0,1862266,0.050000000000000044,1.238214629862277,79.31150566358748,103711.4
1946,1060.0,1863713,0.050000000000000044,1.2247348053750287,79.40036165755455,103798.9
1947,920.0,1865006,0.050000000000000044,1.211462488814278,79.45720554596679,103876.2
1948,240.0,1865705,0.050000000000000044,1.2495743555146055,79.86047330537068,103918.3
1949,1000.0,1867089,0.050000000000000044,1.2249133969963975,80.06718558383126,103996.0
1950,1300.0,1868919,0.050000000000000044,1.2502208454687087,80.35950215240645,104080.5
1951,880.0,1870184,0.050000000000000044,1.2424691106019754,80.60796005791826,104136.2
1952,1420.0,1871979,0.050000000000000044,1.248752473373599,80.65144351119783,104210.7
1953,880.0,1873383,0.050000000000000044,1.2294820312124033,80.87129419549578,104266.6
1954,1600.0,1875541,0.050000000000000044,1.258906793563978,80.8993155379556,104353.8
1955,1180.0,1877036,0.050000000000000044,1.2711803616488657,80.64031691535261,104413.9
1956,860.0,1878238,0.050000000000000044,1.2487469833970268,80.83005600483366,104461.3
1957,980.0,1879550,0.050000000000000044,1.2383258841568376,80.99642233150762,104513.3
1958,920.0,1880742,0.050000000000000044,1.2727985682603498,80.70227918688883,104561.2
1959,1340.0,1882605,0.050000000000000044,1.270521894329284,80.71345215744698,104636.4
1960,1460.0,1884500,0.050000000000000044,1.2382671915918668,81.02687954462299,104716.0
1961,980.0,1886048,0.050000000000000044,1.247972386578719,81.08507178550543,104779.0
1962,1120.0,1887479,0.050000000000000044,1.2257804716907956,81.02384400650973,104837.1
1963,1740.0,1889742,0.050000000000000044,1.2641158771104009,81.24374384254257,104930.4
1964,1500.0,1891755,0.050000000000000044,1.2695946148599018,81.26676342846207,105012.9
1965,460.0,1892523,0.050000000000000044,1.2422123292538647,81.36237919330597,105043.4
1966,840.0,1893657,0.050000000000000044,1.2555749990059164,81.09502180123035,105089.1
1967,1140.0,1895134,0.050000000000000044,1.269548767026244,81.01561608956969,105148.9
1968,1020.0,1896718,0.050000000000000044,1.246052325204617,80.82298718076764,105212.2
1969,980.0,1898160,0.050000000000000044,1.229081691902818,80.96458469449068,105270.6
1970,1420.0,1899926,0.050000000000000044,1.2407145833138837,81.22145684092123,105342.3
1971,1440.0,1901845,0.050000000000000044,1.2459177314427572,81.75074114459079,105421.2
1972,1040.0,1903410,0.050000000000000044,1.2698878965438745,82.1105046086418,105486.1
1973,1280.0,1904974,0.050000000000000044,1.2624393295677727,81.66974783797399,105549.1
1974,1420.0,1906717,0.050000000000000044,1.2843225436927392,81.48508347004088,105618.3
1975,1080.0,1908275,0.050000000000000044,1.2574772038072615,81.51302891977332,105681.7
1976,340.0,1909020,0.050000000000000044,1.2791907008062273,81.36223256155948,105711.9
1977,980.0,1910377,0.050000000000000044,1.2680210667932041,81.72101089263893,105766.6
1978,1440.0,1912248,0.050000000000000044,1.2821963719191365,81.78814729479531,105842.2
1979,880.0,1913629,0.050000000000000044,1.3110041245008879,81.71841172115428,105899.8
1980,840.0,1914862,0.050000000000000044,1.27780785054476,81.77784320617825,105949.5
1981,1140.0,1916632,0.050000000000000044,1.2987046040552483,81.97502941411767,106021.7
1982,1260.0,1918308,0.050000000000000044,1.285638218527762,82.06979787548858,106088.4
1983,740.0,1919417,0.050000000000000044,1.2927574984010433,81.73288652507757,106133.1
1984,1580.0,1921330,0.050000000000000044,1.287699926338829,82.31948256704487,106209.1
1985,420.0,1922161,0.050000000000000044,1.2554525148065225,82.40971105509,106242.1
1986,1260.0,1923913,0.050000000000000044,1.297314902435835,82.40064452010202,106311.1
1987,1360.0,1925619,0.050000000000000044,1.3000981019851332,82.58848870066099,106380.2
1988,1040.0,1927011,0.050000000000000044,1.311918250349318,82.35172534262998,106436.8
1989,1040.0,1928620,0.050000000000000044,1.316134196138293,82.58282214177181,106503.6
1990,860.0,1929809,0.050000000000000044,1.3224696158811362,83.04489865956735,106553.9
1991,1500.0,1931830,0.050000000000000044,1.3220125195090573,83.32379641148314,106636.7
1992,1140.0,1933446,0.050000000000000044,1.3170319147002283,82.8193716719599,106700.7
1993,1080.0,1934877,0.050000000000000044,1.2948666154755153,82.55360441920976,106757.3
1994,480.0,1935703,0.050000000000000044,1.335376627580883,82.72990012919354,106789.9
1995,1060.0,1937462,0.050000000000000044,1.3194632294030268,82.33942514390279,106859.9
1996,1540.0,1939685,0.050000000000000044,1.3267597818074333,82.67133270895165,106949.0
1997,1200.0,1941340,0.050000000000000044,1.3312985158218718,82.7427088665458,107016.3
1998,820.0,1942691,0.050000000000000044,1.3230223468415918,82.82264393793045,107072.3
1999,800.0,1944133,0.050000000000000044,1.3376496530521593,82.63872881504435,107130.3
2000,2240.0,1946726,0.050000000000000044,1.3204215790514684,82.85037338545182,107233.1
